Start (ns),End (ns),Duration (ns),DurChild (ns),DurNonChild (ns),Name,PID,TID,Lvl,NumChild,RangeId,ParentId,RangeStack,NameTree
380517723,383681177,3163454,0,3163454,:Phase.warmup,2569165,2569165,0,0,1,,:1,:Phase.warmup
380539248,381976640,1437392,1173619,263773,:Task.execute,2569165,2569201,0,9,2,,:2,:Task.execute
380585811,382271361,1685550,1206556,478994,:Task.execute,2569165,2569198,0,9,3,,:3,:Task.execute
380617309,382063462,1446153,763175,682978,:Task.execute,2569165,2569199,0,9,4,,:4,:Task.execute
380620454,382160056,1539602,622846,916756,:Task.execute,2569165,2569200,0,9,5,,:5,:Task.execute
380755964,380759237,3273,0,3273,:Cache.getCacheData,2569165,2569201,1,0,6,2,:2:6,--:Cache.getCacheData
380759599,381392275,632676,0,632676,:Frame.H2D.submit_with_staging,2569165,2569201,1,0,7,2,:2:7,--:Frame.H2D.submit_with_staging
381001245,381002341,1096,0,1096,:Cache.getCacheData,2569165,2569198,1,0,8,3,:3:8,--:Cache.getCacheData
381002532,381394665,392133,0,392133,:Frame.H2D.submit_with_staging,2569165,2569198,1,0,9,3,:3:9,--:Frame.H2D.submit_with_staging
381231335,381232268,933,0,933,:Cache.getCacheData,2569165,2569199,1,0,10,4,:4:10,--:Cache.getCacheData
381232470,381446822,214352,0,214352,:Frame.H2D.submit_with_staging,2569165,2569199,1,0,11,4,:4:11,--:Frame.H2D.submit_with_staging
381392774,381547522,154748,0,154748,:Cel.kernels.submit,2569165,2569201,1,0,12,2,:2:12,--:Cel.kernels.submit
381394904,381640511,245607,0,245607,:Cel.kernels.submit,2569165,2569198,1,0,13,3,:3:13,--:Cel.kernels.submit
381447322,381641318,193996,0,193996,:Cel.kernels.submit,2569165,2569199,1,0,14,4,:4:14,--:Cel.kernels.submit
381470732,381471483,751,0,751,:Cache.getCacheData,2569165,2569200,1,0,15,5,:5:15,--:Cache.getCacheData
381471676,381621156,149480,0,149480,:Frame.H2D.submit_with_staging,2569165,2569200,1,0,16,5,:5:16,--:Frame.H2D.submit_with_staging
381548034,381711294,163260,0,163260,:Sdd.kernels.submit,2569165,2569201,1,0,17,2,:2:17,--:Sdd.kernels.submit
381622131,381638842,16711,0,16711,:Cel.kernels.submit,2569165,2569200,1,0,18,5,:5:18,--:Cel.kernels.submit
381639204,381755018,115814,0,115814,:Sdd.kernels.submit,2569165,2569200,1,0,19,5,:5:19,--:Sdd.kernels.submit
381641169,381744703,103534,0,103534,:Sdd.kernels.submit,2569165,2569198,1,0,20,3,:3:20,--:Sdd.kernels.submit
381641721,381758175,116454,0,116454,:Sdd.kernels.submit,2569165,2569199,1,0,21,4,:4:21,--:Sdd.kernels.submit
381711641,381849143,137502,0,137502,:Mi.kernels.submit,2569165,2569201,1,0,22,2,:2:22,--:Mi.kernels.submit
381745007,381909456,164449,0,164449,:Mi.kernels.submit,2569165,2569198,1,0,23,3,:3:23,--:Mi.kernels.submit
381755937,381906131,150194,0,150194,:Mi.kernels.submit,2569165,2569200,1,0,24,5,:5:24,--:Mi.kernels.submit
381758447,381895584,137137,0,137137,:Mi.kernels.submit,2569165,2569199,1,0,25,4,:4:25,--:Mi.kernels.submit
381849410,381855517,6107,0,6107,:Cel.D2H.submit,2569165,2569201,1,0,26,2,:2:26,--:Cel.D2H.submit
381855744,381858504,2760,0,2760,:Sdd.D2H.submit,2569165,2569201,1,0,27,2,:2:27,--:Sdd.D2H.submit
381858670,381860721,2051,0,2051,:Mi.D2H.submit,2569165,2569201,1,0,28,2,:2:28,--:Mi.D2H.submit
381860860,381932102,71242,70716,526,:Cache.freeCacheData,2569165,2569201,1,2,29,2,:2:29,--:Cache.freeCacheData
381861071,381931215,70144,0,70144,:Cache.stream_sync,2569165,2569201,2,0,30,29,:2:29:30,----:Cache.stream_sync
381895868,381904720,8852,0,8852,:Cel.D2H.submit,2569165,2569199,1,0,31,4,:4:31,--:Cel.D2H.submit
381904986,381907833,2847,0,2847,:Sdd.D2H.submit,2569165,2569199,1,0,32,4,:4:32,--:Sdd.D2H.submit
381907019,381921664,14645,0,14645,:Cel.D2H.submit,2569165,2569200,1,0,33,5,:5:33,--:Cel.D2H.submit
381908059,381910446,2387,0,2387,:Mi.D2H.submit,2569165,2569199,1,0,34,4,:4:34,--:Mi.D2H.submit
381909672,381923048,13376,0,13376,:Cel.D2H.submit,2569165,2569198,1,0,35,3,:3:35,--:Cel.D2H.submit
381914261,382000478,86217,85790,427,:Cache.freeCacheData,2569165,2569199,1,2,36,4,:4:36,--:Cache.freeCacheData
381914439,381999445,85006,0,85006,:Cache.stream_sync,2569165,2569199,2,0,37,36,:4:36:37,----:Cache.stream_sync
381921861,381924809,2948,0,2948,:Sdd.D2H.submit,2569165,2569200,1,0,38,5,:5:38,--:Sdd.D2H.submit
381923259,381927787,4528,0,4528,:Sdd.D2H.submit,2569165,2569198,1,0,39,3,:3:39,--:Sdd.D2H.submit
381925029,381927577,2548,0,2548,:Mi.D2H.submit,2569165,2569200,1,0,40,5,:5:40,--:Mi.D2H.submit
381927731,382097486,169755,169336,419,:Cache.freeCacheData,2569165,2569200,1,2,41,5,:5:41,--:Cache.freeCacheData
381927918,382096553,168635,0,168635,:Cache.stream_sync,2569165,2569200,2,0,42,41,:5:41:42,----:Cache.stream_sync
381927986,381930757,2771,0,2771,:Mi.D2H.submit,2569165,2569198,1,0,43,3,:3:43,--:Mi.D2H.submit
381930909,382209971,279062,278652,410,:Cache.freeCacheData,2569165,2569198,1,2,44,3,:3:44,--:Cache.freeCacheData
381931108,382209079,277971,0,277971,:Cache.stream_sync,2569165,2569198,2,0,45,44,:3:44:45,----:Cache.stream_sync
381931442,381932014,572,0,572,:Cache.publish_release,2569165,2569201,2,0,46,29,:2:29:46,----:Cache.publish_release
381977576,382366930,389354,324996,64358,:Task.execute,2569165,2569201,0,9,47,,:47,:Task.execute
381978870,381979649,779,0,779,:Cache.getCacheData,2569165,2569201,1,0,48,47,:47:48,--:Cache.getCacheData
381979905,382026873,46968,0,46968,:Frame.H2D.submit_with_staging,2569165,2569201,1,0,49,47,:47:49,--:Frame.H2D.submit_with_staging
381999601,382000385,784,0,784,:Cache.publish_release,2569165,2569199,2,0,50,36,:4:36:50,----:Cache.publish_release
382027072,382034544,7472,0,7472,:Cel.kernels.submit,2569165,2569201,1,0,51,47,:47:51,--:Cel.kernels.submit
382034764,382039012,4248,0,4248,:Sdd.kernels.submit,2569165,2569201,1,0,52,47,:47:52,--:Sdd.kernels.submit
382039461,382043564,4103,0,4103,:Mi.kernels.submit,2569165,2569201,1,0,53,47,:47:53,--:Mi.kernels.submit
382043740,382048192,4452,0,4452,:Cel.D2H.submit,2569165,2569201,1,0,54,47,:47:54,--:Cel.D2H.submit
382048639,382051676,3037,0,3037,:Sdd.D2H.submit,2569165,2569201,1,0,55,47,:47:55,--:Sdd.D2H.submit
382051811,382054495,2684,0,2684,:Mi.D2H.submit,2569165,2569201,1,0,56,47,:47:56,--:Mi.D2H.submit
382054735,382305988,251253,250926,327,:Cache.freeCacheData,2569165,2569201,1,2,57,47,:47:57,--:Cache.freeCacheData
382054888,382305437,250549,0,250549,:Cache.stream_sync,2569165,2569201,2,0,58,57,:47:57:58,----:Cache.stream_sync
382064082,382474555,410473,346788,63685,:Task.execute,2569165,2569199,0,9,59,,:59,:Task.execute
382065464,382066186,722,0,722,:Cache.getCacheData,2569165,2569199,1,0,60,59,:59:60,--:Cache.getCacheData
382066328,382121541,55213,0,55213,:Frame.H2D.submit_with_staging,2569165,2569199,1,0,61,59,:59:61,--:Frame.H2D.submit_with_staging
382096689,382097390,701,0,701,:Cache.publish_release,2569165,2569200,2,0,62,41,:5:41:62,----:Cache.publish_release
382121657,382126986,5329,0,5329,:Cel.kernels.submit,2569165,2569199,1,0,63,59,:59:63,--:Cel.kernels.submit
382127120,382130298,3178,0,3178,:Sdd.kernels.submit,2569165,2569199,1,0,64,59,:59:64,--:Sdd.kernels.submit
382130492,382133309,2817,0,2817,:Mi.kernels.submit,2569165,2569199,1,0,65,59,:59:65,--:Mi.kernels.submit
382133545,382136276,2731,0,2731,:Cel.D2H.submit,2569165,2569199,1,0,66,59,:59:66,--:Cel.D2H.submit
382136508,382139790,3282,0,3282,:Sdd.D2H.submit,2569165,2569199,1,0,67,59,:59:67,--:Sdd.D2H.submit
382139956,382145913,5957,0,5957,:Mi.D2H.submit,2569165,2569199,1,0,68,59,:59:68,--:Mi.D2H.submit
382146414,382413973,267559,267086,473,:Cache.freeCacheData,2569165,2569199,1,2,69,59,:59:69,--:Cache.freeCacheData
382146643,382413347,266704,0,266704,:Cache.stream_sync,2569165,2569199,2,0,70,69,:59:69:70,----:Cache.stream_sync
382160701,382556574,395873,341482,54391,:Task.execute,2569165,2569200,0,9,71,,:71,:Task.execute
382162033,382162711,678,0,678,:Cache.getCacheData,2569165,2569200,1,0,72,71,:71:72,--:Cache.getCacheData
382162851,382214687,51836,0,51836,:Frame.H2D.submit_with_staging,2569165,2569200,1,0,73,71,:71:73,--:Frame.H2D.submit_with_staging
382209206,382209887,681,0,681,:Cache.publish_release,2569165,2569198,2,0,74,44,:3:44:74,----:Cache.publish_release
382214871,382221516,6645,0,6645,:Cel.kernels.submit,2569165,2569200,1,0,75,71,:71:75,--:Cel.kernels.submit
382221718,382225345,3627,0,3627,:Sdd.kernels.submit,2569165,2569200,1,0,76,71,:71:76,--:Sdd.kernels.submit
382225708,382229301,3593,0,3593,:Mi.kernels.submit,2569165,2569200,1,0,77,71,:71:77,--:Mi.kernels.submit
382229414,382232393,2979,0,2979,:Cel.D2H.submit,2569165,2569200,1,0,78,71,:71:78,--:Cel.D2H.submit
382232500,382234917,2417,0,2417,:Sdd.D2H.submit,2569165,2569200,1,0,79,71,:71:79,--:Sdd.D2H.submit
382235027,382242234,7207,0,7207,:Mi.D2H.submit,2569165,2569200,1,0,80,71,:71:80,--:Mi.D2H.submit
382242349,382504849,262500,262068,432,:Cache.freeCacheData,2569165,2569200,1,2,81,71,:71:81,--:Cache.freeCacheData
382242615,382504404,261789,0,261789,:Cache.stream_sync,2569165,2569200,2,0,82,81,:71:81:82,----:Cache.stream_sync
382271971,382651767,379796,324774,55022,:Task.execute,2569165,2569198,0,9,83,,:83,:Task.execute
382273429,382274168,739,0,739,:Cache.getCacheData,2569165,2569198,1,0,84,83,:83:84,--:Cache.getCacheData
382274907,382325424,50517,0,50517,:Frame.H2D.submit_with_staging,2569165,2569198,1,0,85,83,:83:85,--:Frame.H2D.submit_with_staging
382305540,382305917,377,0,377,:Cache.publish_release,2569165,2569201,2,0,86,57,:47:57:86,----:Cache.publish_release
382325581,382331443,5862,0,5862,:Cel.kernels.submit,2569165,2569198,1,0,87,83,:83:87,--:Cel.kernels.submit
382331596,382335222,3626,0,3626,:Sdd.kernels.submit,2569165,2569198,1,0,88,83,:83:88,--:Sdd.kernels.submit
382335336,382338464,3128,0,3128,:Mi.kernels.submit,2569165,2569198,1,0,89,83,:83:89,--:Mi.kernels.submit
382338720,382342165,3445,0,3445,:Cel.D2H.submit,2569165,2569198,1,0,90,83,:83:90,--:Cel.D2H.submit
382342296,382344656,2360,0,2360,:Sdd.D2H.submit,2569165,2569198,1,0,91,83,:83:91,--:Sdd.D2H.submit
382344771,382347275,2504,0,2504,:Mi.D2H.submit,2569165,2569198,1,0,92,83,:83:92,--:Mi.D2H.submit
382347494,382600087,252593,251523,1070,:Cache.freeCacheData,2569165,2569198,1,2,93,83,:83:93,--:Cache.freeCacheData
382348400,382599652,251252,0,251252,:Cache.stream_sync,2569165,2569198,2,0,94,93,:83:93:94,----:Cache.stream_sync
382367402,382742901,375499,323065,52434,:Task.execute,2569165,2569201,0,9,95,,:95,:Task.execute
382368122,382368431,309,0,309,:Cache.getCacheData,2569165,2569201,1,0,96,95,:95:96,--:Cache.getCacheData
382368506,382419311,50805,0,50805,:Frame.H2D.submit_with_staging,2569165,2569201,1,0,97,95,:95:97,--:Frame.H2D.submit_with_staging
382413439,382413821,382,0,382,:Cache.publish_release,2569165,2569199,2,0,98,69,:59:69:98,----:Cache.publish_release
382419466,382423718,4252,0,4252,:Cel.kernels.submit,2569165,2569201,1,0,99,95,:95:99,--:Cel.kernels.submit
382423880,382426897,3017,0,3017,:Sdd.kernels.submit,2569165,2569201,1,0,100,95,:95:100,--:Sdd.kernels.submit
382427172,382430133,2961,0,2961,:Mi.kernels.submit,2569165,2569201,1,0,101,95,:95:101,--:Mi.kernels.submit
382430273,382433300,3027,0,3027,:Cel.D2H.submit,2569165,2569201,1,0,102,95,:95:102,--:Cel.D2H.submit
382433435,382436268,2833,0,2833,:Sdd.D2H.submit,2569165,2569201,1,0,103,95,:95:103,--:Sdd.D2H.submit
382436385,382438367,1982,0,1982,:Mi.D2H.submit,2569165,2569201,1,0,104,95,:95:104,--:Mi.D2H.submit
382438458,382692337,253879,253627,252,:Cache.freeCacheData,2569165,2569201,1,2,105,95,:95:105,--:Cache.freeCacheData
382438554,382691938,253384,0,253384,:Cache.stream_sync,2569165,2569201,2,0,106,105,:95:105:106,----:Cache.stream_sync
382474922,382838595,363673,307906,55767,:Task.execute,2569165,2569199,0,9,107,,:107,:Task.execute
382475735,382476062,327,0,327,:Cache.getCacheData,2569165,2569199,1,0,108,107,:107:108,--:Cache.getCacheData
382476151,382517375,41224,0,41224,:Frame.H2D.submit_with_staging,2569165,2569199,1,0,109,107,:107:109,--:Frame.H2D.submit_with_staging
382504487,382504766,279,0,279,:Cache.publish_release,2569165,2569200,2,0,110,81,:71:81:110,----:Cache.publish_release
382517483,382521365,3882,0,3882,:Cel.kernels.submit,2569165,2569199,1,0,111,107,:107:111,--:Cel.kernels.submit
382521487,382524152,2665,0,2665,:Sdd.kernels.submit,2569165,2569199,1,0,112,107,:107:112,--:Sdd.kernels.submit
382524273,382527590,3317,0,3317,:Mi.kernels.submit,2569165,2569199,1,0,113,107,:107:113,--:Mi.kernels.submit
382528113,382531133,3020,0,3020,:Cel.D2H.submit,2569165,2569199,1,0,114,107,:107:114,--:Cel.D2H.submit
382531458,382534183,2725,0,2725,:Sdd.D2H.submit,2569165,2569199,1,0,115,107,:107:115,--:Sdd.D2H.submit
382534279,382536522,2243,0,2243,:Mi.D2H.submit,2569165,2569199,1,0,116,107,:107:116,--:Mi.D2H.submit
382536628,382785131,248503,248089,414,:Cache.freeCacheData,2569165,2569199,1,2,117,107,:107:117,--:Cache.freeCacheData
382536773,382784216,247443,0,247443,:Cache.stream_sync,2569165,2569199,2,0,118,117,:107:117:118,----:Cache.stream_sync
382556882,382931960,375078,313670,61408,:Task.execute,2569165,2569200,0,9,119,,:119,:Task.execute
382557591,382557901,310,0,310,:Cache.getCacheData,2569165,2569200,1,0,120,119,:119:120,--:Cache.getCacheData
382557990,382602118,44128,0,44128,:Frame.H2D.submit_with_staging,2569165,2569200,1,0,121,119,:119:121,--:Frame.H2D.submit_with_staging
382599734,382600005,271,0,271,:Cache.publish_release,2569165,2569198,2,0,122,93,:83:93:122,----:Cache.publish_release
382602223,382606091,3868,0,3868,:Cel.kernels.submit,2569165,2569200,1,0,123,119,:119:123,--:Cel.kernels.submit
382606217,382609151,2934,0,2934,:Sdd.kernels.submit,2569165,2569200,1,0,124,119,:119:124,--:Sdd.kernels.submit
382609286,382612806,3520,0,3520,:Mi.kernels.submit,2569165,2569200,1,0,125,119,:119:125,--:Mi.kernels.submit
382612921,382615792,2871,0,2871,:Cel.D2H.submit,2569165,2569200,1,0,126,119,:119:126,--:Cel.D2H.submit
382615924,382618382,2458,0,2458,:Sdd.D2H.submit,2569165,2569200,1,0,127,119,:119:127,--:Sdd.D2H.submit
382618497,382620368,1871,0,1871,:Mi.D2H.submit,2569165,2569200,1,0,128,119,:119:128,--:Mi.D2H.submit
382620467,382872177,251710,251445,265,:Cache.freeCacheData,2569165,2569200,1,2,129,119,:119:129,--:Cache.freeCacheData
382620567,382871808,251241,0,251241,:Cache.stream_sync,2569165,2569200,2,0,130,129,:119:129:130,----:Cache.stream_sync
382652027,383021583,369556,310483,59073,:Task.execute,2569165,2569198,0,9,131,,:131,:Task.execute
382652837,382653067,230,0,230,:Cache.getCacheData,2569165,2569198,1,0,132,131,:131:132,--:Cache.getCacheData
382653149,382694117,40968,0,40968,:Frame.H2D.submit_with_staging,2569165,2569198,1,0,133,131,:131:133,--:Frame.H2D.submit_with_staging
382692018,382692261,243,0,243,:Cache.publish_release,2569165,2569201,2,0,134,105,:95:105:134,----:Cache.publish_release
382694222,382698272,4050,0,4050,:Cel.kernels.submit,2569165,2569198,1,0,135,131,:131:135,--:Cel.kernels.submit
382698383,382701322,2939,0,2939,:Sdd.kernels.submit,2569165,2569198,1,0,136,131,:131:136,--:Sdd.kernels.submit
382701444,382704527,3083,0,3083,:Mi.kernels.submit,2569165,2569198,1,0,137,131,:131:137,--:Mi.kernels.submit
382704695,382707647,2952,0,2952,:Cel.D2H.submit,2569165,2569198,1,0,138,131,:131:138,--:Cel.D2H.submit
382707883,382710101,2218,0,2218,:Sdd.D2H.submit,2569165,2569198,1,0,139,131,:131:139,--:Sdd.D2H.submit
382710192,382712505,2313,0,2313,:Mi.D2H.submit,2569165,2569198,1,0,140,131,:131:140,--:Mi.D2H.submit
382712613,382964343,251730,250989,741,:Cache.freeCacheData,2569165,2569198,1,2,141,131,:131:141,--:Cache.freeCacheData
382713202,382963884,250682,0,250682,:Cache.stream_sync,2569165,2569198,2,0,142,141,:131:141:142,----:Cache.stream_sync
382743169,383110384,367215,310233,56982,:Task.execute,2569165,2569201,0,9,143,,:143,:Task.execute
382743845,382744272,427,0,427,:Cache.getCacheData,2569165,2569201,1,0,144,143,:143:144,--:Cache.getCacheData
382744356,382786520,42164,0,42164,:Frame.H2D.submit_with_staging,2569165,2569201,1,0,145,143,:143:145,--:Frame.H2D.submit_with_staging
382784338,382784984,646,0,646,:Cache.publish_release,2569165,2569199,2,0,146,117,:107:117:146,----:Cache.publish_release
382786642,382790613,3971,0,3971,:Cel.kernels.submit,2569165,2569201,1,0,147,143,:143:147,--:Cel.kernels.submit
382790973,382793843,2870,0,2870,:Sdd.kernels.submit,2569165,2569201,1,0,148,143,:143:148,--:Sdd.kernels.submit
382794013,382796880,2867,0,2867,:Mi.kernels.submit,2569165,2569201,1,0,149,143,:143:149,--:Mi.kernels.submit
382796995,382799861,2866,0,2866,:Cel.D2H.submit,2569165,2569201,1,0,150,143,:143:150,--:Cel.D2H.submit
382799983,382801986,2003,0,2003,:Sdd.D2H.submit,2569165,2569201,1,0,151,143,:143:151,--:Sdd.D2H.submit
382802089,382803990,1901,0,1901,:Mi.D2H.submit,2569165,2569201,1,0,152,143,:143:152,--:Mi.D2H.submit
382804085,383055249,251164,250385,779,:Cache.freeCacheData,2569165,2569201,1,2,153,143,:143:153,--:Cache.freeCacheData
382804517,383054441,249924,0,249924,:Cache.stream_sync,2569165,2569201,2,0,154,153,:143:153:154,----:Cache.stream_sync
382838958,383200111,361153,304815,56338,:Task.execute,2569165,2569199,0,9,155,,:155,:Task.execute
382839741,382840311,570,0,570,:Cache.getCacheData,2569165,2569199,1,0,156,155,:155:156,--:Cache.getCacheData
382840471,382882478,42007,0,42007,:Frame.H2D.submit_with_staging,2569165,2569199,1,0,157,155,:155:157,--:Frame.H2D.submit_with_staging
382871901,382872105,204,0,204,:Cache.publish_release,2569165,2569200,2,0,158,129,:119:129:158,----:Cache.publish_release
382882840,382886857,4017,0,4017,:Cel.kernels.submit,2569165,2569199,1,0,159,155,:155:159,--:Cel.kernels.submit
382887096,382890450,3354,0,3354,:Sdd.kernels.submit,2569165,2569199,1,0,160,155,:155:160,--:Sdd.kernels.submit
382890561,382893141,2580,0,2580,:Mi.kernels.submit,2569165,2569199,1,0,161,155,:155:161,--:Mi.kernels.submit
382893360,382896074,2714,0,2714,:Cel.D2H.submit,2569165,2569199,1,0,162,155,:155:162,--:Cel.D2H.submit
382896211,382897990,1779,0,1779,:Sdd.D2H.submit,2569165,2569199,1,0,163,155,:155:163,--:Sdd.D2H.submit
382898091,382899994,1903,0,1903,:Mi.D2H.submit,2569165,2569199,1,0,164,155,:155:164,--:Mi.D2H.submit
382900097,383145988,245891,245323,568,:Cache.freeCacheData,2569165,2569199,1,2,165,155,:155:165,--:Cache.freeCacheData
382900243,383145214,244971,0,244971,:Cache.stream_sync,2569165,2569199,2,0,166,165,:155:165:166,----:Cache.stream_sync
382932187,383287458,355271,302503,52768,:Task.execute,2569165,2569200,0,9,167,,:167,:Task.execute
382932857,382933292,435,0,435,:Cache.getCacheData,2569165,2569200,1,0,168,167,:167:168,--:Cache.getCacheData
382933374,382975450,42076,0,42076,:Frame.H2D.submit_with_staging,2569165,2569200,1,0,169,167,:167:169,--:Frame.H2D.submit_with_staging
382963969,382964276,307,0,307,:Cache.publish_release,2569165,2569198,2,0,170,141,:131:141:170,----:Cache.publish_release
382975543,382979240,3697,0,3697,:Cel.kernels.submit,2569165,2569200,1,0,171,167,:167:171,--:Cel.kernels.submit
382979369,382982254,2885,0,2885,:Sdd.kernels.submit,2569165,2569200,1,0,172,167,:167:172,--:Sdd.kernels.submit
382982371,382985107,2736,0,2736,:Mi.kernels.submit,2569165,2569200,1,0,173,167,:167:173,--:Mi.kernels.submit
382985229,382988489,3260,0,3260,:Cel.D2H.submit,2569165,2569200,1,0,174,167,:167:174,--:Cel.D2H.submit
382988596,382991088,2492,0,2492,:Sdd.D2H.submit,2569165,2569200,1,0,175,167,:167:175,--:Sdd.D2H.submit
382991179,382993075,1896,0,1896,:Mi.D2H.submit,2569165,2569200,1,0,176,167,:167:176,--:Mi.D2H.submit
382993178,383236204,243026,242722,304,:Cache.freeCacheData,2569165,2569200,1,2,177,167,:167:177,--:Cache.freeCacheData
382993280,383235811,242531,0,242531,:Cache.stream_sync,2569165,2569200,2,0,178,177,:167:177:178,----:Cache.stream_sync
383021933,383380747,358814,306228,52586,:Task.execute,2569165,2569198,0,9,179,,:179,:Task.execute
383022524,383022982,458,0,458,:Cache.getCacheData,2569165,2569198,1,0,180,179,:179:180,--:Cache.getCacheData
383023076,383064818,41742,0,41742,:Frame.H2D.submit_with_staging,2569165,2569198,1,0,181,179,:179:181,--:Frame.H2D.submit_with_staging
383054529,383054990,461,0,461,:Cache.publish_release,2569165,2569201,2,0,182,153,:143:153:182,----:Cache.publish_release
383064953,383068925,3972,0,3972,:Cel.kernels.submit,2569165,2569198,1,0,183,179,:179:183,--:Cel.kernels.submit
383069071,383072300,3229,0,3229,:Sdd.kernels.submit,2569165,2569198,1,0,184,179,:179:184,--:Sdd.kernels.submit
383072422,383076185,3763,0,3763,:Mi.kernels.submit,2569165,2569198,1,0,185,179,:179:185,--:Mi.kernels.submit
383076303,383078894,2591,0,2591,:Cel.D2H.submit,2569165,2569198,1,0,186,179,:179:186,--:Cel.D2H.submit
383078990,383080898,1908,0,1908,:Sdd.D2H.submit,2569165,2569198,1,0,187,179,:179:187,--:Sdd.D2H.submit
383080994,383082920,1926,0,1926,:Mi.D2H.submit,2569165,2569198,1,0,188,179,:179:188,--:Mi.D2H.submit
383083011,383329650,246639,245942,697,:Cache.freeCacheData,2569165,2569198,1,2,189,179,:179:189,--:Cache.freeCacheData
383083478,383329094,245616,0,245616,:Cache.stream_sync,2569165,2569198,2,0,190,189,:179:189:190,----:Cache.stream_sync
383110843,383472202,361359,307026,54333,:Task.execute,2569165,2569201,0,9,191,,:191,:Task.execute
383111568,383111991,423,0,423,:Cache.getCacheData,2569165,2569201,1,0,192,191,:191:192,--:Cache.getCacheData
383112153,383154208,42055,0,42055,:Frame.H2D.submit_with_staging,2569165,2569201,1,0,193,191,:191:193,--:Frame.H2D.submit_with_staging
383145322,383145674,352,0,352,:Cache.publish_release,2569165,2569199,2,0,194,165,:155:165:194,----:Cache.publish_release
383154307,383158954,4647,0,4647,:Cel.kernels.submit,2569165,2569201,1,0,195,191,:191:195,--:Cel.kernels.submit
383159073,383162021,2948,0,2948,:Sdd.kernels.submit,2569165,2569201,1,0,196,191,:191:196,--:Sdd.kernels.submit
383162252,383165307,3055,0,3055,:Mi.kernels.submit,2569165,2569201,1,0,197,191,:191:197,--:Mi.kernels.submit
383165438,383168821,3383,0,3383,:Cel.D2H.submit,2569165,2569201,1,0,198,191,:191:198,--:Cel.D2H.submit
383168923,383171289,2366,0,2366,:Sdd.D2H.submit,2569165,2569201,1,0,199,191,:191:199,--:Sdd.D2H.submit
383171600,383173835,2235,0,2235,:Mi.D2H.submit,2569165,2569201,1,0,200,191,:191:200,--:Mi.D2H.submit
383174014,383419928,245914,245461,453,:Cache.freeCacheData,2569165,2569201,1,2,201,191,:191:201,--:Cache.freeCacheData
383174320,383419518,245198,0,245198,:Cache.stream_sync,2569165,2569201,2,0,202,201,:191:201:202,----:Cache.stream_sync
383200407,383563378,362971,301688,61283,:Task.execute,2569165,2569199,0,9,203,,:203,:Task.execute
383201036,383201318,282,0,282,:Cache.getCacheData,2569165,2569199,1,0,204,203,:203:204,--:Cache.getCacheData
383201407,383243073,41666,0,41666,:Frame.H2D.submit_with_staging,2569165,2569199,1,0,205,203,:203:205,--:Frame.H2D.submit_with_staging
383235925,383236116,191,0,191,:Cache.publish_release,2569165,2569200,2,0,206,177,:167:177:206,----:Cache.publish_release
383243279,383247417,4138,0,4138,:Cel.kernels.submit,2569165,2569199,1,0,207,203,:203:207,--:Cel.kernels.submit
383247529,383250129,2600,0,2600,:Sdd.kernels.submit,2569165,2569199,1,0,208,203,:203:208,--:Sdd.kernels.submit
383250455,383253074,2619,0,2619,:Mi.kernels.submit,2569165,2569199,1,0,209,203,:203:209,--:Mi.kernels.submit
383253609,383256846,3237,0,3237,:Cel.D2H.submit,2569165,2569199,1,0,210,203,:203:210,--:Cel.D2H.submit
383257103,383259080,1977,0,1977,:Sdd.D2H.submit,2569165,2569199,1,0,211,203,:203:211,--:Sdd.D2H.submit
383259209,383261217,2008,0,2008,:Mi.D2H.submit,2569165,2569199,1,0,212,203,:203:212,--:Mi.D2H.submit
383261322,383504483,243161,242860,301,:Cache.freeCacheData,2569165,2569199,1,2,213,203,:203:213,--:Cache.freeCacheData
383261425,383504118,242693,0,242693,:Cache.stream_sync,2569165,2569199,2,0,214,213,:203:213:214,----:Cache.stream_sync
383287686,383607110,319424,275891,43533,:Task.execute,2569165,2569200,0,9,215,,:215,:Task.execute
383288343,383288692,349,0,349,:Cache.getCacheData,2569165,2569200,1,0,216,215,:215:216,--:Cache.getCacheData
383288835,383330792,41957,0,41957,:Frame.H2D.submit_with_staging,2569165,2569200,1,0,217,215,:215:217,--:Frame.H2D.submit_with_staging
383329172,383329498,326,0,326,:Cache.publish_release,2569165,2569198,2,0,218,189,:179:189:218,----:Cache.publish_release
383330908,383335112,4204,0,4204,:Cel.kernels.submit,2569165,2569200,1,0,219,215,:215:219,--:Cel.kernels.submit
383335293,383338082,2789,0,2789,:Sdd.kernels.submit,2569165,2569200,1,0,220,215,:215:220,--:Sdd.kernels.submit
383338327,383341803,3476,0,3476,:Mi.kernels.submit,2569165,2569200,1,0,221,215,:215:221,--:Mi.kernels.submit
383341926,383345064,3138,0,3138,:Cel.D2H.submit,2569165,2569200,1,0,222,215,:215:222,--:Cel.D2H.submit
383345227,383347461,2234,0,2234,:Sdd.D2H.submit,2569165,2569200,1,0,223,215,:215:223,--:Sdd.D2H.submit
383347981,383350119,2138,0,2138,:Mi.D2H.submit,2569165,2569200,1,0,224,215,:215:224,--:Mi.D2H.submit
383350348,383565954,215606,215240,366,:Cache.freeCacheData,2569165,2569200,1,2,225,215,:215:225,--:Cache.freeCacheData
383350551,383565559,215008,0,215008,:Cache.stream_sync,2569165,2569200,2,0,226,225,:215:225:226,----:Cache.stream_sync
383381043,383672111,291068,251446,39622,:Task.execute,2569165,2569198,0,9,227,,:227,:Task.execute
383381776,383382468,692,0,692,:Cache.getCacheData,2569165,2569198,1,0,228,227,:227:228,--:Cache.getCacheData
383382857,383422554,39697,0,39697,:Frame.H2D.submit_with_staging,2569165,2569198,1,0,229,227,:227:229,--:Frame.H2D.submit_with_staging
383419598,383419861,263,0,263,:Cache.publish_release,2569165,2569201,2,0,230,201,:191:201:230,----:Cache.publish_release
383422666,383427237,4571,0,4571,:Cel.kernels.submit,2569165,2569198,1,0,231,227,:227:231,--:Cel.kernels.submit
383427341,383430149,2808,0,2808,:Sdd.kernels.submit,2569165,2569198,1,0,232,227,:227:232,--:Sdd.kernels.submit
383430370,383433309,2939,0,2939,:Mi.kernels.submit,2569165,2569198,1,0,233,227,:227:233,--:Mi.kernels.submit
383433478,383436398,2920,0,2920,:Cel.D2H.submit,2569165,2569198,1,0,234,227,:227:234,--:Cel.D2H.submit
383436645,383439108,2463,0,2463,:Sdd.D2H.submit,2569165,2569198,1,0,235,227,:227:235,--:Sdd.D2H.submit
383439211,383441465,2254,0,2254,:Mi.D2H.submit,2569165,2569198,1,0,236,227,:227:236,--:Mi.D2H.submit
383441571,383634673,193102,192677,425,:Cache.freeCacheData,2569165,2569198,1,2,237,227,:227:237,--:Cache.freeCacheData
383441783,383634231,192448,0,192448,:Cache.stream_sync,2569165,2569198,2,0,238,237,:227:237:238,----:Cache.stream_sync
383504248,383504415,167,0,167,:Cache.publish_release,2569165,2569199,2,0,239,213,:203:213:239,----:Cache.publish_release
383565650,383565882,232,0,232,:Cache.publish_release,2569165,2569200,2,0,240,225,:215:225:240,----:Cache.publish_release
383634339,383634568,229,0,229,:Cache.publish_release,2569165,2569198,2,0,241,237,:227:237:241,----:Cache.publish_release
383681505,402797567,19116062,0,19116062,:Phase.timed,2569165,2569165,0,0,242,,:242,:Phase.timed
383700534,384009052,308518,266451,42067,:Task.execute,2569165,2569201,0,9,243,,:243,:Task.execute
383701148,384192498,491350,433516,57834,:Task.execute,2569165,2569200,0,9,244,,:244,:Task.execute
383701193,384102247,401054,341316,59738,:Task.execute,2569165,2569198,0,9,245,,:245,:Task.execute
383701693,383702274,581,0,581,:Cache.getCacheData,2569165,2569201,1,0,246,243,:243:246,--:Cache.getCacheData
383702248,383702867,619,0,619,:Cache.getCacheData,2569165,2569198,1,0,247,245,:245:247,--:Cache.getCacheData
383702546,383753423,50877,0,50877,:Frame.H2D.submit_with_staging,2569165,2569201,1,0,248,243,:243:248,--:Frame.H2D.submit_with_staging
383702621,384278334,575713,514329,61384,:Task.execute,2569165,2569199,0,9,249,,:249,:Task.execute
383703025,383769809,66784,0,66784,:Frame.H2D.submit_with_staging,2569165,2569198,1,0,250,245,:245:250,--:Frame.H2D.submit_with_staging
383703290,383704184,894,0,894,:Cache.getCacheData,2569165,2569200,1,0,251,244,:244:251,--:Cache.getCacheData
383704405,383755827,51422,0,51422,:Frame.H2D.submit_with_staging,2569165,2569200,1,0,252,244,:244:252,--:Frame.H2D.submit_with_staging
383706911,383708206,1295,0,1295,:Cache.getCacheData,2569165,2569199,1,0,253,249,:249:253,--:Cache.getCacheData
383708368,383764252,55884,0,55884,:Frame.H2D.submit_with_staging,2569165,2569199,1,0,254,249,:249:254,--:Frame.H2D.submit_with_staging
383753574,383758170,4596,0,4596,:Cel.kernels.submit,2569165,2569201,1,0,255,243,:243:255,--:Cel.kernels.submit
383756047,383769206,13159,0,13159,:Cel.kernels.submit,2569165,2569200,1,0,256,244,:244:256,--:Cel.kernels.submit
383764071,383767874,3803,0,3803,:Sdd.kernels.submit,2569165,2569201,1,0,257,243,:243:257,--:Sdd.kernels.submit
383764467,383776694,12227,0,12227,:Cel.kernels.submit,2569165,2569199,1,0,258,249,:249:258,--:Cel.kernels.submit
383768528,383772998,4470,0,4470,:Mi.kernels.submit,2569165,2569201,1,0,259,243,:243:259,--:Mi.kernels.submit
383769540,383778800,9260,0,9260,:Sdd.kernels.submit,2569165,2569200,1,0,260,244,:244:260,--:Sdd.kernels.submit
383769936,383775386,5450,0,5450,:Cel.kernels.submit,2569165,2569198,1,0,261,245,:245:261,--:Cel.kernels.submit
383773250,383777613,4363,0,4363,:Cel.D2H.submit,2569165,2569201,1,0,262,243,:243:262,--:Cel.D2H.submit
383777849,383780531,2682,0,2682,:Sdd.D2H.submit,2569165,2569201,1,0,263,243,:243:263,--:Sdd.D2H.submit
383779050,383783471,4421,0,4421,:Mi.kernels.submit,2569165,2569200,1,0,264,244,:244:264,--:Mi.kernels.submit
383779177,383782746,3569,0,3569,:Sdd.kernels.submit,2569165,2569198,1,0,265,245,:245:265,--:Sdd.kernels.submit
383780638,383782998,2360,0,2360,:Mi.D2H.submit,2569165,2569201,1,0,266,243,:243:266,--:Mi.D2H.submit
383781963,383786371,4408,0,4408,:Sdd.kernels.submit,2569165,2569199,1,0,267,249,:249:267,--:Sdd.kernels.submit
383783153,383975872,192719,192293,426,:Cache.freeCacheData,2569165,2569201,1,2,268,243,:243:268,--:Cache.freeCacheData
383783183,383786722,3539,0,3539,:Mi.kernels.submit,2569165,2569198,1,0,269,245,:245:269,--:Mi.kernels.submit
383783358,383975368,192010,0,192010,:Cache.stream_sync,2569165,2569201,2,0,270,268,:243:268:270,----:Cache.stream_sync
383783849,383788570,4721,0,4721,:Cel.D2H.submit,2569165,2569200,1,0,271,244,:244:271,--:Cel.D2H.submit
383786980,383792014,5034,0,5034,:Mi.kernels.submit,2569165,2569199,1,0,272,249,:249:272,--:Mi.kernels.submit
383787065,383790815,3750,0,3750,:Cel.D2H.submit,2569165,2569198,1,0,273,245,:245:273,--:Cel.D2H.submit
383788859,383792362,3503,0,3503,:Sdd.D2H.submit,2569165,2569200,1,0,274,244,:244:274,--:Sdd.D2H.submit
383790982,383793563,2581,0,2581,:Sdd.D2H.submit,2569165,2569198,1,0,275,245,:245:275,--:Sdd.D2H.submit
383792170,383796617,4447,0,4447,:Cel.D2H.submit,2569165,2569199,1,0,276,249,:249:276,--:Cel.D2H.submit
383792569,383795350,2781,0,2781,:Mi.D2H.submit,2569165,2569200,1,0,277,244,:244:277,--:Mi.D2H.submit
383793664,383795890,2226,0,2226,:Mi.D2H.submit,2569165,2569198,1,0,278,245,:245:278,--:Mi.D2H.submit
383795518,384138873,343355,343015,340,:Cache.freeCacheData,2569165,2569200,1,2,279,244,:244:279,--:Cache.freeCacheData
383795642,384138161,342519,0,342519,:Cache.stream_sync,2569165,2569200,2,0,280,279,:244:279:280,----:Cache.stream_sync
383795987,384048785,252798,252497,301,:Cache.freeCacheData,2569165,2569198,1,2,281,245,:245:281,--:Cache.freeCacheData
383796126,384048410,252284,0,252284,:Cache.stream_sync,2569165,2569198,2,0,282,281,:245:281:282,----:Cache.stream_sync
383796922,383799887,2965,0,2965,:Sdd.D2H.submit,2569165,2569199,1,0,283,249,:249:283,--:Sdd.D2H.submit
383800022,383802090,2068,0,2068,:Mi.D2H.submit,2569165,2569199,1,0,284,249,:249:284,--:Mi.D2H.submit
383802210,384228211,426001,425709,292,:Cache.freeCacheData,2569165,2569199,1,2,285,249,:249:285,--:Cache.freeCacheData
383802318,384227602,425284,0,425284,:Cache.stream_sync,2569165,2569199,2,0,286,285,:249:285:286,----:Cache.stream_sync
383975451,383975734,283,0,283,:Cache.publish_release,2569165,2569201,2,0,287,268,:243:268:287,----:Cache.publish_release
384009367,384363625,354258,303669,50589,:Task.execute,2569165,2569201,0,9,288,,:288,:Task.execute
384010213,384010488,275,0,275,:Cache.getCacheData,2569165,2569201,1,0,289,288,:288:289,--:Cache.getCacheData
384010639,384046662,36023,0,36023,:Frame.H2D.submit_with_staging,2569165,2569201,1,0,290,288,:288:290,--:Frame.H2D.submit_with_staging
384046849,384050620,3771,0,3771,:Cel.kernels.submit,2569165,2569201,1,0,291,288,:288:291,--:Cel.kernels.submit
384048501,384048714,213,0,213,:Cache.publish_release,2569165,2569198,2,0,292,281,:245:281:292,----:Cache.publish_release
384050725,384053431,2706,0,2706,:Sdd.kernels.submit,2569165,2569201,1,0,293,288,:288:293,--:Sdd.kernels.submit
384053729,384057378,3649,0,3649,:Mi.kernels.submit,2569165,2569201,1,0,294,288,:288:294,--:Mi.kernels.submit
384057483,384060398,2915,0,2915,:Cel.D2H.submit,2569165,2569201,1,0,295,288,:288:295,--:Cel.D2H.submit
384060490,384062468,1978,0,1978,:Sdd.D2H.submit,2569165,2569201,1,0,296,288,:288:296,--:Sdd.D2H.submit
384062581,384064397,1816,0,1816,:Mi.D2H.submit,2569165,2569201,1,0,297,288,:288:297,--:Mi.D2H.submit
384064488,384315024,250536,250203,333,:Cache.freeCacheData,2569165,2569201,1,2,298,288,:288:298,--:Cache.freeCacheData
384064580,384314371,249791,0,249791,:Cache.stream_sync,2569165,2569201,2,0,299,298,:288:298:299,----:Cache.stream_sync
384102521,384458068,355547,303481,52066,:Task.execute,2569165,2569198,0,9,300,,:300,:Task.execute
384103207,384103485,278,0,278,:Cache.getCacheData,2569165,2569198,1,0,301,300,:300:301,--:Cache.getCacheData
384103637,384140592,36955,0,36955,:Frame.H2D.submit_with_staging,2569165,2569198,1,0,302,300,:300:302,--:Frame.H2D.submit_with_staging
384138272,384138768,496,0,496,:Cache.publish_release,2569165,2569200,2,0,303,279,:244:279:303,----:Cache.publish_release
384140684,384144747,4063,0,4063,:Cel.kernels.submit,2569165,2569198,1,0,304,300,:300:304,--:Cel.kernels.submit
384144852,384147614,2762,0,2762,:Sdd.kernels.submit,2569165,2569198,1,0,305,300,:300:305,--:Sdd.kernels.submit
384147713,384150580,2867,0,2867,:Mi.kernels.submit,2569165,2569198,1,0,306,300,:300:306,--:Mi.kernels.submit
384150683,384152866,2183,0,2183,:Cel.D2H.submit,2569165,2569198,1,0,307,300,:300:307,--:Cel.D2H.submit
384152983,384155851,2868,0,2868,:Sdd.D2H.submit,2569165,2569198,1,0,308,300,:300:308,--:Sdd.D2H.submit
384155944,384157651,1707,0,1707,:Mi.D2H.submit,2569165,2569198,1,0,309,300,:300:309,--:Mi.D2H.submit
384157748,384407546,249798,249549,249,:Cache.freeCacheData,2569165,2569198,1,2,310,300,:300:310,--:Cache.freeCacheData
384157848,384406833,248985,0,248985,:Cache.stream_sync,2569165,2569198,2,0,311,310,:300:310:311,----:Cache.stream_sync
384193000,384561191,368191,309689,58502,:Task.execute,2569165,2569200,0,9,312,,:312,:Task.execute
384193674,384194083,409,0,409,:Cache.getCacheData,2569165,2569200,1,0,313,312,:312:313,--:Cache.getCacheData
384194178,384233909,39731,0,39731,:Frame.H2D.submit_with_staging,2569165,2569200,1,0,314,312,:312:314,--:Frame.H2D.submit_with_staging
384227704,384228129,425,0,425,:Cache.publish_release,2569165,2569199,2,0,315,285,:249:285:315,----:Cache.publish_release
384234013,384238090,4077,0,4077,:Cel.kernels.submit,2569165,2569200,1,0,316,312,:312:316,--:Cel.kernels.submit
384238256,384241113,2857,0,2857,:Sdd.kernels.submit,2569165,2569200,1,0,317,312,:312:317,--:Sdd.kernels.submit
384241269,384244511,3242,0,3242,:Mi.kernels.submit,2569165,2569200,1,0,318,312,:312:318,--:Mi.kernels.submit
384245107,384247717,2610,0,2610,:Cel.D2H.submit,2569165,2569200,1,0,319,312,:312:319,--:Cel.D2H.submit
384248061,384250093,2032,0,2032,:Sdd.D2H.submit,2569165,2569200,1,0,320,312,:312:320,--:Sdd.D2H.submit
384250191,384252184,1993,0,1993,:Mi.D2H.submit,2569165,2569200,1,0,321,312,:312:321,--:Mi.D2H.submit
384252267,384505005,252738,252304,434,:Cache.freeCacheData,2569165,2569200,1,2,322,312,:312:322,--:Cache.freeCacheData
384252391,384504402,252011,0,252011,:Cache.stream_sync,2569165,2569200,2,0,323,322,:312:322:323,----:Cache.stream_sync
384278918,384642139,363221,308923,54298,:Task.execute,2569165,2569199,0,9,324,,:324,:Task.execute
384280098,384280435,337,0,337,:Cache.getCacheData,2569165,2569199,1,0,325,324,:324:325,--:Cache.getCacheData
384280538,384321491,40953,0,40953,:Frame.H2D.submit_with_staging,2569165,2569199,1,0,326,324,:324:326,--:Frame.H2D.submit_with_staging
384314548,384314960,412,0,412,:Cache.publish_release,2569165,2569201,2,0,327,298,:288:298:327,----:Cache.publish_release
384321616,384325836,4220,0,4220,:Cel.kernels.submit,2569165,2569199,1,0,328,324,:324:328,--:Cel.kernels.submit
384326003,384329376,3373,0,3373,:Sdd.kernels.submit,2569165,2569199,1,0,329,324,:324:329,--:Sdd.kernels.submit
384329529,384333065,3536,0,3536,:Mi.kernels.submit,2569165,2569199,1,0,330,324,:324:330,--:Mi.kernels.submit
384333183,384336811,3628,0,3628,:Cel.D2H.submit,2569165,2569199,1,0,331,324,:324:331,--:Cel.D2H.submit
384336978,384339276,2298,0,2298,:Sdd.D2H.submit,2569165,2569199,1,0,332,324,:324:332,--:Sdd.D2H.submit
384339413,384341501,2088,0,2088,:Mi.D2H.submit,2569165,2569199,1,0,333,324,:324:333,--:Mi.D2H.submit
384341601,384590091,248490,248194,296,:Cache.freeCacheData,2569165,2569199,1,2,334,324,:324:334,--:Cache.freeCacheData
384341707,384589663,247956,0,247956,:Cache.stream_sync,2569165,2569199,2,0,335,334,:324:334:335,----:Cache.stream_sync
384364139,384730550,366411,315228,51183,:Task.execute,2569165,2569201,0,9,336,,:336,:Task.execute
384364806,384365429,623,0,623,:Cache.getCacheData,2569165,2569201,1,0,337,336,:336:337,--:Cache.getCacheData
384365602,384408795,43193,0,43193,:Frame.H2D.submit_with_staging,2569165,2569201,1,0,338,336,:336:338,--:Frame.H2D.submit_with_staging
384406920,384407484,564,0,564,:Cache.publish_release,2569165,2569198,2,0,339,310,:300:310:339,----:Cache.publish_release
384409021,384412644,3623,0,3623,:Cel.kernels.submit,2569165,2569201,1,0,340,336,:336:340,--:Cel.kernels.submit
384412744,384415765,3021,0,3021,:Sdd.kernels.submit,2569165,2569201,1,0,341,336,:336:341,--:Sdd.kernels.submit
384415865,384418643,2778,0,2778,:Mi.kernels.submit,2569165,2569201,1,0,342,336,:336:342,--:Mi.kernels.submit
384418745,384421232,2487,0,2487,:Cel.D2H.submit,2569165,2569201,1,0,343,336,:336:343,--:Cel.D2H.submit
384421474,384423582,2108,0,2108,:Sdd.D2H.submit,2569165,2569201,1,0,344,336,:336:344,--:Sdd.D2H.submit
384423685,384425867,2182,0,2182,:Mi.D2H.submit,2569165,2569201,1,0,345,336,:336:345,--:Mi.D2H.submit
384426020,384681233,255213,254583,630,:Cache.freeCacheData,2569165,2569201,1,2,346,336,:336:346,--:Cache.freeCacheData
384426472,384680791,254319,0,254319,:Cache.stream_sync,2569165,2569201,2,0,347,346,:336:346:347,----:Cache.stream_sync
384458295,384824637,366342,312074,54268,:Task.execute,2569165,2569198,0,9,348,,:348,:Task.execute
384458972,384459692,720,0,720,:Cache.getCacheData,2569165,2569198,1,0,349,348,:348:349,--:Cache.getCacheData
384459900,384497507,37607,0,37607,:Frame.H2D.submit_with_staging,2569165,2569198,1,0,350,348,:348:350,--:Frame.H2D.submit_with_staging
384497699,384501401,3702,0,3702,:Cel.kernels.submit,2569165,2569198,1,0,351,348,:348:351,--:Cel.kernels.submit
384501501,384504008,2507,0,2507,:Sdd.kernels.submit,2569165,2569198,1,0,352,348,:348:352,--:Sdd.kernels.submit
384504169,384506699,2530,0,2530,:Mi.kernels.submit,2569165,2569198,1,0,353,348,:348:353,--:Mi.kernels.submit
384504522,384504815,293,0,293,:Cache.publish_release,2569165,2569200,2,0,354,322,:312:322:354,----:Cache.publish_release
384506951,384509663,2712,0,2712,:Cel.D2H.submit,2569165,2569198,1,0,355,348,:348:355,--:Cel.D2H.submit
384509794,384512267,2473,0,2473,:Sdd.D2H.submit,2569165,2569198,1,0,356,348,:348:356,--:Sdd.D2H.submit
384512361,384514413,2052,0,2052,:Mi.D2H.submit,2569165,2569198,1,0,357,348,:348:357,--:Mi.D2H.submit
384514522,384772293,257771,257085,686,:Cache.freeCacheData,2569165,2569198,1,2,358,348,:348:358,--:Cache.freeCacheData
384515057,384771960,256903,0,256903,:Cache.stream_sync,2569165,2569198,2,0,359,358,:348:358:359,----:Cache.stream_sync
384561682,384933328,371646,311479,60167,:Task.execute,2569165,2569200,0,9,360,,:360,:Task.execute
384562273,384562743,470,0,470,:Cache.getCacheData,2569165,2569200,1,0,361,360,:360:361,--:Cache.getCacheData
384562823,384599117,36294,0,36294,:Frame.H2D.submit_with_staging,2569165,2569200,1,0,362,360,:360:362,--:Frame.H2D.submit_with_staging
384589780,384590018,238,0,238,:Cache.publish_release,2569165,2569199,2,0,363,334,:324:334:363,----:Cache.publish_release
384599784,384603364,3580,0,3580,:Cel.kernels.submit,2569165,2569200,1,0,364,360,:360:364,--:Cel.kernels.submit
384603470,384606590,3120,0,3120,:Sdd.kernels.submit,2569165,2569200,1,0,365,360,:360:365,--:Sdd.kernels.submit
384606763,384609555,2792,0,2792,:Mi.kernels.submit,2569165,2569200,1,0,366,360,:360:366,--:Mi.kernels.submit
384609828,384612293,2465,0,2465,:Cel.D2H.submit,2569165,2569200,1,0,367,360,:360:367,--:Cel.D2H.submit
384612394,384614534,2140,0,2140,:Sdd.D2H.submit,2569165,2569200,1,0,368,360,:360:368,--:Sdd.D2H.submit
384614628,384616566,1938,0,1938,:Mi.D2H.submit,2569165,2569200,1,0,369,360,:360:369,--:Mi.D2H.submit
384616797,384875477,258680,258178,502,:Cache.freeCacheData,2569165,2569200,1,2,370,360,:360:370,--:Cache.freeCacheData
384617115,384875018,257903,0,257903,:Cache.stream_sync,2569165,2569200,2,0,371,370,:360:370:371,----:Cache.stream_sync
384642450,385020252,377802,323656,54146,:Task.execute,2569165,2569199,0,9,372,,:372,:Task.execute
384643088,384643543,455,0,455,:Cache.getCacheData,2569165,2569199,1,0,373,372,:372:373,--:Cache.getCacheData
384643700,384685377,41677,0,41677,:Frame.H2D.submit_with_staging,2569165,2569199,1,0,374,372,:372:374,--:Frame.H2D.submit_with_staging
384680906,384681170,264,0,264,:Cache.publish_release,2569165,2569201,2,0,375,346,:336:346:375,----:Cache.publish_release
384685582,384689515,3933,0,3933,:Cel.kernels.submit,2569165,2569199,1,0,376,372,:372:376,--:Cel.kernels.submit
384689661,384692377,2716,0,2716,:Sdd.kernels.submit,2569165,2569199,1,0,377,372,:372:377,--:Sdd.kernels.submit
384692598,384695360,2762,0,2762,:Mi.kernels.submit,2569165,2569199,1,0,378,372,:372:378,--:Mi.kernels.submit
384695554,384698237,2683,0,2683,:Cel.D2H.submit,2569165,2569199,1,0,379,372,:372:379,--:Cel.D2H.submit
384698334,384700755,2421,0,2421,:Sdd.D2H.submit,2569165,2569199,1,0,380,372,:372:380,--:Sdd.D2H.submit
384700847,384703527,2680,0,2680,:Mi.D2H.submit,2569165,2569199,1,0,381,372,:372:381,--:Mi.D2H.submit
384703712,384968041,264329,264008,321,:Cache.freeCacheData,2569165,2569199,1,2,382,372,:372:382,--:Cache.freeCacheData
384703877,384967618,263741,0,263741,:Cache.stream_sync,2569165,2569199,2,0,383,382,:372:382:383,----:Cache.stream_sync
384730934,385117653,386719,331143,55576,:Task.execute,2569165,2569201,0,9,384,,:384,:Task.execute
384731534,384731819,285,0,285,:Cache.getCacheData,2569165,2569201,1,0,385,384,:384:385,--:Cache.getCacheData
384731894,384773045,41151,0,41151,:Frame.H2D.submit_with_staging,2569165,2569201,1,0,386,384,:384:386,--:Frame.H2D.submit_with_staging
384772049,384772231,182,0,182,:Cache.publish_release,2569165,2569198,2,0,387,358,:348:358:387,----:Cache.publish_release
384773146,384776431,3285,0,3285,:Cel.kernels.submit,2569165,2569201,1,0,388,384,:384:388,--:Cel.kernels.submit
384776532,384779492,2960,0,2960,:Sdd.kernels.submit,2569165,2569201,1,0,389,384,:384:389,--:Sdd.kernels.submit
384779593,384782113,2520,0,2520,:Mi.kernels.submit,2569165,2569201,1,0,390,384,:384:390,--:Mi.kernels.submit
384782379,384785498,3119,0,3119,:Cel.D2H.submit,2569165,2569201,1,0,391,384,:384:391,--:Cel.D2H.submit
384785590,384788178,2588,0,2588,:Sdd.D2H.submit,2569165,2569201,1,0,392,384,:384:392,--:Sdd.D2H.submit
384788276,384790365,2089,0,2089,:Mi.D2H.submit,2569165,2569201,1,0,393,384,:384:393,--:Mi.D2H.submit
384790462,385063608,273146,272560,586,:Cache.freeCacheData,2569165,2569201,1,2,394,384,:384:394,--:Cache.freeCacheData
384790585,385062946,272361,0,272361,:Cache.stream_sync,2569165,2569201,2,0,395,394,:384:394:395,----:Cache.stream_sync
384824901,385203576,378675,324663,54012,:Task.execute,2569165,2569198,0,9,396,,:396,:Task.execute
384825581,384825914,333,0,333,:Cache.getCacheData,2569165,2569198,1,0,397,396,:396:397,--:Cache.getCacheData
384826027,384860950,34923,0,34923,:Frame.H2D.submit_with_staging,2569165,2569198,1,0,398,396,:396:398,--:Frame.H2D.submit_with_staging
384861047,384864301,3254,0,3254,:Cel.kernels.submit,2569165,2569198,1,0,399,396,:396:399,--:Cel.kernels.submit
384864402,384867101,2699,0,2699,:Sdd.kernels.submit,2569165,2569198,1,0,400,396,:396:400,--:Sdd.kernels.submit
384867213,384869667,2454,0,2454,:Mi.kernels.submit,2569165,2569198,1,0,401,396,:396:401,--:Mi.kernels.submit
384869781,384872490,2709,0,2709,:Cel.D2H.submit,2569165,2569198,1,0,402,396,:396:402,--:Cel.D2H.submit
384872651,384874599,1948,0,1948,:Sdd.D2H.submit,2569165,2569198,1,0,403,396,:396:403,--:Sdd.D2H.submit
384874693,384876391,1698,0,1698,:Mi.D2H.submit,2569165,2569198,1,0,404,396,:396:404,--:Mi.D2H.submit
384875123,384875398,275,0,275,:Cache.publish_release,2569165,2569200,2,0,405,370,:360:370:405,----:Cache.publish_release
384876483,385151128,274645,274257,388,:Cache.freeCacheData,2569165,2569198,1,2,406,396,:396:406,--:Cache.freeCacheData
384876575,385150610,274035,0,274035,:Cache.stream_sync,2569165,2569198,2,0,407,406,:396:406:407,----:Cache.stream_sync
384933661,385296442,362781,308911,53870,:Task.execute,2569165,2569200,0,9,408,,:408,:Task.execute
384934366,384934776,410,0,410,:Cache.getCacheData,2569165,2569200,1,0,409,408,:408:409,--:Cache.getCacheData
384934977,384971542,36565,0,36565,:Frame.H2D.submit_with_staging,2569165,2569200,1,0,410,408,:408:410,--:Frame.H2D.submit_with_staging
384967712,384967979,267,0,267,:Cache.publish_release,2569165,2569199,2,0,411,382,:372:382:411,----:Cache.publish_release
384971703,384975171,3468,0,3468,:Cel.kernels.submit,2569165,2569200,1,0,412,408,:408:412,--:Cel.kernels.submit
384975308,384978339,3031,0,3031,:Sdd.kernels.submit,2569165,2569200,1,0,413,408,:408:413,--:Sdd.kernels.submit
384978563,384981331,2768,0,2768,:Mi.kernels.submit,2569165,2569200,1,0,414,408,:408:414,--:Mi.kernels.submit
384981504,384984200,2696,0,2696,:Cel.D2H.submit,2569165,2569200,1,0,415,408,:408:415,--:Cel.D2H.submit
384984387,384986494,2107,0,2107,:Sdd.D2H.submit,2569165,2569200,1,0,416,408,:408:416,--:Sdd.D2H.submit
384986746,384988913,2167,0,2167,:Mi.D2H.submit,2569165,2569200,1,0,417,408,:408:417,--:Mi.D2H.submit
384989015,385244714,255699,255450,249,:Cache.freeCacheData,2569165,2569200,1,2,418,408,:408:418,--:Cache.freeCacheData
384989113,385244339,255226,0,255226,:Cache.stream_sync,2569165,2569200,2,0,419,418,:408:418:419,----:Cache.stream_sync
385020554,385386876,366322,311774,54548,:Task.execute,2569165,2569199,0,9,420,,:420,:Task.execute
385021185,385021726,541,0,541,:Cache.getCacheData,2569165,2569199,1,0,421,420,:420:421,--:Cache.getCacheData
385022042,385059697,37655,0,37655,:Frame.H2D.submit_with_staging,2569165,2569199,1,0,422,420,:420:422,--:Frame.H2D.submit_with_staging
385059805,385063337,3532,0,3532,:Cel.kernels.submit,2569165,2569199,1,0,423,420,:420:423,--:Cel.kernels.submit
385063030,385063229,199,0,199,:Cache.publish_release,2569165,2569201,2,0,424,394,:384:394:424,----:Cache.publish_release
385063451,385066572,3121,0,3121,:Sdd.kernels.submit,2569165,2569199,1,0,425,420,:420:425,--:Sdd.kernels.submit
385066713,385069427,2714,0,2714,:Mi.kernels.submit,2569165,2569199,1,0,426,420,:420:426,--:Mi.kernels.submit
385069531,385072268,2737,0,2737,:Cel.D2H.submit,2569165,2569199,1,0,427,420,:420:427,--:Cel.D2H.submit
385072672,385074630,1958,0,1958,:Sdd.D2H.submit,2569165,2569199,1,0,428,420,:420:428,--:Sdd.D2H.submit
385074746,385076666,1920,0,1920,:Mi.D2H.submit,2569165,2569199,1,0,429,420,:420:429,--:Mi.D2H.submit
385076754,385334350,257596,257084,512,:Cache.freeCacheData,2569165,2569199,1,2,430,420,:420:430,--:Cache.freeCacheData
385077085,385333951,256866,0,256866,:Cache.stream_sync,2569165,2569199,2,0,431,430,:420:430:431,----:Cache.stream_sync
385118066,385487217,369151,313584,55567,:Task.execute,2569165,2569201,0,9,432,,:432,:Task.execute
385118778,385119078,300,0,300,:Cache.getCacheData,2569165,2569201,1,0,433,432,:432:433,--:Cache.getCacheData
385119263,385154996,35733,0,35733,:Frame.H2D.submit_with_staging,2569165,2569201,1,0,434,432,:432:434,--:Frame.H2D.submit_with_staging
385150754,385150976,222,0,222,:Cache.publish_release,2569165,2569198,2,0,435,406,:396:406:435,----:Cache.publish_release
385155096,385159062,3966,0,3966,:Cel.kernels.submit,2569165,2569201,1,0,436,432,:432:436,--:Cel.kernels.submit
385159279,385162126,2847,0,2847,:Sdd.kernels.submit,2569165,2569201,1,0,437,432,:432:437,--:Sdd.kernels.submit
385162701,385165514,2813,0,2813,:Mi.kernels.submit,2569165,2569201,1,0,438,432,:432:438,--:Mi.kernels.submit
385165730,385168795,3065,0,3065,:Cel.D2H.submit,2569165,2569201,1,0,439,432,:432:439,--:Cel.D2H.submit
385168892,385171146,2254,0,2254,:Sdd.D2H.submit,2569165,2569201,1,0,440,432,:432:440,--:Sdd.D2H.submit
385171230,385173063,1833,0,1833,:Mi.D2H.submit,2569165,2569201,1,0,441,432,:432:441,--:Mi.D2H.submit
385173185,385433958,260773,260533,240,:Cache.freeCacheData,2569165,2569201,1,2,442,432,:432:442,--:Cache.freeCacheData
385173281,385433463,260182,0,260182,:Cache.stream_sync,2569165,2569201,2,0,443,442,:432:442:443,----:Cache.stream_sync
385203990,385573597,369607,314325,55282,:Task.execute,2569165,2569198,0,9,444,,:444,:Task.execute
385204772,385205025,253,0,253,:Cache.getCacheData,2569165,2569198,1,0,445,444,:444:445,--:Cache.getCacheData
385205106,385246294,41188,0,41188,:Frame.H2D.submit_with_staging,2569165,2569198,1,0,446,444,:444:446,--:Frame.H2D.submit_with_staging
385244423,385244647,224,0,224,:Cache.publish_release,2569165,2569200,2,0,447,418,:408:418:447,----:Cache.publish_release
385246422,385250308,3886,0,3886,:Cel.kernels.submit,2569165,2569198,1,0,448,444,:444:448,--:Cel.kernels.submit
385250412,385252773,2361,0,2361,:Sdd.kernels.submit,2569165,2569198,1,0,449,444,:444:449,--:Sdd.kernels.submit
385252982,385255966,2984,0,2984,:Mi.kernels.submit,2569165,2569198,1,0,450,444,:444:450,--:Mi.kernels.submit
385256107,385258905,2798,0,2798,:Cel.D2H.submit,2569165,2569198,1,0,451,444,:444:451,--:Cel.D2H.submit
385259000,385260741,1741,0,1741,:Sdd.D2H.submit,2569165,2569198,1,0,452,444,:444:452,--:Sdd.D2H.submit
385260838,385262532,1694,0,1694,:Mi.D2H.submit,2569165,2569198,1,0,453,444,:444:453,--:Mi.D2H.submit
385262623,385520043,257420,257075,345,:Cache.freeCacheData,2569165,2569198,1,2,454,444,:444:454,--:Cache.freeCacheData
385262715,385519528,256813,0,256813,:Cache.stream_sync,2569165,2569198,2,0,455,454,:444:454:455,----:Cache.stream_sync
385296807,385672195,375388,317982,57406,:Task.execute,2569165,2569200,0,9,456,,:456,:Task.execute
385297697,385297905,208,0,208,:Cache.getCacheData,2569165,2569200,1,0,457,456,:456:457,--:Cache.getCacheData
385297984,385338148,40164,0,40164,:Frame.H2D.submit_with_staging,2569165,2569200,1,0,458,456,:456:458,--:Frame.H2D.submit_with_staging
385334058,385334276,218,0,218,:Cache.publish_release,2569165,2569199,2,0,459,430,:420:430:459,----:Cache.publish_release
385338248,385341803,3555,0,3555,:Cel.kernels.submit,2569165,2569200,1,0,460,456,:456:460,--:Cel.kernels.submit
385341931,385344663,2732,0,2732,:Sdd.kernels.submit,2569165,2569200,1,0,461,456,:456:461,--:Sdd.kernels.submit
385344784,385347726,2942,0,2942,:Mi.kernels.submit,2569165,2569200,1,0,462,456,:456:462,--:Mi.kernels.submit
385347952,385350537,2585,0,2585,:Cel.D2H.submit,2569165,2569200,1,0,463,456,:456:463,--:Cel.D2H.submit
385350741,385352738,1997,0,1997,:Sdd.D2H.submit,2569165,2569200,1,0,464,456,:456:464,--:Sdd.D2H.submit
385352852,385354776,1924,0,1924,:Mi.D2H.submit,2569165,2569200,1,0,465,456,:456:465,--:Mi.D2H.submit
385354874,385616749,261875,261463,412,:Cache.freeCacheData,2569165,2569200,1,2,466,456,:456:466,--:Cache.freeCacheData
385354994,385616298,261304,0,261304,:Cache.stream_sync,2569165,2569200,2,0,467,466,:456:466:467,----:Cache.stream_sync
385387331,385760114,372783,318983,53800,:Task.execute,2569165,2569199,0,9,468,,:468,:Task.execute
385388107,385388343,236,0,236,:Cache.getCacheData,2569165,2569199,1,0,469,468,:468:469,--:Cache.getCacheData
385388422,385425562,37140,0,37140,:Frame.H2D.submit_with_staging,2569165,2569199,1,0,470,468,:468:470,--:Frame.H2D.submit_with_staging
385425683,385429527,3844,0,3844,:Cel.kernels.submit,2569165,2569199,1,0,471,468,:468:471,--:Cel.kernels.submit
385429629,385432517,2888,0,2888,:Sdd.kernels.submit,2569165,2569199,1,0,472,468,:468:472,--:Sdd.kernels.submit
385432763,385436448,3685,0,3685,:Mi.kernels.submit,2569165,2569199,1,0,473,468,:468:473,--:Mi.kernels.submit
385433545,385433896,351,0,351,:Cache.publish_release,2569165,2569201,2,0,474,442,:432:442:474,----:Cache.publish_release
385436632,385439200,2568,0,2568,:Cel.D2H.submit,2569165,2569199,1,0,475,468,:468:475,--:Cel.D2H.submit
385439300,385441323,2023,0,2023,:Sdd.D2H.submit,2569165,2569199,1,0,476,468,:468:476,--:Sdd.D2H.submit
385441444,385443354,1910,0,1910,:Mi.D2H.submit,2569165,2569199,1,0,477,468,:468:477,--:Mi.D2H.submit
385443444,385708133,264689,264326,363,:Cache.freeCacheData,2569165,2569199,1,2,478,468,:468:478,--:Cache.freeCacheData
385443536,385707596,264060,0,264060,:Cache.stream_sync,2569165,2569199,2,0,479,478,:468:478:479,----:Cache.stream_sync
385487635,385852579,364944,310193,54751,:Task.execute,2569165,2569201,0,9,480,,:480,:Task.execute
385488279,385488557,278,0,278,:Cache.getCacheData,2569165,2569201,1,0,481,480,:480:481,--:Cache.getCacheData
385488841,385523017,34176,0,34176,:Frame.H2D.submit_with_staging,2569165,2569201,1,0,482,480,:480:482,--:Frame.H2D.submit_with_staging
385519623,385519885,262,0,262,:Cache.publish_release,2569165,2569198,2,0,483,454,:444:454:483,----:Cache.publish_release
385523119,385526498,3379,0,3379,:Cel.kernels.submit,2569165,2569201,1,0,484,480,:480:484,--:Cel.kernels.submit
385526608,385529436,2828,0,2828,:Sdd.kernels.submit,2569165,2569201,1,0,485,480,:480:485,--:Sdd.kernels.submit
385530156,385532763,2607,0,2607,:Mi.kernels.submit,2569165,2569201,1,0,486,480,:480:486,--:Mi.kernels.submit
385532876,385535980,3104,0,3104,:Cel.D2H.submit,2569165,2569201,1,0,487,480,:480:487,--:Cel.D2H.submit
385536078,385538375,2297,0,2297,:Sdd.D2H.submit,2569165,2569201,1,0,488,480,:480:488,--:Sdd.D2H.submit
385542504,385544668,2164,0,2164,:Mi.D2H.submit,2569165,2569201,1,0,489,480,:480:489,--:Mi.D2H.submit
385544954,385804314,259360,258249,1111,:Cache.freeCacheData,2569165,2569201,1,2,490,480,:480:490,--:Cache.freeCacheData
385545778,385803429,257651,0,257651,:Cache.stream_sync,2569165,2569201,2,0,491,490,:480:490:491,----:Cache.stream_sync
385574180,385951686,377506,310447,67059,:Task.execute,2569165,2569198,0,9,492,,:492,:Task.execute
385574997,385575336,339,0,339,:Cache.getCacheData,2569165,2569198,1,0,493,492,:492:493,--:Cache.getCacheData
385575675,385611327,35652,0,35652,:Frame.H2D.submit_with_staging,2569165,2569198,1,0,494,492,:492:494,--:Frame.H2D.submit_with_staging
385611493,385614928,3435,0,3435,:Cel.kernels.submit,2569165,2569198,1,0,495,492,:492:495,--:Cel.kernels.submit
385615059,385617641,2582,0,2582,:Sdd.kernels.submit,2569165,2569198,1,0,496,492,:492:496,--:Sdd.kernels.submit
385616439,385616598,159,0,159,:Cache.publish_release,2569165,2569200,2,0,497,466,:456:466:497,----:Cache.publish_release
385617922,385620429,2507,0,2507,:Mi.kernels.submit,2569165,2569198,1,0,498,492,:492:498,--:Mi.kernels.submit
385620533,385623443,2910,0,2910,:Cel.D2H.submit,2569165,2569198,1,0,499,492,:492:499,--:Cel.D2H.submit
385623542,385625790,2248,0,2248,:Sdd.D2H.submit,2569165,2569198,1,0,500,492,:492:500,--:Sdd.D2H.submit
385628965,385630983,2018,0,2018,:Mi.D2H.submit,2569165,2569198,1,0,501,492,:492:501,--:Mi.D2H.submit
385631342,385890098,258756,258055,701,:Cache.freeCacheData,2569165,2569198,1,2,502,492,:492:502,--:Cache.freeCacheData
385631874,385889749,257875,0,257875,:Cache.stream_sync,2569165,2569198,2,0,503,502,:492:502:503,----:Cache.stream_sync
385672470,386040027,367557,314475,53082,:Task.execute,2569165,2569200,0,9,504,,:504,:Task.execute
385673123,385673365,242,0,242,:Cache.getCacheData,2569165,2569200,1,0,505,504,:504:505,--:Cache.getCacheData
385673441,385709225,35784,0,35784,:Frame.H2D.submit_with_staging,2569165,2569200,1,0,506,504,:504:506,--:Frame.H2D.submit_with_staging
385707691,385707957,266,0,266,:Cache.publish_release,2569165,2569199,2,0,507,478,:468:478:507,----:Cache.publish_release
385709326,385712827,3501,0,3501,:Cel.kernels.submit,2569165,2569200,1,0,508,504,:504:508,--:Cel.kernels.submit
385712969,385716016,3047,0,3047,:Sdd.kernels.submit,2569165,2569200,1,0,509,504,:504:509,--:Sdd.kernels.submit
385716383,385719585,3202,0,3202,:Mi.kernels.submit,2569165,2569200,1,0,510,504,:504:510,--:Mi.kernels.submit
385719724,385722337,2613,0,2613,:Cel.D2H.submit,2569165,2569200,1,0,511,504,:504:511,--:Cel.D2H.submit
385722436,385724304,1868,0,1868,:Sdd.D2H.submit,2569165,2569200,1,0,512,504,:504:512,--:Sdd.D2H.submit
385724416,385730005,5589,0,5589,:Mi.D2H.submit,2569165,2569200,1,0,513,504,:504:513,--:Mi.D2H.submit
385730228,385988857,258629,257543,1086,:Cache.freeCacheData,2569165,2569200,1,2,514,504,:504:514,--:Cache.freeCacheData
385730854,385987859,257005,0,257005,:Cache.stream_sync,2569165,2569200,2,0,515,514,:504:514:515,----:Cache.stream_sync
385760380,386131428,371048,312210,58838,:Task.execute,2569165,2569199,0,9,516,,:516,:Task.execute
385761152,385761425,273,0,273,:Cache.getCacheData,2569165,2569199,1,0,517,516,:516:517,--:Cache.getCacheData
385761614,385798725,37111,0,37111,:Frame.H2D.submit_with_staging,2569165,2569199,1,0,518,516,:516:518,--:Frame.H2D.submit_with_staging
385798855,385802607,3752,0,3752,:Cel.kernels.submit,2569165,2569199,1,0,519,516,:516:519,--:Cel.kernels.submit
385802714,385805685,2971,0,2971,:Sdd.kernels.submit,2569165,2569199,1,0,520,516,:516:520,--:Sdd.kernels.submit
385803535,385804133,598,0,598,:Cache.publish_release,2569165,2569201,2,0,521,490,:480:490:521,----:Cache.publish_release
385805875,385808717,2842,0,2842,:Mi.kernels.submit,2569165,2569199,1,0,522,516,:516:522,--:Mi.kernels.submit
385808853,385811678,2825,0,2825,:Cel.D2H.submit,2569165,2569199,1,0,523,516,:516:523,--:Cel.D2H.submit
385811855,385814381,2526,0,2526,:Sdd.D2H.submit,2569165,2569199,1,0,524,516,:516:524,--:Sdd.D2H.submit
385817409,385819511,2102,0,2102,:Mi.D2H.submit,2569165,2569199,1,0,525,516,:516:525,--:Mi.D2H.submit
385819723,386077531,257808,257367,441,:Cache.freeCacheData,2569165,2569199,1,2,526,516,:516:526,--:Cache.freeCacheData
385819970,386076943,256973,0,256973,:Cache.stream_sync,2569165,2569199,2,0,527,526,:516:526:527,----:Cache.stream_sync
385853046,386239579,386533,326806,59727,:Task.execute,2569165,2569201,0,9,528,,:528,:Task.execute
385853900,385854124,224,0,224,:Cache.getCacheData,2569165,2569201,1,0,529,528,:528:529,--:Cache.getCacheData
385854200,385890873,36673,0,36673,:Frame.H2D.submit_with_staging,2569165,2569201,1,0,530,528,:528:530,--:Frame.H2D.submit_with_staging
385889855,385890035,180,0,180,:Cache.publish_release,2569165,2569198,2,0,531,502,:492:502:531,----:Cache.publish_release
385890973,385894480,3507,0,3507,:Cel.kernels.submit,2569165,2569201,1,0,532,528,:528:532,--:Cel.kernels.submit
385894599,385897115,2516,0,2516,:Sdd.kernels.submit,2569165,2569201,1,0,533,528,:528:533,--:Sdd.kernels.submit
385897225,385900064,2839,0,2839,:Mi.kernels.submit,2569165,2569201,1,0,534,528,:528:534,--:Mi.kernels.submit
385900172,385902891,2719,0,2719,:Cel.D2H.submit,2569165,2569201,1,0,535,528,:528:535,--:Cel.D2H.submit
385903183,385905845,2662,0,2662,:Sdd.D2H.submit,2569165,2569201,1,0,536,528,:528:536,--:Sdd.D2H.submit
385905945,385908195,2250,0,2250,:Mi.D2H.submit,2569165,2569201,1,0,537,528,:528:537,--:Mi.D2H.submit
385908292,386181708,273416,273132,284,:Cache.freeCacheData,2569165,2569201,1,2,538,528,:528:538,--:Cache.freeCacheData
385908391,386181254,272863,0,272863,:Cache.stream_sync,2569165,2569201,2,0,539,538,:528:538:539,----:Cache.stream_sync
385952047,386335610,383563,321868,61695,:Task.execute,2569165,2569198,0,9,540,,:540,:Task.execute
385953564,385953853,289,0,289,:Cache.getCacheData,2569165,2569198,1,0,541,540,:540:541,--:Cache.getCacheData
385953960,385991212,37252,0,37252,:Frame.H2D.submit_with_staging,2569165,2569198,1,0,542,540,:540:542,--:Frame.H2D.submit_with_staging
385988018,385988556,538,0,538,:Cache.publish_release,2569165,2569200,2,0,543,514,:504:514:543,----:Cache.publish_release
385991307,385995169,3862,0,3862,:Cel.kernels.submit,2569165,2569198,1,0,544,540,:540:544,--:Cel.kernels.submit
385995433,385997808,2375,0,2375,:Sdd.kernels.submit,2569165,2569198,1,0,545,540,:540:545,--:Sdd.kernels.submit
385997912,386000434,2522,0,2522,:Mi.kernels.submit,2569165,2569198,1,0,546,540,:540:546,--:Mi.kernels.submit
386000563,386003358,2795,0,2795,:Cel.D2H.submit,2569165,2569198,1,0,547,540,:540:547,--:Cel.D2H.submit
386003462,386005915,2453,0,2453,:Sdd.D2H.submit,2569165,2569198,1,0,548,540,:540:548,--:Sdd.D2H.submit
386006012,386007805,1793,0,1793,:Mi.D2H.submit,2569165,2569198,1,0,549,540,:540:549,--:Mi.D2H.submit
386007902,386276429,268527,268274,253,:Cache.freeCacheData,2569165,2569198,1,2,550,540,:540:550,--:Cache.freeCacheData
386007992,386276030,268038,0,268038,:Cache.stream_sync,2569165,2569198,2,0,551,550,:540:550:551,----:Cache.stream_sync
386040417,386443545,403128,338037,65091,:Task.execute,2569165,2569200,0,9,552,,:552,:Task.execute
386041237,386041591,354,0,354,:Cache.getCacheData,2569165,2569200,1,0,553,552,:552:553,--:Cache.getCacheData
386041854,386086958,45104,0,45104,:Frame.H2D.submit_with_staging,2569165,2569200,1,0,554,552,:552:554,--:Frame.H2D.submit_with_staging
386077065,386077459,394,0,394,:Cache.publish_release,2569165,2569199,2,0,555,526,:516:526:555,----:Cache.publish_release
386087252,386091233,3981,0,3981,:Cel.kernels.submit,2569165,2569200,1,0,556,552,:552:556,--:Cel.kernels.submit
386091426,386094724,3298,0,3298,:Sdd.kernels.submit,2569165,2569200,1,0,557,552,:552:557,--:Sdd.kernels.submit
386094880,386097638,2758,0,2758,:Mi.kernels.submit,2569165,2569200,1,0,558,552,:552:558,--:Mi.kernels.submit
386097923,386100268,2345,0,2345,:Cel.D2H.submit,2569165,2569200,1,0,559,552,:552:559,--:Cel.D2H.submit
386100459,386103089,2630,0,2630,:Sdd.D2H.submit,2569165,2569200,1,0,560,552,:552:560,--:Sdd.D2H.submit
386103615,386105571,1956,0,1956,:Mi.D2H.submit,2569165,2569200,1,0,561,552,:552:561,--:Mi.D2H.submit
386105934,386381545,275611,275115,496,:Cache.freeCacheData,2569165,2569200,1,2,562,552,:552:562,--:Cache.freeCacheData
386106267,386381190,274923,0,274923,:Cache.stream_sync,2569165,2569200,2,0,563,562,:552:562:563,----:Cache.stream_sync
386131679,386556354,424675,345971,78704,:Task.execute,2569165,2569199,0,9,564,,:564,:Task.execute
386133056,386133341,285,0,285,:Cache.getCacheData,2569165,2569199,1,0,565,564,:564:565,--:Cache.getCacheData
386133442,386194728,61286,0,61286,:Frame.H2D.submit_with_staging,2569165,2569199,1,0,566,564,:564:566,--:Frame.H2D.submit_with_staging
386181358,386181627,269,0,269,:Cache.publish_release,2569165,2569201,2,0,567,538,:528:538:567,----:Cache.publish_release
386194860,386199057,4197,0,4197,:Cel.kernels.submit,2569165,2569199,1,0,568,564,:564:568,--:Cel.kernels.submit
386199172,386201949,2777,0,2777,:Sdd.kernels.submit,2569165,2569199,1,0,569,564,:564:569,--:Sdd.kernels.submit
386202075,386205055,2980,0,2980,:Mi.kernels.submit,2569165,2569199,1,0,570,564,:564:570,--:Mi.kernels.submit
386205287,386208443,3156,0,3156,:Cel.D2H.submit,2569165,2569199,1,0,571,564,:564:571,--:Cel.D2H.submit
386208548,386211268,2720,0,2720,:Sdd.D2H.submit,2569165,2569199,1,0,572,564,:564:572,--:Sdd.D2H.submit
386211482,386213698,2216,0,2216,:Mi.D2H.submit,2569165,2569199,1,0,573,564,:564:573,--:Mi.D2H.submit
386213786,386480140,266354,265901,453,:Cache.freeCacheData,2569165,2569199,1,2,574,564,:564:574,--:Cache.freeCacheData
386213946,386479380,265434,0,265434,:Cache.stream_sync,2569165,2569199,2,0,575,574,:564:574:575,----:Cache.stream_sync
386239994,386656152,416158,348493,67665,:Task.execute,2569165,2569201,0,9,576,,:576,:Task.execute
386240698,386240950,252,0,252,:Cache.getCacheData,2569165,2569201,1,0,577,576,:576:577,--:Cache.getCacheData
386241044,386286194,45150,0,45150,:Frame.H2D.submit_with_staging,2569165,2569201,1,0,578,576,:576:578,--:Frame.H2D.submit_with_staging
386276115,386276351,236,0,236,:Cache.publish_release,2569165,2569198,2,0,579,550,:540:550:579,----:Cache.publish_release
386286323,386291009,4686,0,4686,:Cel.kernels.submit,2569165,2569201,1,0,580,576,:576:580,--:Cel.kernels.submit
386291126,386294650,3524,0,3524,:Sdd.kernels.submit,2569165,2569201,1,0,581,576,:576:581,--:Sdd.kernels.submit
386294870,386298430,3560,0,3560,:Mi.kernels.submit,2569165,2569201,1,0,582,576,:576:582,--:Mi.kernels.submit
386298638,386302495,3857,0,3857,:Cel.D2H.submit,2569165,2569201,1,0,583,576,:576:583,--:Cel.D2H.submit
386302664,386305351,2687,0,2687,:Sdd.D2H.submit,2569165,2569201,1,0,584,576,:576:584,--:Sdd.D2H.submit
386305489,386308169,2680,0,2680,:Mi.D2H.submit,2569165,2569201,1,0,585,576,:576:585,--:Mi.D2H.submit
386308324,386590421,282097,281744,353,:Cache.freeCacheData,2569165,2569201,1,2,586,576,:576:586,--:Cache.freeCacheData
386308467,386589963,281496,0,281496,:Cache.stream_sync,2569165,2569201,2,0,587,586,:576:586:587,----:Cache.stream_sync
386335977,386772348,436371,363216,73155,:Task.execute,2569165,2569198,0,9,588,,:588,:Task.execute
386336747,386336961,214,0,214,:Cache.getCacheData,2569165,2569198,1,0,589,588,:588:589,--:Cache.getCacheData
386337043,386379849,42806,0,42806,:Frame.H2D.submit_with_staging,2569165,2569198,1,0,590,588,:588:590,--:Frame.H2D.submit_with_staging
386379956,386383608,3652,0,3652,:Cel.kernels.submit,2569165,2569198,1,0,591,588,:588:591,--:Cel.kernels.submit
386381273,386381465,192,0,192,:Cache.publish_release,2569165,2569200,2,0,592,562,:552:562:592,----:Cache.publish_release
386383711,386386251,2540,0,2540,:Sdd.kernels.submit,2569165,2569198,1,0,593,588,:588:593,--:Sdd.kernels.submit
386386447,386389626,3179,0,3179,:Mi.kernels.submit,2569165,2569198,1,0,594,588,:588:594,--:Mi.kernels.submit
386389833,386392202,2369,0,2369,:Cel.D2H.submit,2569165,2569198,1,0,595,588,:588:595,--:Cel.D2H.submit
386392383,386394785,2402,0,2402,:Sdd.D2H.submit,2569165,2569198,1,0,596,588,:588:596,--:Sdd.D2H.submit
386394888,386396770,1882,0,1882,:Mi.D2H.submit,2569165,2569198,1,0,597,588,:588:597,--:Mi.D2H.submit
386396878,386701050,304172,303751,421,:Cache.freeCacheData,2569165,2569198,1,2,598,588,:588:598,--:Cache.freeCacheData
386396979,386700204,303225,0,303225,:Cache.stream_sync,2569165,2569198,2,0,599,598,:588:598:599,----:Cache.stream_sync
386443804,386875272,431468,361666,69802,:Task.execute,2569165,2569200,0,9,600,,:600,:Task.execute
386444743,386445458,715,0,715,:Cache.getCacheData,2569165,2569200,1,0,601,600,:600:601,--:Cache.getCacheData
386445875,386486825,40950,0,40950,:Frame.H2D.submit_with_staging,2569165,2569200,1,0,602,600,:600:602,--:Frame.H2D.submit_with_staging
386479568,386480035,467,0,467,:Cache.publish_release,2569165,2569199,2,0,603,574,:564:574:603,----:Cache.publish_release
386487119,386490838,3719,0,3719,:Cel.kernels.submit,2569165,2569200,1,0,604,600,:600:604,--:Cel.kernels.submit
386490972,386494986,4014,0,4014,:Sdd.kernels.submit,2569165,2569200,1,0,605,600,:600:605,--:Sdd.kernels.submit
386495374,386498835,3461,0,3461,:Mi.kernels.submit,2569165,2569200,1,0,606,600,:600:606,--:Mi.kernels.submit
386499074,386502638,3564,0,3564,:Cel.D2H.submit,2569165,2569200,1,0,607,600,:600:607,--:Cel.D2H.submit
386503063,386505533,2470,0,2470,:Sdd.D2H.submit,2569165,2569200,1,0,608,600,:600:608,--:Sdd.D2H.submit
386505635,386507616,1981,0,1981,:Mi.D2H.submit,2569165,2569200,1,0,609,600,:600:609,--:Mi.D2H.submit
386507720,386808512,300792,300385,407,:Cache.freeCacheData,2569165,2569200,1,2,610,600,:600:610,--:Cache.freeCacheData
386507826,386807905,300079,0,300079,:Cache.stream_sync,2569165,2569200,2,0,611,610,:600:610:611,----:Cache.stream_sync
386556752,386965272,408520,347974,60546,:Task.execute,2569165,2569199,0,9,612,,:612,:Task.execute
386558231,386559142,911,0,911,:Cache.getCacheData,2569165,2569199,1,0,613,612,:612:613,--:Cache.getCacheData
386559316,386611374,52058,0,52058,:Frame.H2D.submit_with_staging,2569165,2569199,1,0,614,612,:612:614,--:Frame.H2D.submit_with_staging
386590090,386590338,248,0,248,:Cache.publish_release,2569165,2569201,2,0,615,586,:576:586:615,----:Cache.publish_release
386611645,386619157,7512,0,7512,:Cel.kernels.submit,2569165,2569199,1,0,616,612,:612:616,--:Cel.kernels.submit
386619324,386624075,4751,0,4751,:Sdd.kernels.submit,2569165,2569199,1,0,617,612,:612:617,--:Sdd.kernels.submit
386624368,386628866,4498,0,4498,:Mi.kernels.submit,2569165,2569199,1,0,618,612,:612:618,--:Mi.kernels.submit
386629435,386634364,4929,0,4929,:Cel.D2H.submit,2569165,2569199,1,0,619,612,:612:619,--:Cel.D2H.submit
386634507,386637808,3301,0,3301,:Sdd.D2H.submit,2569165,2569199,1,0,620,612,:612:620,--:Sdd.D2H.submit
386637968,386640778,2810,0,2810,:Mi.D2H.submit,2569165,2569199,1,0,621,612,:612:621,--:Mi.D2H.submit
386641050,386908254,267204,266480,724,:Cache.freeCacheData,2569165,2569199,1,2,622,612,:612:622,--:Cache.freeCacheData
386641454,386907356,265902,0,265902,:Cache.stream_sync,2569165,2569199,2,0,623,622,:612:622:623,----:Cache.stream_sync
386656695,387069498,412803,357336,55467,:Task.execute,2569165,2569201,0,9,624,,:624,:Task.execute
386657699,386658050,351,0,351,:Cache.getCacheData,2569165,2569201,1,0,625,624,:624:625,--:Cache.getCacheData
386658203,386716042,57839,0,57839,:Frame.H2D.submit_with_staging,2569165,2569201,1,0,626,624,:624:626,--:Frame.H2D.submit_with_staging
386700299,386700825,526,0,526,:Cache.publish_release,2569165,2569198,2,0,627,598,:588:598:627,----:Cache.publish_release
386716190,386720399,4209,0,4209,:Cel.kernels.submit,2569165,2569201,1,0,628,624,:624:628,--:Cel.kernels.submit
386720514,386724106,3592,0,3592,:Sdd.kernels.submit,2569165,2569201,1,0,629,624,:624:629,--:Sdd.kernels.submit
386724430,386727218,2788,0,2788,:Mi.kernels.submit,2569165,2569201,1,0,630,624,:624:630,--:Mi.kernels.submit
386727395,386730318,2923,0,2923,:Cel.D2H.submit,2569165,2569201,1,0,631,624,:624:631,--:Cel.D2H.submit
386730545,386733050,2505,0,2505,:Sdd.D2H.submit,2569165,2569201,1,0,632,624,:624:632,--:Sdd.D2H.submit
386733154,386735545,2391,0,2391,:Mi.D2H.submit,2569165,2569201,1,0,633,624,:624:633,--:Mi.D2H.submit
386735811,387016549,280738,280110,628,:Cache.freeCacheData,2569165,2569201,1,2,634,624,:624:634,--:Cache.freeCacheData
386736287,387016076,279789,0,279789,:Cache.stream_sync,2569165,2569201,2,0,635,634,:624:634:635,----:Cache.stream_sync
386772690,387153184,380494,325791,54703,:Task.execute,2569165,2569198,0,9,636,,:636,:Task.execute
386774201,386774604,403,0,403,:Cache.getCacheData,2569165,2569198,1,0,637,636,:636:637,--:Cache.getCacheData
386774757,386836188,61431,0,61431,:Frame.H2D.submit_with_staging,2569165,2569198,1,0,638,636,:636:638,--:Frame.H2D.submit_with_staging
386808059,386808365,306,0,306,:Cache.publish_release,2569165,2569200,2,0,639,610,:600:610:639,----:Cache.publish_release
386836333,386839890,3557,0,3557,:Cel.kernels.submit,2569165,2569198,1,0,640,636,:636:640,--:Cel.kernels.submit
386840002,386842728,2726,0,2726,:Sdd.kernels.submit,2569165,2569198,1,0,641,636,:636:641,--:Sdd.kernels.submit
386842921,386846242,3321,0,3321,:Mi.kernels.submit,2569165,2569198,1,0,642,636,:636:642,--:Mi.kernels.submit
386846471,386849099,2628,0,2628,:Cel.D2H.submit,2569165,2569198,1,0,643,636,:636:643,--:Cel.D2H.submit
386849351,386851310,1959,0,1959,:Sdd.D2H.submit,2569165,2569198,1,0,644,636,:636:644,--:Sdd.D2H.submit
386851413,386853304,1891,0,1891,:Mi.D2H.submit,2569165,2569198,1,0,645,636,:636:645,--:Mi.D2H.submit
386853549,387101424,247875,247037,838,:Cache.freeCacheData,2569165,2569198,1,2,646,636,:636:646,--:Cache.freeCacheData
386854077,387100808,246731,0,246731,:Cache.stream_sync,2569165,2569198,2,0,647,646,:636:646:647,----:Cache.stream_sync
386875621,387252275,376654,321954,54700,:Task.execute,2569165,2569200,0,9,648,,:648,:Task.execute
386876371,386876684,313,0,313,:Cache.getCacheData,2569165,2569200,1,0,649,648,:648:649,--:Cache.getCacheData
386876830,386930918,54088,0,54088,:Frame.H2D.submit_with_staging,2569165,2569200,1,0,650,648,:648:650,--:Frame.H2D.submit_with_staging
386907518,386908096,578,0,578,:Cache.publish_release,2569165,2569199,2,0,651,622,:612:622:651,----:Cache.publish_release
386931022,386935371,4349,0,4349,:Cel.kernels.submit,2569165,2569200,1,0,652,648,:648:652,--:Cel.kernels.submit
386935558,386938750,3192,0,3192,:Sdd.kernels.submit,2569165,2569200,1,0,653,648,:648:653,--:Sdd.kernels.submit
386939048,386941805,2757,0,2757,:Mi.kernels.submit,2569165,2569200,1,0,654,648,:648:654,--:Mi.kernels.submit
386941942,386944951,3009,0,3009,:Cel.D2H.submit,2569165,2569200,1,0,655,648,:648:655,--:Cel.D2H.submit
386945053,386946984,1931,0,1931,:Sdd.D2H.submit,2569165,2569200,1,0,656,648,:648:656,--:Sdd.D2H.submit
386947088,386949010,1922,0,1922,:Mi.D2H.submit,2569165,2569200,1,0,657,648,:648:657,--:Mi.D2H.submit
386949096,387199489,250393,249885,508,:Cache.freeCacheData,2569165,2569200,1,2,658,648,:648:658,--:Cache.freeCacheData
386949357,387198784,249427,0,249427,:Cache.stream_sync,2569165,2569200,2,0,659,658,:648:658:659,----:Cache.stream_sync
386965665,387340285,374620,320847,53773,:Task.execute,2569165,2569199,0,9,660,,:660,:Task.execute
386966742,386967443,701,0,701,:Cache.getCacheData,2569165,2569199,1,0,661,660,:660:661,--:Cache.getCacheData
386967701,387012434,44733,0,44733,:Frame.H2D.submit_with_staging,2569165,2569199,1,0,662,660,:660:662,--:Frame.H2D.submit_with_staging
387012636,387017703,5067,0,5067,:Cel.kernels.submit,2569165,2569199,1,0,663,660,:660:663,--:Cel.kernels.submit
387016159,387016480,321,0,321,:Cache.publish_release,2569165,2569201,2,0,664,634,:624:634:664,----:Cache.publish_release
387018075,387021141,3066,0,3066,:Sdd.kernels.submit,2569165,2569199,1,0,665,660,:660:665,--:Sdd.kernels.submit
387021465,387024137,2672,0,2672,:Mi.kernels.submit,2569165,2569199,1,0,666,660,:660:666,--:Mi.kernels.submit
387024287,387027183,2896,0,2896,:Cel.D2H.submit,2569165,2569199,1,0,667,660,:660:667,--:Cel.D2H.submit
387027282,387029392,2110,0,2110,:Sdd.D2H.submit,2569165,2569199,1,0,668,660,:660:668,--:Sdd.D2H.submit
387029487,387031448,1961,0,1961,:Mi.D2H.submit,2569165,2569199,1,0,669,660,:660:669,--:Mi.D2H.submit
387031546,387289187,257641,257185,456,:Cache.freeCacheData,2569165,2569199,1,2,670,660,:660:670,--:Cache.freeCacheData
387031831,387288750,256919,0,256919,:Cache.stream_sync,2569165,2569199,2,0,671,670,:660:670:671,----:Cache.stream_sync
387069723,387440406,370683,318426,52257,:Task.execute,2569165,2569201,0,9,672,,:672,:Task.execute
387070280,387070580,300,0,300,:Cache.getCacheData,2569165,2569201,1,0,673,672,:672:673,--:Cache.getCacheData
387070878,387107667,36789,0,36789,:Frame.H2D.submit_with_staging,2569165,2569201,1,0,674,672,:672:674,--:Frame.H2D.submit_with_staging
387100952,387101258,306,0,306,:Cache.publish_release,2569165,2569198,2,0,675,646,:636:646:675,----:Cache.publish_release
387107823,387111671,3848,0,3848,:Cel.kernels.submit,2569165,2569201,1,0,676,672,:672:676,--:Cel.kernels.submit
387111778,387114408,2630,0,2630,:Sdd.kernels.submit,2569165,2569201,1,0,677,672,:672:677,--:Sdd.kernels.submit
387114827,387118220,3393,0,3393,:Mi.kernels.submit,2569165,2569201,1,0,678,672,:672:678,--:Mi.kernels.submit
387118346,387120910,2564,0,2564,:Cel.D2H.submit,2569165,2569201,1,0,679,672,:672:679,--:Cel.D2H.submit
387121145,387123435,2290,0,2290,:Sdd.D2H.submit,2569165,2569201,1,0,680,672,:672:680,--:Sdd.D2H.submit
387123607,387125857,2250,0,2250,:Mi.D2H.submit,2569165,2569201,1,0,681,672,:672:681,--:Mi.D2H.submit
387125969,387390331,264362,263916,446,:Cache.freeCacheData,2569165,2569201,1,2,682,672,:672:682,--:Cache.freeCacheData
387126257,387389914,263657,0,263657,:Cache.stream_sync,2569165,2569201,2,0,683,682,:672:682:683,----:Cache.stream_sync
387153531,387532871,379340,321795,57545,:Task.execute,2569165,2569198,0,9,684,,:684,:Task.execute
387154283,387154563,280,0,280,:Cache.getCacheData,2569165,2569198,1,0,685,684,:684:685,--:Cache.getCacheData
387154880,387192960,38080,0,38080,:Frame.H2D.submit_with_staging,2569165,2569198,1,0,686,684,:684:686,--:Frame.H2D.submit_with_staging
387193450,387197299,3849,0,3849,:Cel.kernels.submit,2569165,2569198,1,0,687,684,:684:687,--:Cel.kernels.submit
387197407,387199939,2532,0,2532,:Sdd.kernels.submit,2569165,2569198,1,0,688,684,:684:688,--:Sdd.kernels.submit
387198869,387199327,458,0,458,:Cache.publish_release,2569165,2569200,2,0,689,658,:648:658:689,----:Cache.publish_release
387200052,387202982,2930,0,2930,:Mi.kernels.submit,2569165,2569198,1,0,690,684,:684:690,--:Mi.kernels.submit
387203401,387206284,2883,0,2883,:Cel.D2H.submit,2569165,2569198,1,0,691,684,:684:691,--:Cel.D2H.submit
387206443,387208835,2392,0,2392,:Sdd.D2H.submit,2569165,2569198,1,0,692,684,:684:692,--:Sdd.D2H.submit
387208940,387211050,2110,0,2110,:Mi.D2H.submit,2569165,2569198,1,0,693,684,:684:693,--:Mi.D2H.submit
387211149,387477888,266739,266115,624,:Cache.freeCacheData,2569165,2569198,1,2,694,684,:684:694,--:Cache.freeCacheData
387211573,387477455,265882,0,265882,:Cache.stream_sync,2569165,2569198,2,0,695,694,:684:694:695,----:Cache.stream_sync
387252601,387627820,375219,317146,58073,:Task.execute,2569165,2569200,0,9,696,,:696,:Task.execute
387253356,387253671,315,0,315,:Cache.getCacheData,2569165,2569200,1,0,697,696,:696:697,--:Cache.getCacheData
387253858,387289353,35495,0,35495,:Frame.H2D.submit_with_staging,2569165,2569200,1,0,698,696,:696:698,--:Frame.H2D.submit_with_staging
387288832,387289098,266,0,266,:Cache.publish_release,2569165,2569199,2,0,699,670,:660:670:699,----:Cache.publish_release
387289706,387293567,3861,0,3861,:Cel.kernels.submit,2569165,2569200,1,0,700,696,:696:700,--:Cel.kernels.submit
387293673,387296488,2815,0,2815,:Sdd.kernels.submit,2569165,2569200,1,0,701,696,:696:701,--:Sdd.kernels.submit
387296680,387299668,2988,0,2988,:Mi.kernels.submit,2569165,2569200,1,0,702,696,:696:702,--:Mi.kernels.submit
387299777,387302524,2747,0,2747,:Cel.D2H.submit,2569165,2569200,1,0,703,696,:696:703,--:Cel.D2H.submit
387302879,387305202,2323,0,2323,:Sdd.D2H.submit,2569165,2569200,1,0,704,696,:696:704,--:Sdd.D2H.submit
387305312,387307424,2112,0,2112,:Mi.D2H.submit,2569165,2569200,1,0,705,696,:696:705,--:Mi.D2H.submit
387307528,387572018,264490,264169,321,:Cache.freeCacheData,2569165,2569200,1,2,706,696,:696:706,--:Cache.freeCacheData
387307641,387571539,263898,0,263898,:Cache.stream_sync,2569165,2569200,2,0,707,706,:696:706:707,----:Cache.stream_sync
387340646,387709968,369322,317643,51679,:Task.execute,2569165,2569199,0,9,708,,:708,:Task.execute
387341417,387341618,201,0,201,:Cache.getCacheData,2569165,2569199,1,0,709,708,:708:709,--:Cache.getCacheData
387341724,387378084,36360,0,36360,:Frame.H2D.submit_with_staging,2569165,2569199,1,0,710,708,:708:710,--:Frame.H2D.submit_with_staging
387378297,387381982,3685,0,3685,:Cel.kernels.submit,2569165,2569199,1,0,711,708,:708:711,--:Cel.kernels.submit
387382118,387384968,2850,0,2850,:Sdd.kernels.submit,2569165,2569199,1,0,712,708,:708:712,--:Sdd.kernels.submit
387385072,387388049,2977,0,2977,:Mi.kernels.submit,2569165,2569199,1,0,713,708,:708:713,--:Mi.kernels.submit
387388186,387391055,2869,0,2869,:Cel.D2H.submit,2569165,2569199,1,0,714,708,:708:714,--:Cel.D2H.submit
387390002,387390261,259,0,259,:Cache.publish_release,2569165,2569201,2,0,715,682,:672:682:715,----:Cache.publish_release
387391445,387393963,2518,0,2518,:Sdd.D2H.submit,2569165,2569199,1,0,716,708,:708:716,--:Sdd.D2H.submit
387394280,387396511,2231,0,2231,:Mi.D2H.submit,2569165,2569199,1,0,717,708,:708:717,--:Mi.D2H.submit
387396612,387660564,263952,263544,408,:Cache.freeCacheData,2569165,2569199,1,2,718,708,:708:718,--:Cache.freeCacheData
387396848,387660159,263311,0,263311,:Cache.stream_sync,2569165,2569199,2,0,719,718,:708:718:719,----:Cache.stream_sync
387440696,387809740,369044,312318,56726,:Task.execute,2569165,2569201,0,9,720,,:720,:Task.execute
387441447,387441686,239,0,239,:Cache.getCacheData,2569165,2569201,1,0,721,720,:720:721,--:Cache.getCacheData
387441789,387477831,36042,0,36042,:Frame.H2D.submit_with_staging,2569165,2569201,1,0,722,720,:720:722,--:Frame.H2D.submit_with_staging
387477567,387477800,233,0,233,:Cache.publish_release,2569165,2569198,2,0,723,694,:684:694:723,----:Cache.publish_release
387478072,387481620,3548,0,3548,:Cel.kernels.submit,2569165,2569201,1,0,724,720,:720:724,--:Cel.kernels.submit
387481777,387484805,3028,0,3028,:Sdd.kernels.submit,2569165,2569201,1,0,725,720,:720:725,--:Sdd.kernels.submit
387484926,387487896,2970,0,2970,:Mi.kernels.submit,2569165,2569201,1,0,726,720,:720:726,--:Mi.kernels.submit
387488007,387491218,3211,0,3211,:Cel.D2H.submit,2569165,2569201,1,0,727,720,:720:727,--:Cel.D2H.submit
387491322,387493393,2071,0,2071,:Sdd.D2H.submit,2569165,2569201,1,0,728,720,:720:728,--:Sdd.D2H.submit
387493488,387495372,1884,0,1884,:Mi.D2H.submit,2569165,2569201,1,0,729,720,:720:729,--:Mi.D2H.submit
387495472,387754797,259325,258858,467,:Cache.freeCacheData,2569165,2569201,1,2,730,720,:720:730,--:Cache.freeCacheData
387495608,387754186,258578,0,258578,:Cache.stream_sync,2569165,2569201,2,0,731,730,:720:730:731,----:Cache.stream_sync
387533214,387896031,362817,304602,58215,:Task.execute,2569165,2569198,0,9,732,,:732,:Task.execute
387533980,387534287,307,0,307,:Cache.getCacheData,2569165,2569198,1,0,733,732,:732:733,--:Cache.getCacheData
387534368,387569907,35539,0,35539,:Frame.H2D.submit_with_staging,2569165,2569198,1,0,734,732,:732:734,--:Frame.H2D.submit_with_staging
387570012,387573447,3435,0,3435,:Cel.kernels.submit,2569165,2569198,1,0,735,732,:732:735,--:Cel.kernels.submit
387571665,387571936,271,0,271,:Cache.publish_release,2569165,2569200,2,0,736,706,:696:706:736,----:Cache.publish_release
387573673,387576554,2881,0,2881,:Sdd.kernels.submit,2569165,2569198,1,0,737,732,:732:737,--:Sdd.kernels.submit
387576667,387579402,2735,0,2735,:Mi.kernels.submit,2569165,2569198,1,0,738,732,:732:738,--:Mi.kernels.submit
387579765,387582286,2521,0,2521,:Cel.D2H.submit,2569165,2569198,1,0,739,732,:732:739,--:Cel.D2H.submit
387582391,387584211,1820,0,1820,:Sdd.D2H.submit,2569165,2569198,1,0,740,732,:732:740,--:Sdd.D2H.submit
387584309,387586051,1742,0,1742,:Mi.D2H.submit,2569165,2569198,1,0,741,732,:732:741,--:Mi.D2H.submit
387586150,387839772,253622,253321,301,:Cache.freeCacheData,2569165,2569198,1,2,742,732,:732:742,--:Cache.freeCacheData
387586249,387839264,253015,0,253015,:Cache.stream_sync,2569165,2569198,2,0,743,742,:732:742:743,----:Cache.stream_sync
387628153,388003859,375706,316292,59414,:Task.execute,2569165,2569200,0,9,744,,:744,:Task.execute
387628847,387629266,419,0,419,:Cache.getCacheData,2569165,2569200,1,0,745,744,:744:745,--:Cache.getCacheData
387629367,387664777,35410,0,35410,:Frame.H2D.submit_with_staging,2569165,2569200,1,0,746,744,:744:746,--:Frame.H2D.submit_with_staging
387660263,387660496,233,0,233,:Cache.publish_release,2569165,2569199,2,0,747,718,:708:718:747,----:Cache.publish_release
387664901,387668436,3535,0,3535,:Cel.kernels.submit,2569165,2569200,1,0,748,744,:744:748,--:Cel.kernels.submit
387668555,387671483,2928,0,2928,:Sdd.kernels.submit,2569165,2569200,1,0,749,744,:744:749,--:Sdd.kernels.submit
387671594,387674426,2832,0,2832,:Mi.kernels.submit,2569165,2569200,1,0,750,744,:744:750,--:Mi.kernels.submit
387674723,387677598,2875,0,2875,:Cel.D2H.submit,2569165,2569200,1,0,751,744,:744:751,--:Cel.D2H.submit
387677984,387680098,2114,0,2114,:Sdd.D2H.submit,2569165,2569200,1,0,752,744,:744:752,--:Sdd.D2H.submit
387680212,387682307,2095,0,2095,:Mi.D2H.submit,2569165,2569200,1,0,753,744,:744:753,--:Mi.D2H.submit
387682411,387946495,264084,263805,279,:Cache.freeCacheData,2569165,2569200,1,2,754,744,:744:754,--:Cache.freeCacheData
387682509,387945992,263483,0,263483,:Cache.stream_sync,2569165,2569200,2,0,755,754,:744:754:755,----:Cache.stream_sync
387710385,388095395,385010,326095,58915,:Task.execute,2569165,2569199,0,9,756,,:756,:Task.execute
387710968,387711266,298,0,298,:Cache.getCacheData,2569165,2569199,1,0,757,756,:756:757,--:Cache.getCacheData
387711348,387751086,39738,0,39738,:Frame.H2D.submit_with_staging,2569165,2569199,1,0,758,756,:756:758,--:Frame.H2D.submit_with_staging
387751207,387754759,3552,0,3552,:Cel.kernels.submit,2569165,2569199,1,0,759,756,:756:759,--:Cel.kernels.submit
387754292,387754572,280,0,280,:Cache.publish_release,2569165,2569201,2,0,760,730,:720:730:760,----:Cache.publish_release
387754917,387758002,3085,0,3085,:Sdd.kernels.submit,2569165,2569199,1,0,761,756,:756:761,--:Sdd.kernels.submit
387758130,387760879,2749,0,2749,:Mi.kernels.submit,2569165,2569199,1,0,762,756,:756:762,--:Mi.kernels.submit
387761130,387763973,2843,0,2843,:Cel.D2H.submit,2569165,2569199,1,0,763,756,:756:763,--:Cel.D2H.submit
387764071,387766082,2011,0,2011,:Sdd.D2H.submit,2569165,2569199,1,0,764,756,:756:764,--:Sdd.D2H.submit
387766188,387768305,2117,0,2117,:Mi.D2H.submit,2569165,2569199,1,0,765,756,:756:765,--:Mi.D2H.submit
387768403,388038105,269702,269247,455,:Cache.freeCacheData,2569165,2569199,1,2,766,756,:756:766,--:Cache.freeCacheData
387768505,388037310,268805,0,268805,:Cache.stream_sync,2569165,2569199,2,0,767,766,:756:766:767,----:Cache.stream_sync
387810160,388184354,374194,320090,54104,:Task.execute,2569165,2569201,0,9,768,,:768,:Task.execute
387810988,387811548,560,0,560,:Cache.getCacheData,2569165,2569201,1,0,769,768,:768:769,--:Cache.getCacheData
387811842,387847068,35226,0,35226,:Frame.H2D.submit_with_staging,2569165,2569201,1,0,770,768,:768:770,--:Frame.H2D.submit_with_staging
387839400,387839706,306,0,306,:Cache.publish_release,2569165,2569198,2,0,771,742,:732:742:771,----:Cache.publish_release
387847267,387850965,3698,0,3698,:Cel.kernels.submit,2569165,2569201,1,0,772,768,:768:772,--:Cel.kernels.submit
387851080,387853892,2812,0,2812,:Sdd.kernels.submit,2569165,2569201,1,0,773,768,:768:773,--:Sdd.kernels.submit
387854143,387857575,3432,0,3432,:Mi.kernels.submit,2569165,2569201,1,0,774,768,:768:774,--:Mi.kernels.submit
387857784,387860825,3041,0,3041,:Cel.D2H.submit,2569165,2569201,1,0,775,768,:768:775,--:Cel.D2H.submit
387861406,387863743,2337,0,2337,:Sdd.D2H.submit,2569165,2569201,1,0,776,768,:768:776,--:Sdd.D2H.submit
387863836,387867266,3430,0,3430,:Mi.D2H.submit,2569165,2569201,1,0,777,768,:768:777,--:Mi.D2H.submit
387867369,388132923,265554,264486,1068,:Cache.freeCacheData,2569165,2569201,1,2,778,768,:768:778,--:Cache.freeCacheData
387868255,388132493,264238,0,264238,:Cache.stream_sync,2569165,2569201,2,0,779,778,:768:778:779,----:Cache.stream_sync
387896299,388279858,383559,327225,56334,:Task.execute,2569165,2569198,0,9,780,,:780,:Task.execute
387897694,387897967,273,0,273,:Cache.getCacheData,2569165,2569198,1,0,781,780,:780:781,--:Cache.getCacheData
387898064,387944940,46876,0,46876,:Frame.H2D.submit_with_staging,2569165,2569198,1,0,782,780,:780:782,--:Frame.H2D.submit_with_staging
387945064,387948794,3730,0,3730,:Cel.kernels.submit,2569165,2569198,1,0,783,780,:780:783,--:Cel.kernels.submit
387946103,387946425,322,0,322,:Cache.publish_release,2569165,2569200,2,0,784,754,:744:754:784,----:Cache.publish_release
387948909,387951508,2599,0,2599,:Sdd.kernels.submit,2569165,2569198,1,0,785,780,:780:785,--:Sdd.kernels.submit
387951753,387954988,3235,0,3235,:Mi.kernels.submit,2569165,2569198,1,0,786,780,:780:786,--:Mi.kernels.submit
387955236,387958291,3055,0,3055,:Cel.D2H.submit,2569165,2569198,1,0,787,780,:780:787,--:Cel.D2H.submit
387958395,387960671,2276,0,2276,:Sdd.D2H.submit,2569165,2569198,1,0,788,780,:780:788,--:Sdd.D2H.submit
387960773,387963292,2519,0,2519,:Mi.D2H.submit,2569165,2569198,1,0,789,780,:780:789,--:Mi.D2H.submit
387963384,388226046,262662,262024,638,:Cache.freeCacheData,2569165,2569198,1,2,790,780,:780:790,--:Cache.freeCacheData
387963871,388225600,261729,0,261729,:Cache.stream_sync,2569165,2569198,2,0,791,790,:780:790:791,----:Cache.stream_sync
388010935,388376044,365109,309526,55583,:Task.execute,2569165,2569200,0,9,792,,:792,:Task.execute
388011831,388012259,428,0,428,:Cache.getCacheData,2569165,2569200,1,0,793,792,:792:793,--:Cache.getCacheData
388012435,388056745,44310,0,44310,:Frame.H2D.submit_with_staging,2569165,2569200,1,0,794,792,:792:794,--:Frame.H2D.submit_with_staging
388037472,388037914,442,0,442,:Cache.publish_release,2569165,2569199,2,0,795,766,:756:766:795,----:Cache.publish_release
388057059,388060975,3916,0,3916,:Cel.kernels.submit,2569165,2569200,1,0,796,792,:792:796,--:Cel.kernels.submit
388061139,388064412,3273,0,3273,:Sdd.kernels.submit,2569165,2569200,1,0,797,792,:792:797,--:Sdd.kernels.submit
388064618,388068197,3579,0,3579,:Mi.kernels.submit,2569165,2569200,1,0,798,792,:792:798,--:Mi.kernels.submit
388068319,388071118,2799,0,2799,:Cel.D2H.submit,2569165,2569200,1,0,799,792,:792:799,--:Cel.D2H.submit
388071254,388073495,2241,0,2241,:Sdd.D2H.submit,2569165,2569200,1,0,800,792,:792:800,--:Sdd.D2H.submit
388073608,388075988,2380,0,2380,:Mi.D2H.submit,2569165,2569200,1,0,801,792,:792:801,--:Mi.D2H.submit
388076112,388322712,246600,246176,424,:Cache.freeCacheData,2569165,2569200,1,2,802,792,:792:802,--:Cache.freeCacheData
388076355,388321902,245547,0,245547,:Cache.stream_sync,2569165,2569200,2,0,803,802,:792:802:803,----:Cache.stream_sync
388095723,388460322,364599,312575,52024,:Task.execute,2569165,2569199,0,9,804,,:804,:Task.execute
388096526,388097113,587,0,587,:Cache.getCacheData,2569165,2569199,1,0,805,804,:804:805,--:Cache.getCacheData
388097347,388145060,47713,0,47713,:Frame.H2D.submit_with_staging,2569165,2569199,1,0,806,804,:804:806,--:Frame.H2D.submit_with_staging
388132579,388132827,248,0,248,:Cache.publish_release,2569165,2569201,2,0,807,778,:768:778:807,----:Cache.publish_release
388145170,388152995,7825,0,7825,:Cel.kernels.submit,2569165,2569199,1,0,808,804,:804:808,--:Cel.kernels.submit
388153126,388156666,3540,0,3540,:Sdd.kernels.submit,2569165,2569199,1,0,809,804,:804:809,--:Sdd.kernels.submit
388157473,388160524,3051,0,3051,:Mi.kernels.submit,2569165,2569199,1,0,810,804,:804:810,--:Mi.kernels.submit
388160657,388163273,2616,0,2616,:Cel.D2H.submit,2569165,2569199,1,0,811,804,:804:811,--:Cel.D2H.submit
388163747,388165955,2208,0,2208,:Sdd.D2H.submit,2569165,2569199,1,0,812,804,:804:812,--:Sdd.D2H.submit
388166079,388168011,1932,0,1932,:Mi.D2H.submit,2569165,2569199,1,0,813,804,:804:813,--:Mi.D2H.submit
388168124,388411227,243103,242655,448,:Cache.freeCacheData,2569165,2569199,1,2,814,804,:804:814,--:Cache.freeCacheData
388168404,388410815,242411,0,242411,:Cache.stream_sync,2569165,2569199,2,0,815,814,:804:814:815,----:Cache.stream_sync
388184720,388550692,365972,314537,51435,:Task.execute,2569165,2569201,0,9,816,,:816,:Task.execute
388185573,388185943,370,0,370,:Cache.getCacheData,2569165,2569201,1,0,817,816,:816:817,--:Cache.getCacheData
388186215,388229206,42991,0,42991,:Frame.H2D.submit_with_staging,2569165,2569201,1,0,818,816,:816:818,--:Frame.H2D.submit_with_staging
388225684,388225979,295,0,295,:Cache.publish_release,2569165,2569198,2,0,819,790,:780:790:819,----:Cache.publish_release
388229479,388232983,3504,0,3504,:Cel.kernels.submit,2569165,2569201,1,0,820,816,:816:820,--:Cel.kernels.submit
388233086,388236836,3750,0,3750,:Sdd.kernels.submit,2569165,2569201,1,0,821,816,:816:821,--:Sdd.kernels.submit
388237066,388240119,3053,0,3053,:Mi.kernels.submit,2569165,2569201,1,0,822,816,:816:822,--:Mi.kernels.submit
388240241,388242791,2550,0,2550,:Cel.D2H.submit,2569165,2569201,1,0,823,816,:816:823,--:Cel.D2H.submit
388242896,388245277,2381,0,2381,:Sdd.D2H.submit,2569165,2569201,1,0,824,816,:816:824,--:Sdd.D2H.submit
388245412,388247594,2182,0,2182,:Mi.D2H.submit,2569165,2569201,1,0,825,816,:816:825,--:Mi.D2H.submit
388247748,388501504,253756,253252,504,:Cache.freeCacheData,2569165,2569201,1,2,826,816,:816:826,--:Cache.freeCacheData
388247850,388500860,253010,0,253010,:Cache.stream_sync,2569165,2569201,2,0,827,826,:816:826:827,----:Cache.stream_sync
388280124,388644855,364731,309792,54939,:Task.execute,2569165,2569198,0,9,828,,:828,:Task.execute
388281228,388281510,282,0,282,:Cache.getCacheData,2569165,2569198,1,0,829,828,:828:829,--:Cache.getCacheData
388281694,388319341,37647,0,37647,:Frame.H2D.submit_with_staging,2569165,2569198,1,0,830,828,:828:830,--:Frame.H2D.submit_with_staging
388319519,388322976,3457,0,3457,:Cel.kernels.submit,2569165,2569198,1,0,831,828,:828:831,--:Cel.kernels.submit
388322012,388322641,629,0,629,:Cache.publish_release,2569165,2569200,2,0,832,802,:792:802:832,----:Cache.publish_release
388323126,388325685,2559,0,2559,:Sdd.kernels.submit,2569165,2569198,1,0,833,828,:828:833,--:Sdd.kernels.submit
388325886,388328618,2732,0,2732,:Mi.kernels.submit,2569165,2569198,1,0,834,828,:828:834,--:Mi.kernels.submit
388328731,388331382,2651,0,2651,:Cel.D2H.submit,2569165,2569198,1,0,835,828,:828:835,--:Cel.D2H.submit
388331488,388333671,2183,0,2183,:Sdd.D2H.submit,2569165,2569198,1,0,836,828,:828:836,--:Sdd.D2H.submit
388334085,388336236,2151,0,2151,:Mi.D2H.submit,2569165,2569198,1,0,837,828,:828:837,--:Mi.D2H.submit
388336473,388592603,256130,255698,432,:Cache.freeCacheData,2569165,2569198,1,2,838,828,:828:838,--:Cache.freeCacheData
388336569,388592108,255539,0,255539,:Cache.stream_sync,2569165,2569198,2,0,839,838,:828:838:839,----:Cache.stream_sync
388376278,388745132,368854,316494,52360,:Task.execute,2569165,2569200,0,9,840,,:840,:Task.execute
388377088,388377644,556,0,556,:Cache.getCacheData,2569165,2569200,1,0,841,840,:840:841,--:Cache.getCacheData
388377879,388412479,34600,0,34600,:Frame.H2D.submit_with_staging,2569165,2569200,1,0,842,840,:840:842,--:Frame.H2D.submit_with_staging
388410917,388411161,244,0,244,:Cache.publish_release,2569165,2569199,2,0,843,814,:804:814:843,----:Cache.publish_release
388412630,388416140,3510,0,3510,:Cel.kernels.submit,2569165,2569200,1,0,844,840,:840:844,--:Cel.kernels.submit
388416267,388419058,2791,0,2791,:Sdd.kernels.submit,2569165,2569200,1,0,845,840,:840:845,--:Sdd.kernels.submit
388419319,388422053,2734,0,2734,:Mi.kernels.submit,2569165,2569200,1,0,846,840,:840:846,--:Mi.kernels.submit
388422181,388424757,2576,0,2576,:Cel.D2H.submit,2569165,2569200,1,0,847,840,:840:847,--:Cel.D2H.submit
388424862,388427211,2349,0,2349,:Sdd.D2H.submit,2569165,2569200,1,0,848,840,:840:848,--:Sdd.D2H.submit
388427316,388429492,2176,0,2176,:Mi.D2H.submit,2569165,2569200,1,0,849,840,:840:849,--:Mi.D2H.submit
388429593,388694795,265202,264630,572,:Cache.freeCacheData,2569165,2569200,1,2,850,840,:840:850,--:Cache.freeCacheData
388430010,388694415,264405,0,264405,:Cache.stream_sync,2569165,2569200,2,0,851,850,:840:850:851,----:Cache.stream_sync
388460569,388827027,366458,316209,50249,:Task.execute,2569165,2569199,0,9,852,,:852,:Task.execute
388461426,388462062,636,0,636,:Cache.getCacheData,2569165,2569199,1,0,853,852,:852:853,--:Cache.getCacheData
388462215,388502108,39893,0,39893,:Frame.H2D.submit_with_staging,2569165,2569199,1,0,854,852,:852:854,--:Frame.H2D.submit_with_staging
388500969,388501211,242,0,242,:Cache.publish_release,2569165,2569201,2,0,855,826,:816:826:855,----:Cache.publish_release
388502236,388506083,3847,0,3847,:Cel.kernels.submit,2569165,2569199,1,0,856,852,:852:856,--:Cel.kernels.submit
388506227,388509397,3170,0,3170,:Sdd.kernels.submit,2569165,2569199,1,0,857,852,:852:857,--:Sdd.kernels.submit
388509571,388512724,3153,0,3153,:Mi.kernels.submit,2569165,2569199,1,0,858,852,:852:858,--:Mi.kernels.submit
388512917,388515639,2722,0,2722,:Cel.D2H.submit,2569165,2569199,1,0,859,852,:852:859,--:Cel.D2H.submit
388515801,388518140,2339,0,2339,:Sdd.D2H.submit,2569165,2569199,1,0,860,852,:852:860,--:Sdd.D2H.submit
388518423,388520521,2098,0,2098,:Mi.D2H.submit,2569165,2569199,1,0,861,852,:852:861,--:Mi.D2H.submit
388520693,388779044,258351,257837,514,:Cache.freeCacheData,2569165,2569199,1,2,862,852,:852:862,--:Cache.freeCacheData
388521060,388778658,257598,0,257598,:Cache.stream_sync,2569165,2569199,2,0,863,862,:852:862:863,----:Cache.stream_sync
388550932,388926926,375994,318494,57500,:Task.execute,2569165,2569201,0,9,864,,:864,:Task.execute
388551880,388552101,221,0,221,:Cache.getCacheData,2569165,2569201,1,0,865,864,:864:865,--:Cache.getCacheData
388552180,388592758,40578,0,40578,:Frame.H2D.submit_with_staging,2569165,2569201,1,0,866,864,:864:866,--:Frame.H2D.submit_with_staging
388592222,388592381,159,0,159,:Cache.publish_release,2569165,2569198,2,0,867,838,:828:838:867,----:Cache.publish_release
388592863,388596327,3464,0,3464,:Cel.kernels.submit,2569165,2569201,1,0,868,864,:864:868,--:Cel.kernels.submit
388596458,388599535,3077,0,3077,:Sdd.kernels.submit,2569165,2569201,1,0,869,864,:864:869,--:Sdd.kernels.submit
388599659,388602375,2716,0,2716,:Mi.kernels.submit,2569165,2569201,1,0,870,864,:864:870,--:Mi.kernels.submit
388602482,388605033,2551,0,2551,:Cel.D2H.submit,2569165,2569201,1,0,871,864,:864:871,--:Cel.D2H.submit
388605137,388607340,2203,0,2203,:Sdd.D2H.submit,2569165,2569201,1,0,872,864,:864:872,--:Sdd.D2H.submit
388607435,388609382,1947,0,1947,:Mi.D2H.submit,2569165,2569201,1,0,873,864,:864:873,--:Mi.D2H.submit
388609484,388871221,261737,261282,455,:Cache.freeCacheData,2569165,2569201,1,2,874,864,:864:874,--:Cache.freeCacheData
388609583,388870610,261027,0,261027,:Cache.stream_sync,2569165,2569201,2,0,875,874,:864:874:875,----:Cache.stream_sync
388645176,389011985,366809,312884,53925,:Task.execute,2569165,2569198,0,9,876,,:876,:Task.execute
388645941,388646171,230,0,230,:Cache.getCacheData,2569165,2569198,1,0,877,876,:876:877,--:Cache.getCacheData
388646257,388681777,35520,0,35520,:Frame.H2D.submit_with_staging,2569165,2569198,1,0,878,876,:876:878,--:Frame.H2D.submit_with_staging
388681876,388685308,3432,0,3432,:Cel.kernels.submit,2569165,2569198,1,0,879,876,:876:879,--:Cel.kernels.submit
388685443,388688259,2816,0,2816,:Sdd.kernels.submit,2569165,2569198,1,0,880,876,:876:880,--:Sdd.kernels.submit
388688379,388691205,2826,0,2826,:Mi.kernels.submit,2569165,2569198,1,0,881,876,:876:881,--:Mi.kernels.submit
388691317,388693808,2491,0,2491,:Cel.D2H.submit,2569165,2569198,1,0,882,876,:876:882,--:Cel.D2H.submit
388693913,388695828,1915,0,1915,:Sdd.D2H.submit,2569165,2569198,1,0,883,876,:876:883,--:Sdd.D2H.submit
388694499,388694724,225,0,225,:Cache.publish_release,2569165,2569200,2,0,884,850,:840:850:884,----:Cache.publish_release
388695926,388697682,1756,0,1756,:Mi.D2H.submit,2569165,2569198,1,0,885,876,:876:885,--:Mi.D2H.submit
388697789,388959687,261898,261558,340,:Cache.freeCacheData,2569165,2569198,1,2,886,876,:876:886,--:Cache.freeCacheData
388697888,388959168,261280,0,261280,:Cache.stream_sync,2569165,2569198,2,0,887,886,:876:886:887,----:Cache.stream_sync
388745479,389106899,361420,306909,54511,:Task.execute,2569165,2569200,0,9,888,,:888,:Task.execute
388746254,388746491,237,0,237,:Cache.getCacheData,2569165,2569200,1,0,889,888,:888:889,--:Cache.getCacheData
388746573,388781022,34449,0,34449,:Frame.H2D.submit_with_staging,2569165,2569200,1,0,890,888,:888:890,--:Frame.H2D.submit_with_staging
388778739,388778978,239,0,239,:Cache.publish_release,2569165,2569199,2,0,891,862,:852:862:891,----:Cache.publish_release
388781122,388784543,3421,0,3421,:Cel.kernels.submit,2569165,2569200,1,0,892,888,:888:892,--:Cel.kernels.submit
388784648,388787667,3019,0,3019,:Sdd.kernels.submit,2569165,2569200,1,0,893,888,:888:893,--:Sdd.kernels.submit
388787783,388790692,2909,0,2909,:Mi.kernels.submit,2569165,2569200,1,0,894,888,:888:894,--:Mi.kernels.submit
388790797,388793468,2671,0,2671,:Cel.D2H.submit,2569165,2569200,1,0,895,888,:888:895,--:Cel.D2H.submit
388793871,388795931,2060,0,2060,:Sdd.D2H.submit,2569165,2569200,1,0,896,888,:888:896,--:Sdd.D2H.submit
388796031,388798177,2146,0,2146,:Mi.D2H.submit,2569165,2569200,1,0,897,888,:888:897,--:Mi.D2H.submit
388798284,389054281,255997,255725,272,:Cache.freeCacheData,2569165,2569200,1,2,898,888,:888:898,--:Cache.freeCacheData
388798387,389053869,255482,0,255482,:Cache.stream_sync,2569165,2569200,2,0,899,898,:888:898:899,----:Cache.stream_sync
388827454,389194785,367331,314047,53284,:Task.execute,2569165,2569199,0,9,900,,:900,:Task.execute
388828268,388828528,260,0,260,:Cache.getCacheData,2569165,2569199,1,0,901,900,:900:901,--:Cache.getCacheData
388828669,388871545,42876,0,42876,:Frame.H2D.submit_with_staging,2569165,2569199,1,0,902,900,:900:902,--:Frame.H2D.submit_with_staging
388870834,388871089,255,0,255,:Cache.publish_release,2569165,2569201,2,0,903,874,:864:874:903,----:Cache.publish_release
388871713,388875808,4095,0,4095,:Cel.kernels.submit,2569165,2569199,1,0,904,900,:900:904,--:Cel.kernels.submit
388875929,388879492,3563,0,3563,:Sdd.kernels.submit,2569165,2569199,1,0,905,900,:900:905,--:Sdd.kernels.submit
388879661,388882858,3197,0,3197,:Mi.kernels.submit,2569165,2569199,1,0,906,900,:900:906,--:Mi.kernels.submit
388883157,388886545,3388,0,3388,:Cel.D2H.submit,2569165,2569199,1,0,907,900,:900:907,--:Cel.D2H.submit
388886678,388889036,2358,0,2358,:Sdd.D2H.submit,2569165,2569199,1,0,908,900,:900:908,--:Sdd.D2H.submit
388889182,388891244,2062,0,2062,:Mi.D2H.submit,2569165,2569199,1,0,909,900,:900:909,--:Mi.D2H.submit
388891355,389143603,252248,251469,779,:Cache.freeCacheData,2569165,2569199,1,2,910,900,:900:910,--:Cache.freeCacheData
388891471,389142435,250964,0,250964,:Cache.stream_sync,2569165,2569199,2,0,911,910,:900:910:911,----:Cache.stream_sync
388927184,389284592,357408,305143,52265,:Task.execute,2569165,2569201,0,9,912,,:912,:Task.execute
388928217,388928522,305,0,305,:Cache.getCacheData,2569165,2569201,1,0,913,912,:912:913,--:Cache.getCacheData
388928685,388967492,38807,0,38807,:Frame.H2D.submit_with_staging,2569165,2569201,1,0,914,912,:912:914,--:Frame.H2D.submit_with_staging
388959270,388959548,278,0,278,:Cache.publish_release,2569165,2569198,2,0,915,886,:876:886:915,----:Cache.publish_release
388967713,388971279,3566,0,3566,:Cel.kernels.submit,2569165,2569201,1,0,916,912,:912:916,--:Cel.kernels.submit
388971386,388974341,2955,0,2955,:Sdd.kernels.submit,2569165,2569201,1,0,917,912,:912:917,--:Sdd.kernels.submit
388974551,388977596,3045,0,3045,:Mi.kernels.submit,2569165,2569201,1,0,918,912,:912:918,--:Mi.kernels.submit
388977704,388980361,2657,0,2657,:Cel.D2H.submit,2569165,2569201,1,0,919,912,:912:919,--:Cel.D2H.submit
388980554,388982760,2206,0,2206,:Sdd.D2H.submit,2569165,2569201,1,0,920,912,:912:920,--:Sdd.D2H.submit
388982858,388985136,2278,0,2278,:Mi.D2H.submit,2569165,2569201,1,0,921,912,:912:921,--:Mi.D2H.submit
388985495,389234819,249324,248775,549,:Cache.freeCacheData,2569165,2569201,1,2,922,912,:912:922,--:Cache.freeCacheData
388985817,389234293,248476,0,248476,:Cache.stream_sync,2569165,2569201,2,0,923,922,:912:922:923,----:Cache.stream_sync
389012231,389375894,363663,311147,52516,:Task.execute,2569165,2569198,0,9,924,,:924,:Task.execute
389013736,389014212,476,0,476,:Cache.getCacheData,2569165,2569198,1,0,925,924,:924:925,--:Cache.getCacheData
389014551,389054575,40024,0,40024,:Frame.H2D.submit_with_staging,2569165,2569198,1,0,926,924,:924:926,--:Frame.H2D.submit_with_staging
389053961,389054204,243,0,243,:Cache.publish_release,2569165,2569200,2,0,927,898,:888:898:927,----:Cache.publish_release
389054731,389058704,3973,0,3973,:Cel.kernels.submit,2569165,2569198,1,0,928,924,:924:928,--:Cel.kernels.submit
389058808,389061420,2612,0,2612,:Sdd.kernels.submit,2569165,2569198,1,0,929,924,:924:929,--:Sdd.kernels.submit
389061614,389064671,3057,0,3057,:Mi.kernels.submit,2569165,2569198,1,0,930,924,:924:930,--:Mi.kernels.submit
389064796,389067389,2593,0,2593,:Cel.D2H.submit,2569165,2569198,1,0,931,924,:924:931,--:Cel.D2H.submit
389067493,389069322,1829,0,1829,:Sdd.D2H.submit,2569165,2569198,1,0,932,924,:924:932,--:Sdd.D2H.submit
389069475,389071308,1833,0,1833,:Mi.D2H.submit,2569165,2569198,1,0,933,924,:924:933,--:Mi.D2H.submit
389071430,389326180,254750,253894,856,:Cache.freeCacheData,2569165,2569198,1,2,934,924,:924:934,--:Cache.freeCacheData
389072039,389325569,253530,0,253530,:Cache.stream_sync,2569165,2569198,2,0,935,934,:924:934:935,----:Cache.stream_sync
389107209,389469106,361897,307651,54246,:Task.execute,2569165,2569200,0,9,936,,:936,:Task.execute
389107976,389108329,353,0,353,:Cache.getCacheData,2569165,2569200,1,0,937,936,:936:937,--:Cache.getCacheData
389108531,389148412,39881,0,39881,:Frame.H2D.submit_with_staging,2569165,2569200,1,0,938,936,:936:938,--:Frame.H2D.submit_with_staging
389142966,389143471,505,0,505,:Cache.publish_release,2569165,2569199,2,0,939,910,:900:910:939,----:Cache.publish_release
389148628,389152291,3663,0,3663,:Cel.kernels.submit,2569165,2569200,1,0,940,936,:936:940,--:Cel.kernels.submit
389152434,389155348,2914,0,2914,:Sdd.kernels.submit,2569165,2569200,1,0,941,936,:936:941,--:Sdd.kernels.submit
389155554,389158712,3158,0,3158,:Mi.kernels.submit,2569165,2569200,1,0,942,936,:936:942,--:Mi.kernels.submit
389158889,389161619,2730,0,2730,:Cel.D2H.submit,2569165,2569200,1,0,943,936,:936:943,--:Cel.D2H.submit
389161721,389163976,2255,0,2255,:Sdd.D2H.submit,2569165,2569200,1,0,944,936,:936:944,--:Sdd.D2H.submit
389164083,389166229,2146,0,2146,:Mi.D2H.submit,2569165,2569200,1,0,945,936,:936:945,--:Mi.D2H.submit
389166334,389416885,250551,249691,860,:Cache.freeCacheData,2569165,2569200,1,2,946,936,:936:946,--:Cache.freeCacheData
389166751,389416240,249489,0,249489,:Cache.stream_sync,2569165,2569200,2,0,947,946,:936:946:947,----:Cache.stream_sync
389195148,389559693,364545,308876,55669,:Task.execute,2569165,2569199,0,9,948,,:948,:Task.execute
389195848,389196143,295,0,295,:Cache.getCacheData,2569165,2569199,1,0,949,948,:948:949,--:Cache.getCacheData
389196291,389237364,41073,0,41073,:Frame.H2D.submit_with_staging,2569165,2569199,1,0,950,948,:948:950,--:Frame.H2D.submit_with_staging
389234374,389234673,299,0,299,:Cache.publish_release,2569165,2569201,2,0,951,922,:912:922:951,----:Cache.publish_release
389237604,389242264,4660,0,4660,:Cel.kernels.submit,2569165,2569199,1,0,952,948,:948:952,--:Cel.kernels.submit
389242398,389245573,3175,0,3175,:Sdd.kernels.submit,2569165,2569199,1,0,953,948,:948:953,--:Sdd.kernels.submit
389245932,389249472,3540,0,3540,:Mi.kernels.submit,2569165,2569199,1,0,954,948,:948:954,--:Mi.kernels.submit
389249832,389252661,2829,0,2829,:Cel.D2H.submit,2569165,2569199,1,0,955,948,:948:955,--:Cel.D2H.submit
389252763,389254976,2213,0,2213,:Sdd.D2H.submit,2569165,2569199,1,0,956,948,:948:956,--:Sdd.D2H.submit
389255073,389257017,1944,0,1944,:Mi.D2H.submit,2569165,2569199,1,0,957,948,:948:957,--:Mi.D2H.submit
389257115,389506262,249147,248207,940,:Cache.freeCacheData,2569165,2569199,1,2,958,948,:948:958,--:Cache.freeCacheData
389257523,389505493,247970,0,247970,:Cache.stream_sync,2569165,2569199,2,0,959,958,:948:958:959,----:Cache.stream_sync
389284831,389661565,376734,320180,56554,:Task.execute,2569165,2569201,0,9,960,,:960,:Task.execute
389285504,389285831,327,0,327,:Cache.getCacheData,2569165,2569201,1,0,961,960,:960:961,--:Cache.getCacheData
389285977,389328097,42120,0,42120,:Frame.H2D.submit_with_staging,2569165,2569201,1,0,962,960,:960:962,--:Frame.H2D.submit_with_staging
389325663,389326027,364,0,364,:Cache.publish_release,2569165,2569198,2,0,963,934,:924:934:963,----:Cache.publish_release
389328243,389331942,3699,0,3699,:Cel.kernels.submit,2569165,2569201,1,0,964,960,:960:964,--:Cel.kernels.submit
389332047,389335095,3048,0,3048,:Sdd.kernels.submit,2569165,2569201,1,0,965,960,:960:965,--:Sdd.kernels.submit
389335279,389338071,2792,0,2792,:Mi.kernels.submit,2569165,2569201,1,0,966,960,:960:966,--:Mi.kernels.submit
389338262,389340734,2472,0,2472,:Cel.D2H.submit,2569165,2569201,1,0,967,960,:960:967,--:Cel.D2H.submit
389340924,389343212,2288,0,2288,:Sdd.D2H.submit,2569165,2569201,1,0,968,960,:960:968,--:Sdd.D2H.submit
389343835,389346257,2422,0,2422,:Mi.D2H.submit,2569165,2569201,1,0,969,960,:960:969,--:Mi.D2H.submit
389346365,389607377,261012,260573,439,:Cache.freeCacheData,2569165,2569201,1,2,970,960,:960:970,--:Cache.freeCacheData
389346628,389607006,260378,0,260378,:Cache.stream_sync,2569165,2569201,2,0,971,970,:960:970:971,----:Cache.stream_sync
389376243,389750113,373870,318929,54941,:Task.execute,2569165,2569198,0,9,972,,:972,:Task.execute
389377201,389377514,313,0,313,:Cache.getCacheData,2569165,2569198,1,0,973,972,:972:973,--:Cache.getCacheData
389377670,389417294,39624,0,39624,:Frame.H2D.submit_with_staging,2569165,2569198,1,0,974,972,:972:974,--:Frame.H2D.submit_with_staging
389416387,389416589,202,0,202,:Cache.publish_release,2569165,2569200,2,0,975,946,:936:946:975,----:Cache.publish_release
389417395,389421082,3687,0,3687,:Cel.kernels.submit,2569165,2569198,1,0,976,972,:972:976,--:Cel.kernels.submit
389421196,389423747,2551,0,2551,:Sdd.kernels.submit,2569165,2569198,1,0,977,972,:972:977,--:Sdd.kernels.submit
389423921,389427048,3127,0,3127,:Mi.kernels.submit,2569165,2569198,1,0,978,972,:972:978,--:Mi.kernels.submit
389427161,389429746,2585,0,2585,:Cel.D2H.submit,2569165,2569198,1,0,979,972,:972:979,--:Cel.D2H.submit
389429854,389431847,1993,0,1993,:Sdd.D2H.submit,2569165,2569198,1,0,980,972,:972:980,--:Sdd.D2H.submit
389432000,389434505,2505,0,2505,:Mi.D2H.submit,2569165,2569198,1,0,981,972,:972:981,--:Mi.D2H.submit
389434605,389697149,262544,261856,688,:Cache.freeCacheData,2569165,2569198,1,2,982,972,:972:982,--:Cache.freeCacheData
389435120,389696764,261644,0,261644,:Cache.stream_sync,2569165,2569198,2,0,983,982,:972:982:983,----:Cache.stream_sync
389469426,389849174,379748,323376,56372,:Task.execute,2569165,2569200,0,9,984,,:984,:Task.execute
389470126,389470647,521,0,521,:Cache.getCacheData,2569165,2569200,1,0,985,984,:984:985,--:Cache.getCacheData
389471001,389510087,39086,0,39086,:Frame.H2D.submit_with_staging,2569165,2569200,1,0,986,984,:984:986,--:Frame.H2D.submit_with_staging
389505604,389505841,237,0,237,:Cache.publish_release,2569165,2569199,2,0,987,958,:948:958:987,----:Cache.publish_release
389510374,389516810,6436,0,6436,:Cel.kernels.submit,2569165,2569200,1,0,988,984,:984:988,--:Cel.kernels.submit
389517803,389520542,2739,0,2739,:Sdd.kernels.submit,2569165,2569200,1,0,989,984,:984:989,--:Sdd.kernels.submit
389520666,389523418,2752,0,2752,:Mi.kernels.submit,2569165,2569200,1,0,990,984,:984:990,--:Mi.kernels.submit
389523525,389525921,2396,0,2396,:Cel.D2H.submit,2569165,2569200,1,0,991,984,:984:991,--:Cel.D2H.submit
389526025,389527993,1968,0,1968,:Sdd.D2H.submit,2569165,2569200,1,0,992,984,:984:992,--:Sdd.D2H.submit
389528098,389530481,2383,0,2383,:Mi.D2H.submit,2569165,2569200,1,0,993,984,:984:993,--:Mi.D2H.submit
389530586,389795681,265095,264538,557,:Cache.freeCacheData,2569165,2569200,1,2,994,984,:984:994,--:Cache.freeCacheData
389530988,389795295,264307,0,264307,:Cache.stream_sync,2569165,2569200,2,0,995,994,:984:994:995,----:Cache.stream_sync
389560374,389942928,382554,321865,60689,:Task.execute,2569165,2569199,0,9,996,,:996,:Task.execute
389561118,389561430,312,0,312,:Cache.getCacheData,2569165,2569199,1,0,997,996,:996:997,--:Cache.getCacheData
389561803,389598701,36898,0,36898,:Frame.H2D.submit_with_staging,2569165,2569199,1,0,998,996,:996:998,--:Frame.H2D.submit_with_staging
389598892,389604919,6027,0,6027,:Cel.kernels.submit,2569165,2569199,1,0,999,996,:996:999,--:Cel.kernels.submit
389605040,389607835,2795,0,2795,:Sdd.kernels.submit,2569165,2569199,1,0,1000,996,:996:1000,--:Sdd.kernels.submit
389607117,389607312,195,0,195,:Cache.publish_release,2569165,2569201,2,0,1001,970,:960:970:1001,----:Cache.publish_release
389608005,389610898,2893,0,2893,:Mi.kernels.submit,2569165,2569199,1,0,1002,996,:996:1002,--:Mi.kernels.submit
389611011,389614274,3263,0,3263,:Cel.D2H.submit,2569165,2569199,1,0,1003,996,:996:1003,--:Cel.D2H.submit
389614480,389616725,2245,0,2245,:Sdd.D2H.submit,2569165,2569199,1,0,1004,996,:996:1004,--:Sdd.D2H.submit
389616901,389619271,2370,0,2370,:Mi.D2H.submit,2569165,2569199,1,0,1005,996,:996:1005,--:Mi.D2H.submit
389619363,389884425,265062,264665,397,:Cache.freeCacheData,2569165,2569199,1,2,1006,996,:996:1006,--:Cache.freeCacheData
389619569,389884039,264470,0,264470,:Cache.stream_sync,2569165,2569199,2,0,1007,1006,:996:1006:1007,----:Cache.stream_sync
389662039,390030134,368095,309401,58694,:Task.execute,2569165,2569201,0,9,1008,,:1008,:Task.execute
389662638,389662870,232,0,232,:Cache.getCacheData,2569165,2569201,1,0,1009,1008,:1008:1009,--:Cache.getCacheData
389662976,389697609,34633,0,34633,:Frame.H2D.submit_with_staging,2569165,2569201,1,0,1010,1008,:1008:1010,--:Frame.H2D.submit_with_staging
389696873,389697085,212,0,212,:Cache.publish_release,2569165,2569198,2,0,1011,982,:972:982:1011,----:Cache.publish_release
389697737,389701544,3807,0,3807,:Cel.kernels.submit,2569165,2569201,1,0,1012,1008,:1008:1012,--:Cel.kernels.submit
389704451,389707185,2734,0,2734,:Sdd.kernels.submit,2569165,2569201,1,0,1013,1008,:1008:1013,--:Sdd.kernels.submit
389707339,389710182,2843,0,2843,:Mi.kernels.submit,2569165,2569201,1,0,1014,1008,:1008:1014,--:Mi.kernels.submit
389710380,389712923,2543,0,2543,:Cel.D2H.submit,2569165,2569201,1,0,1015,1008,:1008:1015,--:Cel.D2H.submit
389713025,389715604,2579,0,2579,:Sdd.D2H.submit,2569165,2569201,1,0,1016,1008,:1008:1016,--:Sdd.D2H.submit
389715709,389717877,2168,0,2168,:Mi.D2H.submit,2569165,2569201,1,0,1017,1008,:1008:1017,--:Mi.D2H.submit
389717977,389975839,257862,257446,416,:Cache.freeCacheData,2569165,2569201,1,2,1018,1008,:1008:1018,--:Cache.freeCacheData
389718105,389975006,256901,0,256901,:Cache.stream_sync,2569165,2569201,2,0,1019,1018,:1008:1018:1019,----:Cache.stream_sync
389750552,390117724,367172,310925,56247,:Task.execute,2569165,2569198,0,9,1020,,:1020,:Task.execute
389751285,389751653,368,0,368,:Cache.getCacheData,2569165,2569198,1,0,1021,1020,:1020:1021,--:Cache.getCacheData
389751736,389788311,36575,0,36575,:Frame.H2D.submit_with_staging,2569165,2569198,1,0,1022,1020,:1020:1022,--:Frame.H2D.submit_with_staging
389788426,389792186,3760,0,3760,:Cel.kernels.submit,2569165,2569198,1,0,1023,1020,:1020:1023,--:Cel.kernels.submit
389794354,389797053,2699,0,2699,:Sdd.kernels.submit,2569165,2569198,1,0,1024,1020,:1020:1024,--:Sdd.kernels.submit
389795382,389795613,231,0,231,:Cache.publish_release,2569165,2569200,2,0,1025,994,:984:994:1025,----:Cache.publish_release
389797164,389800028,2864,0,2864,:Mi.kernels.submit,2569165,2569198,1,0,1026,1020,:1020:1026,--:Mi.kernels.submit
389800148,389803063,2915,0,2915,:Cel.D2H.submit,2569165,2569198,1,0,1027,1020,:1020:1027,--:Cel.D2H.submit
389803165,389805527,2362,0,2362,:Sdd.D2H.submit,2569165,2569198,1,0,1028,1020,:1020:1028,--:Sdd.D2H.submit
389805633,389807710,2077,0,2077,:Mi.D2H.submit,2569165,2569198,1,0,1029,1020,:1020:1029,--:Mi.D2H.submit
389807814,390065119,257305,256882,423,:Cache.freeCacheData,2569165,2569198,1,2,1030,1020,:1020:1030,--:Cache.freeCacheData
389807912,390064479,256567,0,256567,:Cache.stream_sync,2569165,2569198,2,0,1031,1030,:1020:1030:1031,----:Cache.stream_sync
389849479,390208814,359335,304497,54838,:Task.execute,2569165,2569200,0,9,1032,,:1032,:Task.execute
389850144,389850442,298,0,298,:Cache.getCacheData,2569165,2569200,1,0,1033,1032,:1032:1033,--:Cache.getCacheData
389850740,389885906,35166,0,35166,:Frame.H2D.submit_with_staging,2569165,2569200,1,0,1034,1032,:1032:1034,--:Frame.H2D.submit_with_staging
389884146,389884341,195,0,195,:Cache.publish_release,2569165,2569199,2,0,1035,1006,:996:1006:1035,----:Cache.publish_release
389886024,389889755,3731,0,3731,:Cel.kernels.submit,2569165,2569200,1,0,1036,1032,:1032:1036,--:Cel.kernels.submit
389889962,389895284,5322,0,5322,:Sdd.kernels.submit,2569165,2569200,1,0,1037,1032,:1032:1037,--:Sdd.kernels.submit
389895398,389898157,2759,0,2759,:Mi.kernels.submit,2569165,2569200,1,0,1038,1032,:1032:1038,--:Mi.kernels.submit
389898336,389901477,3141,0,3141,:Cel.D2H.submit,2569165,2569200,1,0,1039,1032,:1032:1039,--:Cel.D2H.submit
389901686,389903959,2273,0,2273,:Sdd.D2H.submit,2569165,2569200,1,0,1040,1032,:1032:1040,--:Sdd.D2H.submit
389904063,389906223,2160,0,2160,:Mi.D2H.submit,2569165,2569200,1,0,1041,1032,:1032:1041,--:Mi.D2H.submit
389906341,390155988,249647,249260,387,:Cache.freeCacheData,2569165,2569200,1,2,1042,1032,:1032:1042,--:Cache.freeCacheData
389906543,390155603,249060,0,249060,:Cache.stream_sync,2569165,2569200,2,0,1043,1042,:1032:1042:1043,----:Cache.stream_sync
389943619,390293626,350007,294182,55825,:Task.execute,2569165,2569199,0,9,1044,,:1044,:Task.execute
389944499,389944766,267,0,267,:Cache.getCacheData,2569165,2569199,1,0,1045,1044,:1044:1045,--:Cache.getCacheData
389944869,389985185,40316,0,40316,:Frame.H2D.submit_with_staging,2569165,2569199,1,0,1046,1044,:1044:1046,--:Frame.H2D.submit_with_staging
389975119,389975664,545,0,545,:Cache.publish_release,2569165,2569201,2,0,1047,1018,:1008:1018:1047,----:Cache.publish_release
389985333,389989321,3988,0,3988,:Cel.kernels.submit,2569165,2569199,1,0,1048,1044,:1044:1048,--:Cel.kernels.submit
389992705,389995485,2780,0,2780,:Sdd.kernels.submit,2569165,2569199,1,0,1049,1044,:1044:1049,--:Sdd.kernels.submit
389995615,389998362,2747,0,2747,:Mi.kernels.submit,2569165,2569199,1,0,1050,1044,:1044:1050,--:Mi.kernels.submit
389998668,390002175,3507,0,3507,:Cel.D2H.submit,2569165,2569199,1,0,1051,1044,:1044:1051,--:Cel.D2H.submit
390002278,390004468,2190,0,2190,:Sdd.D2H.submit,2569165,2569199,1,0,1052,1044,:1044:1052,--:Sdd.D2H.submit
390004571,390006658,2087,0,2087,:Mi.D2H.submit,2569165,2569199,1,0,1053,1044,:1044:1053,--:Mi.D2H.submit
390006759,390243059,236300,235879,421,:Cache.freeCacheData,2569165,2569199,1,2,1054,1044,:1044:1054,--:Cache.freeCacheData
390006893,390242473,235580,0,235580,:Cache.stream_sync,2569165,2569199,2,0,1055,1054,:1044:1054:1055,----:Cache.stream_sync
390030384,390396768,366384,311376,55008,:Task.execute,2569165,2569201,0,9,1056,,:1056,:Task.execute
390031261,390031512,251,0,251,:Cache.getCacheData,2569165,2569201,1,0,1057,1056,:1056:1057,--:Cache.getCacheData
390031664,390074428,42764,0,42764,:Frame.H2D.submit_with_staging,2569165,2569201,1,0,1058,1056,:1056:1058,--:Frame.H2D.submit_with_staging
390064664,390064979,315,0,315,:Cache.publish_release,2569165,2569198,2,0,1059,1030,:1020:1030:1059,----:Cache.publish_release
390074594,390078264,3670,0,3670,:Cel.kernels.submit,2569165,2569201,1,0,1060,1056,:1056:1060,--:Cel.kernels.submit
390078549,390081562,3013,0,3013,:Sdd.kernels.submit,2569165,2569201,1,0,1061,1056,:1056:1061,--:Sdd.kernels.submit
390081962,390085109,3147,0,3147,:Mi.kernels.submit,2569165,2569201,1,0,1062,1056,:1056:1062,--:Mi.kernels.submit
390085326,390088276,2950,0,2950,:Cel.D2H.submit,2569165,2569201,1,0,1063,1056,:1056:1063,--:Cel.D2H.submit
390088677,390090973,2296,0,2296,:Sdd.D2H.submit,2569165,2569201,1,0,1064,1056,:1056:1064,--:Sdd.D2H.submit
390091077,390093523,2446,0,2446,:Mi.D2H.submit,2569165,2569201,1,0,1065,1056,:1056:1065,--:Mi.D2H.submit
390093755,390344594,250839,250067,772,:Cache.freeCacheData,2569165,2569201,1,2,1066,1056,:1056:1066,--:Cache.freeCacheData
390094382,390344062,249680,0,249680,:Cache.stream_sync,2569165,2569201,2,0,1067,1066,:1056:1066:1067,----:Cache.stream_sync
390118254,390488361,370107,314236,55871,:Task.execute,2569165,2569198,0,9,1068,,:1068,:Task.execute
390119003,390119242,239,0,239,:Cache.getCacheData,2569165,2569198,1,0,1069,1068,:1068:1069,--:Cache.getCacheData
390119391,390160271,40880,0,40880,:Frame.H2D.submit_with_staging,2569165,2569198,1,0,1070,1068,:1068:1070,--:Frame.H2D.submit_with_staging
390155710,390155910,200,0,200,:Cache.publish_release,2569165,2569200,2,0,1071,1042,:1032:1042:1071,----:Cache.publish_release
390160523,390165035,4512,0,4512,:Cel.kernels.submit,2569165,2569198,1,0,1072,1068,:1068:1072,--:Cel.kernels.submit
390165249,390167832,2583,0,2583,:Sdd.kernels.submit,2569165,2569198,1,0,1073,1068,:1068:1073,--:Sdd.kernels.submit
390168090,390171013,2923,0,2923,:Mi.kernels.submit,2569165,2569198,1,0,1074,1068,:1068:1074,--:Mi.kernels.submit
390171153,390173762,2609,0,2609,:Cel.D2H.submit,2569165,2569198,1,0,1075,1068,:1068:1075,--:Cel.D2H.submit
390173868,390175737,1869,0,1869,:Sdd.D2H.submit,2569165,2569198,1,0,1076,1068,:1068:1076,--:Sdd.D2H.submit
390175838,390177599,1761,0,1761,:Mi.D2H.submit,2569165,2569198,1,0,1077,1068,:1068:1077,--:Mi.D2H.submit
390177695,390434555,256860,256162,698,:Cache.freeCacheData,2569165,2569198,1,2,1078,1068,:1068:1078,--:Cache.freeCacheData
390178060,390433947,255887,0,255887,:Cache.stream_sync,2569165,2569198,2,0,1079,1078,:1068:1078:1079,----:Cache.stream_sync
390209129,390583010,373881,317674,56207,:Task.execute,2569165,2569200,0,9,1080,,:1080,:Task.execute
390209798,390210078,280,0,280,:Cache.getCacheData,2569165,2569200,1,0,1081,1080,:1080:1081,--:Cache.getCacheData
390210166,390249871,39705,0,39705,:Frame.H2D.submit_with_staging,2569165,2569200,1,0,1082,1080,:1080:1082,--:Frame.H2D.submit_with_staging
390242581,390242880,299,0,299,:Cache.publish_release,2569165,2569199,2,0,1083,1054,:1044:1054:1083,----:Cache.publish_release
390249977,390253503,3526,0,3526,:Cel.kernels.submit,2569165,2569200,1,0,1084,1080,:1080:1084,--:Cel.kernels.submit
390253617,390256477,2860,0,2860,:Sdd.kernels.submit,2569165,2569200,1,0,1085,1080,:1080:1085,--:Sdd.kernels.submit
390256661,390259911,3250,0,3250,:Mi.kernels.submit,2569165,2569200,1,0,1086,1080,:1080:1086,--:Mi.kernels.submit
390260018,390262334,2316,0,2316,:Cel.D2H.submit,2569165,2569200,1,0,1087,1080,:1080:1087,--:Cel.D2H.submit
390262439,390264621,2182,0,2182,:Sdd.D2H.submit,2569165,2569200,1,0,1088,1080,:1080:1088,--:Sdd.D2H.submit
390264723,390266615,1892,0,1892,:Mi.D2H.submit,2569165,2569200,1,0,1089,1080,:1080:1089,--:Mi.D2H.submit
390266718,390528381,261663,261406,257,:Cache.freeCacheData,2569165,2569200,1,2,1090,1080,:1080:1090,--:Cache.freeCacheData
390266819,390528019,261200,0,261200,:Cache.stream_sync,2569165,2569200,2,0,1091,1090,:1080:1090:1091,----:Cache.stream_sync
390293890,390667925,374035,319234,54801,:Task.execute,2569165,2569199,0,9,1092,,:1092,:Task.execute
390294554,390294798,244,0,244,:Cache.getCacheData,2569165,2569199,1,0,1093,1092,:1092:1093,--:Cache.getCacheData
390294881,390333062,38181,0,38181,:Frame.H2D.submit_with_staging,2569165,2569199,1,0,1094,1092,:1092:1094,--:Frame.H2D.submit_with_staging
390333177,390336518,3341,0,3341,:Cel.kernels.submit,2569165,2569199,1,0,1095,1092,:1092:1095,--:Cel.kernels.submit
390336648,390339658,3010,0,3010,:Sdd.kernels.submit,2569165,2569199,1,0,1096,1092,:1092:1096,--:Sdd.kernels.submit
390339906,390343096,3190,0,3190,:Mi.kernels.submit,2569165,2569199,1,0,1097,1092,:1092:1097,--:Mi.kernels.submit
390343240,390345661,2421,0,2421,:Cel.D2H.submit,2569165,2569199,1,0,1098,1092,:1092:1098,--:Cel.D2H.submit
390344142,390344529,387,0,387,:Cache.publish_release,2569165,2569201,2,0,1099,1066,:1056:1066:1099,----:Cache.publish_release
390345795,390347898,2103,0,2103,:Sdd.D2H.submit,2569165,2569199,1,0,1100,1092,:1092:1100,--:Sdd.D2H.submit
390347998,390349861,1863,0,1863,:Mi.D2H.submit,2569165,2569199,1,0,1101,1092,:1092:1101,--:Mi.D2H.submit
390349962,390614843,264881,264272,609,:Cache.freeCacheData,2569165,2569199,1,2,1102,1092,:1092:1102,--:Cache.freeCacheData
390350346,390614284,263938,0,263938,:Cache.stream_sync,2569165,2569199,2,0,1103,1102,:1092:1102:1103,----:Cache.stream_sync
390397201,390765071,367870,312851,55019,:Task.execute,2569165,2569201,0,9,1104,,:1104,:Task.execute
390397853,390398218,365,0,365,:Cache.getCacheData,2569165,2569201,1,0,1105,1104,:1104:1105,--:Cache.getCacheData
390398678,390435266,36588,0,36588,:Frame.H2D.submit_with_staging,2569165,2569201,1,0,1106,1104,:1104:1106,--:Frame.H2D.submit_with_staging
390434146,390434421,275,0,275,:Cache.publish_release,2569165,2569198,2,0,1107,1078,:1068:1078:1107,----:Cache.publish_release
390435457,390439546,4089,0,4089,:Cel.kernels.submit,2569165,2569201,1,0,1108,1104,:1104:1108,--:Cel.kernels.submit
390439673,390443004,3331,0,3331,:Sdd.kernels.submit,2569165,2569201,1,0,1109,1104,:1104:1109,--:Sdd.kernels.submit
390443204,390446316,3112,0,3112,:Mi.kernels.submit,2569165,2569201,1,0,1110,1104,:1104:1110,--:Mi.kernels.submit
390446489,390449527,3038,0,3038,:Cel.D2H.submit,2569165,2569201,1,0,1111,1104,:1104:1111,--:Cel.D2H.submit
390449799,390452430,2631,0,2631,:Sdd.D2H.submit,2569165,2569201,1,0,1112,1104,:1104:1112,--:Sdd.D2H.submit
390452551,390455168,2617,0,2617,:Mi.D2H.submit,2569165,2569201,1,0,1113,1104,:1104:1113,--:Mi.D2H.submit
390455364,390712444,257080,256495,585,:Cache.freeCacheData,2569165,2569201,1,2,1114,1104,:1104:1114,--:Cache.freeCacheData
390455502,390711772,256270,0,256270,:Cache.stream_sync,2569165,2569201,2,0,1115,1114,:1104:1114:1115,----:Cache.stream_sync
390488687,390844698,356011,306517,49494,:Task.execute,2569165,2569198,0,9,1116,,:1116,:Task.execute
390489510,390489821,311,0,311,:Cache.getCacheData,2569165,2569198,1,0,1117,1116,:1116:1117,--:Cache.getCacheData
390489970,390527601,37631,0,37631,:Frame.H2D.submit_with_staging,2569165,2569198,1,0,1118,1116,:1116:1118,--:Frame.H2D.submit_with_staging
390527768,390531484,3716,0,3716,:Cel.kernels.submit,2569165,2569198,1,0,1119,1116,:1116:1119,--:Cel.kernels.submit
390528108,390528314,206,0,206,:Cache.publish_release,2569165,2569200,2,0,1120,1090,:1080:1090:1120,----:Cache.publish_release
390531599,390534239,2640,0,2640,:Sdd.kernels.submit,2569165,2569198,1,0,1121,1116,:1116:1121,--:Sdd.kernels.submit
390534451,390536985,2534,0,2534,:Mi.kernels.submit,2569165,2569198,1,0,1122,1116,:1116:1122,--:Mi.kernels.submit
390537321,390540045,2724,0,2724,:Cel.D2H.submit,2569165,2569198,1,0,1123,1116,:1116:1123,--:Cel.D2H.submit
390540152,390542937,2785,0,2785,:Sdd.D2H.submit,2569165,2569198,1,0,1124,1116,:1116:1124,--:Sdd.D2H.submit
390543039,390545259,2220,0,2220,:Mi.D2H.submit,2569165,2569198,1,0,1125,1116,:1116:1125,--:Mi.D2H.submit
390545405,390797361,251956,251502,454,:Cache.freeCacheData,2569165,2569198,1,2,1126,1116,:1116:1126,--:Cache.freeCacheData
390545687,390797029,251342,0,251342,:Cache.stream_sync,2569165,2569198,2,0,1127,1126,:1116:1126:1127,----:Cache.stream_sync
390583412,390946273,362861,302429,60432,:Task.execute,2569165,2569200,0,9,1128,,:1128,:Task.execute
390584110,390584672,562,0,562,:Cache.getCacheData,2569165,2569200,1,0,1129,1128,:1128:1129,--:Cache.getCacheData
390584756,390623235,38479,0,38479,:Frame.H2D.submit_with_staging,2569165,2569200,1,0,1130,1128,:1128:1130,--:Frame.H2D.submit_with_staging
390614367,390614701,334,0,334,:Cache.publish_release,2569165,2569199,2,0,1131,1102,:1092:1102:1131,----:Cache.publish_release
390623340,390627040,3700,0,3700,:Cel.kernels.submit,2569165,2569200,1,0,1132,1128,:1128:1132,--:Cel.kernels.submit
390627166,390630447,3281,0,3281,:Sdd.kernels.submit,2569165,2569200,1,0,1133,1128,:1128:1133,--:Sdd.kernels.submit
390630552,390633280,2728,0,2728,:Mi.kernels.submit,2569165,2569200,1,0,1134,1128,:1128:1134,--:Mi.kernels.submit
390633488,390636140,2652,0,2652,:Cel.D2H.submit,2569165,2569200,1,0,1135,1128,:1128:1135,--:Cel.D2H.submit
390636299,390639003,2704,0,2704,:Sdd.D2H.submit,2569165,2569200,1,0,1136,1128,:1128:1136,--:Sdd.D2H.submit
390639159,390641195,2036,0,2036,:Mi.D2H.submit,2569165,2569200,1,0,1137,1128,:1128:1137,--:Mi.D2H.submit
390641512,390887799,246287,245626,661,:Cache.freeCacheData,2569165,2569200,1,2,1138,1128,:1128:1138,--:Cache.freeCacheData
390641996,390887460,245464,0,245464,:Cache.stream_sync,2569165,2569200,2,0,1139,1138,:1128:1138:1139,----:Cache.stream_sync
390668213,391032849,364636,308609,56027,:Task.execute,2569165,2569199,0,9,1140,,:1140,:Task.execute
390668972,390669342,370,0,370,:Cache.getCacheData,2569165,2569199,1,0,1141,1140,:1140:1141,--:Cache.getCacheData
390669519,390706784,37265,0,37265,:Frame.H2D.submit_with_staging,2569165,2569199,1,0,1142,1140,:1140:1142,--:Frame.H2D.submit_with_staging
390706965,390710628,3663,0,3663,:Cel.kernels.submit,2569165,2569199,1,0,1143,1140,:1140:1143,--:Cel.kernels.submit
390710766,390713609,2843,0,2843,:Sdd.kernels.submit,2569165,2569199,1,0,1144,1140,:1140:1144,--:Sdd.kernels.submit
390711907,390712132,225,0,225,:Cache.publish_release,2569165,2569201,2,0,1145,1114,:1104:1114:1145,----:Cache.publish_release
390713722,390716734,3012,0,3012,:Mi.kernels.submit,2569165,2569199,1,0,1146,1140,:1140:1146,--:Mi.kernels.submit
390716908,390719682,2774,0,2774,:Cel.D2H.submit,2569165,2569199,1,0,1147,1140,:1140:1147,--:Cel.D2H.submit
390720003,390722697,2694,0,2694,:Sdd.D2H.submit,2569165,2569199,1,0,1148,1140,:1140:1148,--:Sdd.D2H.submit
390722798,390727592,4794,0,4794,:Mi.D2H.submit,2569165,2569199,1,0,1149,1140,:1140:1149,--:Mi.D2H.submit
390727707,390978901,251194,250574,620,:Cache.freeCacheData,2569165,2569199,1,2,1150,1140,:1140:1150,--:Cache.freeCacheData
390728083,390978276,250193,0,250193,:Cache.stream_sync,2569165,2569199,2,0,1151,1150,:1140:1150:1151,----:Cache.stream_sync
390765343,391134805,369462,314604,54858,:Task.execute,2569165,2569201,0,9,1152,,:1152,:Task.execute
390766050,390766293,243,0,243,:Cache.getCacheData,2569165,2569201,1,0,1153,1152,:1152:1153,--:Cache.getCacheData
390766554,390803178,36624,0,36624,:Frame.H2D.submit_with_staging,2569165,2569201,1,0,1154,1152,:1152:1154,--:Frame.H2D.submit_with_staging
390797139,390797299,160,0,160,:Cache.publish_release,2569165,2569198,2,0,1155,1126,:1116:1126:1155,----:Cache.publish_release
390803289,390806711,3422,0,3422,:Cel.kernels.submit,2569165,2569201,1,0,1156,1152,:1152:1156,--:Cel.kernels.submit
390806831,390809793,2962,0,2962,:Sdd.kernels.submit,2569165,2569201,1,0,1157,1152,:1152:1157,--:Sdd.kernels.submit
390809903,390812548,2645,0,2645,:Mi.kernels.submit,2569165,2569201,1,0,1158,1152,:1152:1158,--:Mi.kernels.submit
390812656,390816086,3430,0,3430,:Cel.D2H.submit,2569165,2569201,1,0,1159,1152,:1152:1159,--:Cel.D2H.submit
390816345,390818852,2507,0,2507,:Sdd.D2H.submit,2569165,2569201,1,0,1160,1152,:1152:1160,--:Sdd.D2H.submit
390818958,390820960,2002,0,2002,:Mi.D2H.submit,2569165,2569201,1,0,1161,1152,:1152:1161,--:Mi.D2H.submit
390821062,391081831,260769,260474,295,:Cache.freeCacheData,2569165,2569201,1,2,1162,1152,:1152:1162,--:Cache.freeCacheData
390821166,391081302,260136,0,260136,:Cache.stream_sync,2569165,2569201,2,0,1163,1162,:1152:1162:1163,----:Cache.stream_sync
390845030,391221097,376067,320097,55970,:Task.execute,2569165,2569198,0,9,1164,,:1164,:Task.execute
390845649,390845892,243,0,243,:Cache.getCacheData,2569165,2569198,1,0,1165,1164,:1164:1165,--:Cache.getCacheData
390845975,390888525,42550,0,42550,:Frame.H2D.submit_with_staging,2569165,2569198,1,0,1166,1164,:1164:1166,--:Frame.H2D.submit_with_staging
390887568,390887730,162,0,162,:Cache.publish_release,2569165,2569200,2,0,1167,1138,:1128:1138:1167,----:Cache.publish_release
390888622,390892773,4151,0,4151,:Cel.kernels.submit,2569165,2569198,1,0,1168,1164,:1164:1168,--:Cel.kernels.submit
390892880,390895523,2643,0,2643,:Sdd.kernels.submit,2569165,2569198,1,0,1169,1164,:1164:1169,--:Sdd.kernels.submit
390895644,390898261,2617,0,2617,:Mi.kernels.submit,2569165,2569198,1,0,1170,1164,:1164:1170,--:Mi.kernels.submit
390898564,390901056,2492,0,2492,:Cel.D2H.submit,2569165,2569198,1,0,1171,1164,:1164:1171,--:Cel.D2H.submit
390901513,390903690,2177,0,2177,:Sdd.D2H.submit,2569165,2569198,1,0,1172,1164,:1164:1172,--:Sdd.D2H.submit
390903788,390905544,1756,0,1756,:Mi.D2H.submit,2569165,2569198,1,0,1173,1164,:1164:1173,--:Mi.D2H.submit
390905637,391167105,261468,261116,352,:Cache.freeCacheData,2569165,2569198,1,2,1174,1164,:1164:1174,--:Cache.freeCacheData
390905747,391166482,260735,0,260735,:Cache.stream_sync,2569165,2569198,2,0,1175,1174,:1164:1174:1175,----:Cache.stream_sync
390946638,391318340,371702,314825,56877,:Task.execute,2569165,2569200,0,9,1176,,:1176,:Task.execute
390947652,390947923,271,0,271,:Cache.getCacheData,2569165,2569200,1,0,1177,1176,:1176:1177,--:Cache.getCacheData
390948194,390985623,37429,0,37429,:Frame.H2D.submit_with_staging,2569165,2569200,1,0,1178,1176,:1176:1178,--:Frame.H2D.submit_with_staging
390978367,390978748,381,0,381,:Cache.publish_release,2569165,2569199,2,0,1179,1150,:1140:1150:1179,----:Cache.publish_release
390985742,390989611,3869,0,3869,:Cel.kernels.submit,2569165,2569200,1,0,1180,1176,:1176:1180,--:Cel.kernels.submit
390989722,390992398,2676,0,2676,:Sdd.kernels.submit,2569165,2569200,1,0,1181,1176,:1176:1181,--:Sdd.kernels.submit
390992505,390995234,2729,0,2729,:Mi.kernels.submit,2569165,2569200,1,0,1182,1176,:1176:1182,--:Mi.kernels.submit
390995634,390998462,2828,0,2828,:Cel.D2H.submit,2569165,2569200,1,0,1183,1176,:1176:1183,--:Cel.D2H.submit
390998599,391000917,2318,0,2318,:Sdd.D2H.submit,2569165,2569200,1,0,1184,1176,:1176:1184,--:Sdd.D2H.submit
391001032,391003402,2370,0,2370,:Mi.D2H.submit,2569165,2569200,1,0,1185,1176,:1176:1185,--:Mi.D2H.submit
391003549,391263884,260335,260040,295,:Cache.freeCacheData,2569165,2569200,1,2,1186,1176,:1176:1186,--:Cache.freeCacheData
391003682,391263482,259800,0,259800,:Cache.stream_sync,2569165,2569200,2,0,1187,1186,:1176:1186:1187,----:Cache.stream_sync
391033258,391402294,369036,318230,50806,:Task.execute,2569165,2569199,0,9,1188,,:1188,:Task.execute
391034257,391034518,261,0,261,:Cache.getCacheData,2569165,2569199,1,0,1189,1188,:1188:1189,--:Cache.getCacheData
391034627,391071960,37333,0,37333,:Frame.H2D.submit_with_staging,2569165,2569199,1,0,1190,1188,:1188:1190,--:Frame.H2D.submit_with_staging
391072070,391076122,4052,0,4052,:Cel.kernels.submit,2569165,2569199,1,0,1191,1188,:1188:1191,--:Cel.kernels.submit
391076260,391079104,2844,0,2844,:Sdd.kernels.submit,2569165,2569199,1,0,1192,1188,:1188:1192,--:Sdd.kernels.submit
391079225,391081970,2745,0,2745,:Mi.kernels.submit,2569165,2569199,1,0,1193,1188,:1188:1193,--:Mi.kernels.submit
391081417,391081755,338,0,338,:Cache.publish_release,2569165,2569201,2,0,1194,1162,:1152:1162:1194,----:Cache.publish_release
391082110,391085075,2965,0,2965,:Cel.D2H.submit,2569165,2569199,1,0,1195,1188,:1188:1195,--:Cel.D2H.submit
391085295,391087766,2471,0,2471,:Sdd.D2H.submit,2569165,2569199,1,0,1196,1188,:1188:1196,--:Sdd.D2H.submit
391087868,391089689,1821,0,1821,:Mi.D2H.submit,2569165,2569199,1,0,1197,1188,:1188:1197,--:Mi.D2H.submit
391089789,391353527,263738,263325,413,:Cache.freeCacheData,2569165,2569199,1,2,1198,1188,:1188:1198,--:Cache.freeCacheData
391089926,391353029,263103,0,263103,:Cache.stream_sync,2569165,2569199,2,0,1199,1198,:1188:1198:1199,----:Cache.stream_sync
391135350,391493093,357743,308133,49610,:Task.execute,2569165,2569201,0,9,1200,,:1200,:Task.execute
391135967,391136226,259,0,259,:Cache.getCacheData,2569165,2569201,1,0,1201,1200,:1200:1201,--:Cache.getCacheData
391136404,391172126,35722,0,35722,:Frame.H2D.submit_with_staging,2569165,2569201,1,0,1202,1200,:1200:1202,--:Frame.H2D.submit_with_staging
391166595,391166976,381,0,381,:Cache.publish_release,2569165,2569198,2,0,1203,1174,:1164:1174:1203,----:Cache.publish_release
391172274,391175993,3719,0,3719,:Cel.kernels.submit,2569165,2569201,1,0,1204,1200,:1200:1204,--:Cel.kernels.submit
391176143,391179486,3343,0,3343,:Sdd.kernels.submit,2569165,2569201,1,0,1205,1200,:1200:1205,--:Sdd.kernels.submit
391179596,391182467,2871,0,2871,:Mi.kernels.submit,2569165,2569201,1,0,1206,1200,:1200:1206,--:Mi.kernels.submit
391182571,391185198,2627,0,2627,:Cel.D2H.submit,2569165,2569201,1,0,1207,1200,:1200:1207,--:Cel.D2H.submit
391185312,391187261,1949,0,1949,:Sdd.D2H.submit,2569165,2569201,1,0,1208,1200,:1200:1208,--:Sdd.D2H.submit
391187358,391189210,1852,0,1852,:Mi.D2H.submit,2569165,2569201,1,0,1209,1200,:1200:1209,--:Mi.D2H.submit
391189313,391445104,255791,254602,1189,:Cache.freeCacheData,2569165,2569201,1,2,1210,1200,:1200:1210,--:Cache.freeCacheData
391189862,391444180,254318,0,254318,:Cache.stream_sync,2569165,2569201,2,0,1211,1210,:1200:1210:1211,----:Cache.stream_sync
391221403,391588617,367214,311266,55948,:Task.execute,2569165,2569198,0,9,1212,,:1212,:Task.execute
391222497,391222788,291,0,291,:Cache.getCacheData,2569165,2569198,1,0,1213,1212,:1212:1213,--:Cache.getCacheData
391222990,391261165,38175,0,38175,:Frame.H2D.submit_with_staging,2569165,2569198,1,0,1214,1212,:1212:1214,--:Frame.H2D.submit_with_staging
391261360,391265442,4082,0,4082,:Cel.kernels.submit,2569165,2569198,1,0,1215,1212,:1212:1215,--:Cel.kernels.submit
391263568,391263808,240,0,240,:Cache.publish_release,2569165,2569200,2,0,1216,1186,:1176:1186:1216,----:Cache.publish_release
391265669,391269118,3449,0,3449,:Sdd.kernels.submit,2569165,2569198,1,0,1217,1212,:1212:1217,--:Sdd.kernels.submit
391269246,391272578,3332,0,3332,:Mi.kernels.submit,2569165,2569198,1,0,1218,1212,:1212:1218,--:Mi.kernels.submit
391272725,391275815,3090,0,3090,:Cel.D2H.submit,2569165,2569198,1,0,1219,1212,:1212:1219,--:Cel.D2H.submit
391275947,391278623,2676,0,2676,:Sdd.D2H.submit,2569165,2569198,1,0,1220,1212,:1212:1220,--:Sdd.D2H.submit
391278743,391280879,2136,0,2136,:Mi.D2H.submit,2569165,2569198,1,0,1221,1212,:1212:1221,--:Mi.D2H.submit
391281059,391535094,254035,253232,803,:Cache.freeCacheData,2569165,2569198,1,2,1222,1212,:1212:1222,--:Cache.freeCacheData
391281578,391534476,252898,0,252898,:Cache.stream_sync,2569165,2569198,2,0,1223,1222,:1212:1222:1223,----:Cache.stream_sync
391318585,391683154,364569,307540,57029,:Task.execute,2569165,2569200,0,9,1224,,:1224,:Task.execute
391319417,391319634,217,0,217,:Cache.getCacheData,2569165,2569200,1,0,1225,1224,:1224:1225,--:Cache.getCacheData
391319720,391354985,35265,0,35265,:Frame.H2D.submit_with_staging,2569165,2569200,1,0,1226,1224,:1224:1226,--:Frame.H2D.submit_with_staging
391353136,391353358,222,0,222,:Cache.publish_release,2569165,2569199,2,0,1227,1198,:1188:1198:1227,----:Cache.publish_release
391355090,391358516,3426,0,3426,:Cel.kernels.submit,2569165,2569200,1,0,1228,1224,:1224:1228,--:Cel.kernels.submit
391358651,391361619,2968,0,2968,:Sdd.kernels.submit,2569165,2569200,1,0,1229,1224,:1224:1229,--:Sdd.kernels.submit
391361764,391364509,2745,0,2745,:Mi.kernels.submit,2569165,2569200,1,0,1230,1224,:1224:1230,--:Mi.kernels.submit
391364684,391367257,2573,0,2573,:Cel.D2H.submit,2569165,2569200,1,0,1231,1224,:1224:1231,--:Cel.D2H.submit
391367363,391369400,2037,0,2037,:Sdd.D2H.submit,2569165,2569200,1,0,1232,1224,:1224:1232,--:Sdd.D2H.submit
391369502,391371525,2023,0,2023,:Mi.D2H.submit,2569165,2569200,1,0,1233,1224,:1224:1233,--:Mi.D2H.submit
391371623,391627909,256286,255982,304,:Cache.freeCacheData,2569165,2569200,1,2,1234,1224,:1224:1234,--:Cache.freeCacheData
391371728,391627447,255719,0,255719,:Cache.stream_sync,2569165,2569200,2,0,1235,1234,:1224:1234:1235,----:Cache.stream_sync
391402680,391764339,361659,309936,51723,:Task.execute,2569165,2569199,0,9,1236,,:1236,:Task.execute
391403547,391403784,237,0,237,:Cache.getCacheData,2569165,2569199,1,0,1237,1236,:1236:1237,--:Cache.getCacheData
391403863,391443811,39948,0,39948,:Frame.H2D.submit_with_staging,2569165,2569199,1,0,1238,1236,:1236:1238,--:Frame.H2D.submit_with_staging
391443925,391447721,3796,0,3796,:Cel.kernels.submit,2569165,2569199,1,0,1239,1236,:1236:1239,--:Cel.kernels.submit
391444668,391444952,284,0,284,:Cache.publish_release,2569165,2569201,2,0,1240,1210,:1200:1210:1240,----:Cache.publish_release
391447877,391451038,3161,0,3161,:Sdd.kernels.submit,2569165,2569199,1,0,1241,1236,:1236:1241,--:Sdd.kernels.submit
391451215,391454225,3010,0,3010,:Mi.kernels.submit,2569165,2569199,1,0,1242,1236,:1236:1242,--:Mi.kernels.submit
391454415,391457329,2914,0,2914,:Cel.D2H.submit,2569165,2569199,1,0,1243,1236,:1236:1243,--:Cel.D2H.submit
391457713,391459833,2120,0,2120,:Sdd.D2H.submit,2569165,2569199,1,0,1244,1236,:1236:1244,--:Sdd.D2H.submit
391459958,391462261,2303,0,2303,:Mi.D2H.submit,2569165,2569199,1,0,1245,1236,:1236:1245,--:Mi.D2H.submit
391462493,391714940,252447,251845,602,:Cache.freeCacheData,2569165,2569199,1,2,1246,1236,:1236:1246,--:Cache.freeCacheData
391462854,391714423,251569,0,251569,:Cache.stream_sync,2569165,2569199,2,0,1247,1246,:1236:1246:1247,----:Cache.stream_sync
391493386,391860641,367255,310222,57033,:Task.execute,2569165,2569201,0,9,1248,,:1248,:Task.execute
391493934,391494204,270,0,270,:Cache.getCacheData,2569165,2569201,1,0,1249,1248,:1248:1249,--:Cache.getCacheData
391494464,391533891,39427,0,39427,:Frame.H2D.submit_with_staging,2569165,2569201,1,0,1250,1248,:1248:1250,--:Frame.H2D.submit_with_staging
391534083,391537914,3831,0,3831,:Cel.kernels.submit,2569165,2569201,1,0,1251,1248,:1248:1251,--:Cel.kernels.submit
391534597,391534931,334,0,334,:Cache.publish_release,2569165,2569198,2,0,1252,1222,:1212:1222:1252,----:Cache.publish_release
391538043,391540942,2899,0,2899,:Sdd.kernels.submit,2569165,2569201,1,0,1253,1248,:1248:1253,--:Sdd.kernels.submit
391541150,391544413,3263,0,3263,:Mi.kernels.submit,2569165,2569201,1,0,1254,1248,:1248:1254,--:Mi.kernels.submit
391544598,391547308,2710,0,2710,:Cel.D2H.submit,2569165,2569201,1,0,1255,1248,:1248:1255,--:Cel.D2H.submit
391547706,391550428,2722,0,2722,:Sdd.D2H.submit,2569165,2569201,1,0,1256,1248,:1248:1256,--:Sdd.D2H.submit
391553353,391555580,2227,0,2227,:Mi.D2H.submit,2569165,2569201,1,0,1257,1248,:1248:1257,--:Mi.D2H.submit
391555759,391808632,252873,252469,404,:Cache.freeCacheData,2569165,2569201,1,2,1258,1248,:1248:1258,--:Cache.freeCacheData
391555955,391808149,252194,0,252194,:Cache.stream_sync,2569165,2569201,2,0,1259,1258,:1248:1258:1259,----:Cache.stream_sync
391588926,391951921,362995,301187,61808,:Task.execute,2569165,2569198,0,9,1260,,:1260,:Task.execute
391589827,391590036,209,0,209,:Cache.getCacheData,2569165,2569198,1,0,1261,1260,:1260:1261,--:Cache.getCacheData
391590117,391625592,35475,0,35475,:Frame.H2D.submit_with_staging,2569165,2569198,1,0,1262,1260,:1260:1262,--:Frame.H2D.submit_with_staging
391625750,391629334,3584,0,3584,:Cel.kernels.submit,2569165,2569198,1,0,1263,1260,:1260:1263,--:Cel.kernels.submit
391627565,391627828,263,0,263,:Cache.publish_release,2569165,2569200,2,0,1264,1234,:1224:1234:1264,----:Cache.publish_release
391629443,391632163,2720,0,2720,:Sdd.kernels.submit,2569165,2569198,1,0,1265,1260,:1260:1265,--:Sdd.kernels.submit
391632508,391635344,2836,0,2836,:Mi.kernels.submit,2569165,2569198,1,0,1266,1260,:1260:1266,--:Mi.kernels.submit
391635456,391637716,2260,0,2260,:Cel.D2H.submit,2569165,2569198,1,0,1267,1260,:1260:1267,--:Cel.D2H.submit
391637822,391639938,2116,0,2116,:Sdd.D2H.submit,2569165,2569198,1,0,1268,1260,:1260:1268,--:Sdd.D2H.submit
391644369,391646820,2451,0,2451,:Mi.D2H.submit,2569165,2569198,1,0,1269,1260,:1260:1269,--:Mi.D2H.submit
391647348,391896884,249536,248875,661,:Cache.freeCacheData,2569165,2569198,1,2,1270,1260,:1260:1270,--:Cache.freeCacheData
391647804,391896409,248605,0,248605,:Cache.stream_sync,2569165,2569198,2,0,1271,1270,:1260:1270:1271,----:Cache.stream_sync
391683435,392051107,367672,310973,56699,:Task.execute,2569165,2569200,0,9,1272,,:1272,:Task.execute
391684448,391684780,332,0,332,:Cache.getCacheData,2569165,2569200,1,0,1273,1272,:1272:1273,--:Cache.getCacheData
391684935,391721099,36164,0,36164,:Frame.H2D.submit_with_staging,2569165,2569200,1,0,1274,1272,:1272:1274,--:Frame.H2D.submit_with_staging
391714507,391714783,276,0,276,:Cache.publish_release,2569165,2569199,2,0,1275,1246,:1236:1246:1275,----:Cache.publish_release
391721298,391724928,3630,0,3630,:Cel.kernels.submit,2569165,2569200,1,0,1276,1272,:1272:1276,--:Cel.kernels.submit
391725058,391727753,2695,0,2695,:Sdd.kernels.submit,2569165,2569200,1,0,1277,1272,:1272:1277,--:Sdd.kernels.submit
391727861,391730917,3056,0,3056,:Mi.kernels.submit,2569165,2569200,1,0,1278,1272,:1272:1278,--:Mi.kernels.submit
391731089,391733602,2513,0,2513,:Cel.D2H.submit,2569165,2569200,1,0,1279,1272,:1272:1279,--:Cel.D2H.submit
391733706,391735849,2143,0,2143,:Sdd.D2H.submit,2569165,2569200,1,0,1280,1272,:1272:1280,--:Sdd.D2H.submit
391735947,391742045,6098,0,6098,:Mi.D2H.submit,2569165,2569200,1,0,1281,1272,:1272:1281,--:Mi.D2H.submit
391742233,391996575,254342,253957,385,:Cache.freeCacheData,2569165,2569200,1,2,1282,1272,:1272:1282,--:Cache.freeCacheData
391742461,391996059,253598,0,253598,:Cache.stream_sync,2569165,2569200,2,0,1283,1282,:1272:1282:1283,----:Cache.stream_sync
391764695,392139230,374535,313922,60613,:Task.execute,2569165,2569199,0,9,1284,,:1284,:Task.execute
391765292,391765535,243,0,243,:Cache.getCacheData,2569165,2569199,1,0,1285,1284,:1284:1285,--:Cache.getCacheData
391765706,391808452,42746,0,42746,:Frame.H2D.submit_with_staging,2569165,2569199,1,0,1286,1284,:1284:1286,--:Frame.H2D.submit_with_staging
391808257,391808532,275,0,275,:Cache.publish_release,2569165,2569201,2,0,1287,1258,:1248:1258:1287,----:Cache.publish_release
391808578,391812148,3570,0,3570,:Cel.kernels.submit,2569165,2569199,1,0,1288,1284,:1284:1288,--:Cel.kernels.submit
391812264,391815285,3021,0,3021,:Sdd.kernels.submit,2569165,2569199,1,0,1289,1284,:1284:1289,--:Sdd.kernels.submit
391815563,391818633,3070,0,3070,:Mi.kernels.submit,2569165,2569199,1,0,1290,1284,:1284:1290,--:Mi.kernels.submit
391818832,391822036,3204,0,3204,:Cel.D2H.submit,2569165,2569199,1,0,1291,1284,:1284:1291,--:Cel.D2H.submit
391822316,391824203,1887,0,1887,:Sdd.D2H.submit,2569165,2569199,1,0,1292,1284,:1284:1292,--:Sdd.D2H.submit
391827610,391830283,2673,0,2673,:Mi.D2H.submit,2569165,2569199,1,0,1293,1284,:1284:1293,--:Mi.D2H.submit
391830750,392084258,253508,253039,469,:Cache.freeCacheData,2569165,2569199,1,2,1294,1284,:1284:1294,--:Cache.freeCacheData
391831040,392083812,252772,0,252772,:Cache.stream_sync,2569165,2569199,2,0,1295,1294,:1284:1294:1295,----:Cache.stream_sync
391860944,392237525,376581,322624,53957,:Task.execute,2569165,2569201,0,9,1296,,:1296,:Task.execute
391861656,391861988,332,0,332,:Cache.getCacheData,2569165,2569201,1,0,1297,1296,:1296:1297,--:Cache.getCacheData
391862071,391900679,38608,0,38608,:Frame.H2D.submit_with_staging,2569165,2569201,1,0,1298,1296,:1296:1298,--:Frame.H2D.submit_with_staging
391896547,391896817,270,0,270,:Cache.publish_release,2569165,2569198,2,0,1299,1270,:1260:1270:1299,----:Cache.publish_release
391900785,391904210,3425,0,3425,:Cel.kernels.submit,2569165,2569201,1,0,1300,1296,:1296:1300,--:Cel.kernels.submit
391904313,391907091,2778,0,2778,:Sdd.kernels.submit,2569165,2569201,1,0,1301,1296,:1296:1301,--:Sdd.kernels.submit
391907218,391910017,2799,0,2799,:Mi.kernels.submit,2569165,2569201,1,0,1302,1296,:1296:1302,--:Mi.kernels.submit
391910256,391915722,5466,0,5466,:Cel.D2H.submit,2569165,2569201,1,0,1303,1296,:1296:1303,--:Cel.D2H.submit
391916062,391918402,2340,0,2340,:Sdd.D2H.submit,2569165,2569201,1,0,1304,1296,:1296:1304,--:Sdd.D2H.submit
391918503,391920790,2287,0,2287,:Mi.D2H.submit,2569165,2569201,1,0,1305,1296,:1296:1305,--:Mi.D2H.submit
391920890,392185479,264589,264312,277,:Cache.freeCacheData,2569165,2569201,1,2,1306,1296,:1296:1306,--:Cache.freeCacheData
391921016,392185016,264000,0,264000,:Cache.stream_sync,2569165,2569201,2,0,1307,1306,:1296:1306:1307,----:Cache.stream_sync
391952332,392319977,367645,315537,52108,:Task.execute,2569165,2569198,0,9,1308,,:1308,:Task.execute
391953113,391953515,402,0,402,:Cache.getCacheData,2569165,2569198,1,0,1309,1308,:1308:1309,--:Cache.getCacheData
391953591,391989540,35949,0,35949,:Frame.H2D.submit_with_staging,2569165,2569198,1,0,1310,1308,:1308:1310,--:Frame.H2D.submit_with_staging
391989656,391993141,3485,0,3485,:Cel.kernels.submit,2569165,2569198,1,0,1311,1308,:1308:1311,--:Cel.kernels.submit
391993245,391995701,2456,0,2456,:Sdd.kernels.submit,2569165,2569198,1,0,1312,1308,:1308:1312,--:Sdd.kernels.submit
391995806,391998658,2852,0,2852,:Mi.kernels.submit,2569165,2569198,1,0,1313,1308,:1308:1313,--:Mi.kernels.submit
391996144,391996503,359,0,359,:Cache.publish_release,2569165,2569200,2,0,1314,1282,:1272:1282:1314,----:Cache.publish_release
391998863,392001751,2888,0,2888,:Cel.D2H.submit,2569165,2569198,1,0,1315,1308,:1308:1315,--:Cel.D2H.submit
392002151,392004048,1897,0,1897,:Sdd.D2H.submit,2569165,2569198,1,0,1316,1308,:1308:1316,--:Sdd.D2H.submit
392004145,392006329,2184,0,2184,:Mi.D2H.submit,2569165,2569198,1,0,1317,1308,:1308:1317,--:Mi.D2H.submit
392006429,392269853,263424,263165,259,:Cache.freeCacheData,2569165,2569198,1,2,1318,1308,:1308:1318,--:Cache.freeCacheData
392006531,392269404,262873,0,262873,:Cache.stream_sync,2569165,2569198,2,0,1319,1318,:1308:1318:1319,----:Cache.stream_sync
392051344,392421927,370583,313958,56625,:Task.execute,2569165,2569200,0,9,1320,,:1320,:Task.execute
392051923,392052192,269,0,269,:Cache.getCacheData,2569165,2569200,1,0,1321,1320,:1320:1321,--:Cache.getCacheData
392052298,392088285,35987,0,35987,:Frame.H2D.submit_with_staging,2569165,2569200,1,0,1322,1320,:1320:1322,--:Frame.H2D.submit_with_staging
392083903,392084170,267,0,267,:Cache.publish_release,2569165,2569199,2,0,1323,1294,:1284:1294:1323,----:Cache.publish_release
392088387,392092025,3638,0,3638,:Cel.kernels.submit,2569165,2569200,1,0,1324,1320,:1320:1324,--:Cel.kernels.submit
392092146,392094872,2726,0,2726,:Sdd.kernels.submit,2569165,2569200,1,0,1325,1320,:1320:1325,--:Sdd.kernels.submit
392094987,392097946,2959,0,2959,:Mi.kernels.submit,2569165,2569200,1,0,1326,1320,:1320:1326,--:Mi.kernels.submit
392098056,392100716,2660,0,2660,:Cel.D2H.submit,2569165,2569200,1,0,1327,1320,:1320:1327,--:Cel.D2H.submit
392101015,392103192,2177,0,2177,:Sdd.D2H.submit,2569165,2569200,1,0,1328,1320,:1320:1328,--:Sdd.D2H.submit
392103345,392105246,1901,0,1901,:Mi.D2H.submit,2569165,2569200,1,0,1329,1320,:1320:1329,--:Mi.D2H.submit
392105348,392366989,261641,261076,565,:Cache.freeCacheData,2569165,2569200,1,2,1330,1320,:1320:1330,--:Cache.freeCacheData
392105737,392366616,260879,0,260879,:Cache.stream_sync,2569165,2569200,2,0,1331,1330,:1320:1330:1331,----:Cache.stream_sync
392139650,392502962,363312,310632,52680,:Task.execute,2569165,2569199,0,9,1332,,:1332,:Task.execute
392140511,392140773,262,0,262,:Cache.getCacheData,2569165,2569199,1,0,1333,1332,:1332:1333,--:Cache.getCacheData
392140892,392177926,37034,0,37034,:Frame.H2D.submit_with_staging,2569165,2569199,1,0,1334,1332,:1332:1334,--:Frame.H2D.submit_with_staging
392178064,392181932,3868,0,3868,:Cel.kernels.submit,2569165,2569199,1,0,1335,1332,:1332:1335,--:Cel.kernels.submit
392182047,392184846,2799,0,2799,:Sdd.kernels.submit,2569165,2569199,1,0,1336,1332,:1332:1336,--:Sdd.kernels.submit
392184959,392187818,2859,0,2859,:Mi.kernels.submit,2569165,2569199,1,0,1337,1332,:1332:1337,--:Mi.kernels.submit
392185098,392185410,312,0,312,:Cache.publish_release,2569165,2569201,2,0,1338,1306,:1296:1306:1338,----:Cache.publish_release
392188197,392191271,3074,0,3074,:Cel.D2H.submit,2569165,2569199,1,0,1339,1332,:1332:1339,--:Cel.D2H.submit
392191425,392193752,2327,0,2327,:Sdd.D2H.submit,2569165,2569199,1,0,1340,1332,:1332:1340,--:Sdd.D2H.submit
392193850,392195840,1990,0,1990,:Mi.D2H.submit,2569165,2569199,1,0,1341,1332,:1332:1341,--:Mi.D2H.submit
392195937,392452356,256419,255814,605,:Cache.freeCacheData,2569165,2569199,1,2,1342,1332,:1332:1342,--:Cache.freeCacheData
392196256,392451772,255516,0,255516,:Cache.stream_sync,2569165,2569199,2,0,1343,1342,:1332:1342:1343,----:Cache.stream_sync
392237815,392591276,353461,303338,50123,:Task.execute,2569165,2569201,0,9,1344,,:1344,:Task.execute
392238841,392239194,353,0,353,:Cache.getCacheData,2569165,2569201,1,0,1345,1344,:1344:1345,--:Cache.getCacheData
392239334,392275155,35821,0,35821,:Frame.H2D.submit_with_staging,2569165,2569201,1,0,1346,1344,:1344:1346,--:Frame.H2D.submit_with_staging
392269496,392269788,292,0,292,:Cache.publish_release,2569165,2569198,2,0,1347,1318,:1308:1318:1347,----:Cache.publish_release
392275424,392279074,3650,0,3650,:Cel.kernels.submit,2569165,2569201,1,0,1348,1344,:1344:1348,--:Cel.kernels.submit
392279201,392283330,4129,0,4129,:Sdd.kernels.submit,2569165,2569201,1,0,1349,1344,:1344:1349,--:Sdd.kernels.submit
392283626,392287009,3383,0,3383,:Mi.kernels.submit,2569165,2569201,1,0,1350,1344,:1344:1350,--:Mi.kernels.submit
392287227,392289856,2629,0,2629,:Cel.D2H.submit,2569165,2569201,1,0,1351,1344,:1344:1351,--:Cel.D2H.submit
392289961,392292529,2568,0,2568,:Sdd.D2H.submit,2569165,2569201,1,0,1352,1344,:1344:1352,--:Sdd.D2H.submit
392292626,392294517,1891,0,1891,:Mi.D2H.submit,2569165,2569201,1,0,1353,1344,:1344:1353,--:Mi.D2H.submit
392294623,392543537,248914,248324,590,:Cache.freeCacheData,2569165,2569201,1,2,1354,1344,:1344:1354,--:Cache.freeCacheData
392294924,392542609,247685,0,247685,:Cache.stream_sync,2569165,2569201,2,0,1355,1354,:1344:1354:1355,----:Cache.stream_sync
392320361,392687103,366742,312656,54086,:Task.execute,2569165,2569198,0,9,1356,,:1356,:Task.execute
392320978,392321283,305,0,305,:Cache.getCacheData,2569165,2569198,1,0,1357,1356,:1356:1357,--:Cache.getCacheData
392321482,392359806,38324,0,38324,:Frame.H2D.submit_with_staging,2569165,2569198,1,0,1358,1356,:1356:1358,--:Frame.H2D.submit_with_staging
392359978,392363494,3516,0,3516,:Cel.kernels.submit,2569165,2569198,1,0,1359,1356,:1356:1359,--:Cel.kernels.submit
392363598,392366584,2986,0,2986,:Sdd.kernels.submit,2569165,2569198,1,0,1360,1356,:1356:1360,--:Sdd.kernels.submit
392366723,392366920,197,0,197,:Cache.publish_release,2569165,2569200,2,0,1361,1330,:1320:1330:1361,----:Cache.publish_release
392366847,392369697,2850,0,2850,:Mi.kernels.submit,2569165,2569198,1,0,1362,1356,:1356:1362,--:Mi.kernels.submit
392369801,392372579,2778,0,2778,:Cel.D2H.submit,2569165,2569198,1,0,1363,1356,:1356:1363,--:Cel.D2H.submit
392372680,392375014,2334,0,2334,:Sdd.D2H.submit,2569165,2569198,1,0,1364,1356,:1356:1364,--:Sdd.D2H.submit
392375111,392376851,1740,0,1740,:Mi.D2H.submit,2569165,2569198,1,0,1365,1356,:1356:1365,--:Mi.D2H.submit
392376952,392634775,257823,256706,1117,:Cache.freeCacheData,2569165,2569198,1,2,1366,1356,:1356:1366,--:Cache.freeCacheData
392377559,392634013,256454,0,256454,:Cache.stream_sync,2569165,2569198,2,0,1367,1366,:1356:1366:1367,----:Cache.stream_sync
392422239,392780100,357861,304453,53408,:Task.execute,2569165,2569200,0,9,1368,,:1368,:Task.execute
392423119,392423349,230,0,230,:Cache.getCacheData,2569165,2569200,1,0,1369,1368,:1368:1369,--:Cache.getCacheData
392423432,392458653,35221,0,35221,:Frame.H2D.submit_with_staging,2569165,2569200,1,0,1370,1368,:1368:1370,--:Frame.H2D.submit_with_staging
392451859,392452157,298,0,298,:Cache.publish_release,2569165,2569199,2,0,1371,1342,:1332:1342:1371,----:Cache.publish_release
392458759,392462138,3379,0,3379,:Cel.kernels.submit,2569165,2569200,1,0,1372,1368,:1368:1372,--:Cel.kernels.submit
392462252,392465176,2924,0,2924,:Sdd.kernels.submit,2569165,2569200,1,0,1373,1368,:1368:1373,--:Sdd.kernels.submit
392465285,392468080,2795,0,2795,:Mi.kernels.submit,2569165,2569200,1,0,1374,1368,:1368:1374,--:Mi.kernels.submit
392468190,392470912,2722,0,2722,:Cel.D2H.submit,2569165,2569200,1,0,1375,1368,:1368:1375,--:Cel.D2H.submit
392471016,392472972,1956,0,1956,:Sdd.D2H.submit,2569165,2569200,1,0,1376,1368,:1368:1376,--:Sdd.D2H.submit
392473076,392475008,1932,0,1932,:Mi.D2H.submit,2569165,2569200,1,0,1377,1368,:1368:1377,--:Mi.D2H.submit
392475108,392728402,253294,252882,412,:Cache.freeCacheData,2569165,2569200,1,2,1378,1368,:1368:1378,--:Cache.freeCacheData
392475210,392727531,252321,0,252321,:Cache.stream_sync,2569165,2569200,2,0,1379,1378,:1368:1378:1379,----:Cache.stream_sync
392503375,392864776,361401,306896,54505,:Task.execute,2569165,2569199,0,9,1380,,:1380,:Task.execute
392503879,392504329,450,0,450,:Cache.getCacheData,2569165,2569199,1,0,1381,1380,:1380:1381,--:Cache.getCacheData
392504562,392544166,39604,0,39604,:Frame.H2D.submit_with_staging,2569165,2569199,1,0,1382,1380,:1380:1382,--:Frame.H2D.submit_with_staging
392542717,392543356,639,0,639,:Cache.publish_release,2569165,2569201,2,0,1383,1354,:1344:1354:1383,----:Cache.publish_release
392544523,392548277,3754,0,3754,:Cel.kernels.submit,2569165,2569199,1,0,1384,1380,:1380:1384,--:Cel.kernels.submit
392548397,392551624,3227,0,3227,:Sdd.kernels.submit,2569165,2569199,1,0,1385,1380,:1380:1385,--:Sdd.kernels.submit
392551810,392554500,2690,0,2690,:Mi.kernels.submit,2569165,2569199,1,0,1386,1380,:1380:1386,--:Mi.kernels.submit
392554690,392557120,2430,0,2430,:Cel.D2H.submit,2569165,2569199,1,0,1387,1380,:1380:1387,--:Cel.D2H.submit
392557221,392559122,1901,0,1901,:Sdd.D2H.submit,2569165,2569199,1,0,1388,1380,:1380:1388,--:Sdd.D2H.submit
392559249,392561178,1929,0,1929,:Mi.D2H.submit,2569165,2569199,1,0,1389,1380,:1380:1389,--:Mi.D2H.submit
392561282,392812193,250911,250391,520,:Cache.freeCacheData,2569165,2569199,1,2,1390,1380,:1380:1390,--:Cache.freeCacheData
392561499,392811628,250129,0,250129,:Cache.stream_sync,2569165,2569199,2,0,1391,1390,:1380:1390:1391,----:Cache.stream_sync
392591734,392957591,365857,304920,60937,:Task.execute,2569165,2569201,0,9,1392,,:1392,:Task.execute
392592289,392592610,321,0,321,:Cache.getCacheData,2569165,2569201,1,0,1393,1392,:1392:1393,--:Cache.getCacheData
392592845,392634636,41791,0,41791,:Frame.H2D.submit_with_staging,2569165,2569201,1,0,1394,1392,:1392:1394,--:Frame.H2D.submit_with_staging
392634158,392634410,252,0,252,:Cache.publish_release,2569165,2569198,2,0,1395,1366,:1356:1366:1395,----:Cache.publish_release
392634873,392638546,3673,0,3673,:Cel.kernels.submit,2569165,2569201,1,0,1396,1392,:1392:1396,--:Cel.kernels.submit
392638690,392641490,2800,0,2800,:Sdd.kernels.submit,2569165,2569201,1,0,1397,1392,:1392:1397,--:Sdd.kernels.submit
392641796,392644864,3068,0,3068,:Mi.kernels.submit,2569165,2569201,1,0,1398,1392,:1392:1398,--:Mi.kernels.submit
392644981,392648061,3080,0,3080,:Cel.D2H.submit,2569165,2569201,1,0,1399,1392,:1392:1399,--:Cel.D2H.submit
392648190,392650462,2272,0,2272,:Sdd.D2H.submit,2569165,2569201,1,0,1400,1392,:1392:1400,--:Sdd.D2H.submit
392650642,392652804,2162,0,2162,:Mi.D2H.submit,2569165,2569201,1,0,1401,1392,:1392:1401,--:Mi.D2H.submit
392653130,392898883,245753,245177,576,:Cache.freeCacheData,2569165,2569201,1,2,1402,1392,:1392:1402,--:Cache.freeCacheData
392653551,392898473,244922,0,244922,:Cache.stream_sync,2569165,2569201,2,0,1403,1402,:1392:1402:1403,----:Cache.stream_sync
392687626,393038844,351218,298048,53170,:Task.execute,2569165,2569198,0,9,1404,,:1404,:Task.execute
392688322,392688632,310,0,310,:Cache.getCacheData,2569165,2569198,1,0,1405,1404,:1404:1405,--:Cache.getCacheData
392688800,392724393,35593,0,35593,:Frame.H2D.submit_with_staging,2569165,2569198,1,0,1406,1404,:1404:1406,--:Frame.H2D.submit_with_staging
392724677,392728088,3411,0,3411,:Cel.kernels.submit,2569165,2569198,1,0,1407,1404,:1404:1407,--:Cel.kernels.submit
392727716,392728277,561,0,561,:Cache.publish_release,2569165,2569200,2,0,1408,1378,:1368:1378:1408,----:Cache.publish_release
392728202,392730662,2460,0,2460,:Sdd.kernels.submit,2569165,2569198,1,0,1409,1404,:1404:1409,--:Sdd.kernels.submit
392730768,392733664,2896,0,2896,:Mi.kernels.submit,2569165,2569198,1,0,1410,1404,:1404:1410,--:Mi.kernels.submit
392734205,392737024,2819,0,2819,:Cel.D2H.submit,2569165,2569198,1,0,1411,1404,:1404:1411,--:Cel.D2H.submit
392737129,392739254,2125,0,2125,:Sdd.D2H.submit,2569165,2569198,1,0,1412,1404,:1404:1412,--:Sdd.D2H.submit
392739349,392741595,2246,0,2246,:Mi.D2H.submit,2569165,2569198,1,0,1413,1404,:1404:1413,--:Mi.D2H.submit
392741822,392988010,246188,245476,712,:Cache.freeCacheData,2569165,2569198,1,2,1414,1404,:1404:1414,--:Cache.freeCacheData
392742343,392987418,245075,0,245075,:Cache.stream_sync,2569165,2569198,2,0,1415,1414,:1404:1414:1415,----:Cache.stream_sync
392780500,393148842,368342,305000,63342,:Task.execute,2569165,2569200,0,9,1416,,:1416,:Task.execute
392781100,392781464,364,0,364,:Cache.getCacheData,2569165,2569200,1,0,1417,1416,:1416:1417,--:Cache.getCacheData
392782116,392820301,38185,0,38185,:Frame.H2D.submit_with_staging,2569165,2569200,1,0,1418,1416,:1416:1418,--:Frame.H2D.submit_with_staging
392811775,392812037,262,0,262,:Cache.publish_release,2569165,2569199,2,0,1419,1390,:1380:1390:1419,----:Cache.publish_release
392820474,392823978,3504,0,3504,:Cel.kernels.submit,2569165,2569200,1,0,1420,1416,:1416:1420,--:Cel.kernels.submit
392824090,392829944,5854,0,5854,:Sdd.kernels.submit,2569165,2569200,1,0,1421,1416,:1416:1421,--:Sdd.kernels.submit
392830168,392833259,3091,0,3091,:Mi.kernels.submit,2569165,2569200,1,0,1422,1416,:1416:1422,--:Mi.kernels.submit
392833392,392835992,2600,0,2600,:Cel.D2H.submit,2569165,2569200,1,0,1423,1416,:1416:1423,--:Cel.D2H.submit
392836359,392838538,2179,0,2179,:Sdd.D2H.submit,2569165,2569200,1,0,1424,1416,:1416:1424,--:Sdd.D2H.submit
392838657,392841067,2410,0,2410,:Mi.D2H.submit,2569165,2569200,1,0,1425,1416,:1416:1425,--:Mi.D2H.submit
392841170,393087983,246813,246266,547,:Cache.freeCacheData,2569165,2569200,1,2,1426,1416,:1416:1426,--:Cache.freeCacheData
392841520,393087494,245974,0,245974,:Cache.stream_sync,2569165,2569200,2,0,1427,1426,:1416:1426:1427,----:Cache.stream_sync
392865185,393238899,373714,312321,61393,:Task.execute,2569165,2569199,0,9,1428,,:1428,:Task.execute
392865782,392866060,278,0,278,:Cache.getCacheData,2569165,2569199,1,0,1429,1428,:1428:1429,--:Cache.getCacheData
392866246,392910183,43937,0,43937,:Frame.H2D.submit_with_staging,2569165,2569199,1,0,1430,1428,:1428:1430,--:Frame.H2D.submit_with_staging
392898559,392898814,255,0,255,:Cache.publish_release,2569165,2569201,2,0,1431,1402,:1392:1402:1431,----:Cache.publish_release
392913888,392918542,4654,0,4654,:Cel.kernels.submit,2569165,2569199,1,0,1432,1428,:1428:1432,--:Cel.kernels.submit
392918884,392924497,5613,0,5613,:Sdd.kernels.submit,2569165,2569199,1,0,1433,1428,:1428:1433,--:Sdd.kernels.submit
392924698,392928052,3354,0,3354,:Mi.kernels.submit,2569165,2569199,1,0,1434,1428,:1428:1434,--:Mi.kernels.submit
392928415,392931160,2745,0,2745,:Cel.D2H.submit,2569165,2569199,1,0,1435,1428,:1428:1435,--:Cel.D2H.submit
392931272,392933187,1915,0,1915,:Sdd.D2H.submit,2569165,2569199,1,0,1436,1428,:1428:1436,--:Sdd.D2H.submit
392933288,392935691,2403,0,2403,:Mi.D2H.submit,2569165,2569199,1,0,1437,1428,:1428:1437,--:Mi.D2H.submit
392935972,393183394,247422,246066,1356,:Cache.freeCacheData,2569165,2569199,1,2,1438,1428,:1428:1438,--:Cache.freeCacheData
392936165,393181894,245729,0,245729,:Cache.stream_sync,2569165,2569199,2,0,1439,1438,:1428:1438:1439,----:Cache.stream_sync
392957920,393339119,381199,325692,55507,:Task.execute,2569165,2569201,0,9,1440,,:1440,:Task.execute
392958688,392958949,261,0,261,:Cache.getCacheData,2569165,2569201,1,0,1441,1440,:1440:1441,--:Cache.getCacheData
392959029,393007863,48834,0,48834,:Frame.H2D.submit_with_staging,2569165,2569201,1,0,1442,1440,:1440:1442,--:Frame.H2D.submit_with_staging
392987533,392987934,401,0,401,:Cache.publish_release,2569165,2569198,2,0,1443,1414,:1404:1414:1443,----:Cache.publish_release
393007968,393011482,3514,0,3514,:Cel.kernels.submit,2569165,2569201,1,0,1444,1440,:1440:1444,--:Cel.kernels.submit
393011624,393014369,2745,0,2745,:Sdd.kernels.submit,2569165,2569201,1,0,1445,1440,:1440:1445,--:Sdd.kernels.submit
393014494,393017432,2938,0,2938,:Mi.kernels.submit,2569165,2569201,1,0,1446,1440,:1440:1446,--:Mi.kernels.submit
393017798,393021146,3348,0,3348,:Cel.D2H.submit,2569165,2569201,1,0,1447,1440,:1440:1447,--:Cel.D2H.submit
393021318,393023432,2114,0,2114,:Sdd.D2H.submit,2569165,2569201,1,0,1448,1440,:1440:1448,--:Sdd.D2H.submit
393023529,393025767,2238,0,2238,:Mi.D2H.submit,2569165,2569201,1,0,1449,1440,:1440:1449,--:Mi.D2H.submit
393025869,393285569,259700,259287,413,:Cache.freeCacheData,2569165,2569201,1,2,1450,1440,:1440:1450,--:Cache.freeCacheData
393026139,393285227,259088,0,259088,:Cache.stream_sync,2569165,2569201,2,0,1451,1450,:1440:1450:1451,----:Cache.stream_sync
393039178,393430993,391815,337022,54793,:Task.execute,2569165,2569198,0,9,1452,,:1452,:Task.execute
393039851,393040441,590,0,590,:Cache.getCacheData,2569165,2569198,1,0,1453,1452,:1452:1453,--:Cache.getCacheData
393040525,393086604,46079,0,46079,:Frame.H2D.submit_with_staging,2569165,2569198,1,0,1454,1452,:1452:1454,--:Frame.H2D.submit_with_staging
393086723,393090256,3533,0,3533,:Cel.kernels.submit,2569165,2569198,1,0,1455,1452,:1452:1455,--:Cel.kernels.submit
393087582,393087874,292,0,292,:Cache.publish_release,2569165,2569200,2,0,1456,1426,:1416:1426:1456,----:Cache.publish_release
393090364,393092858,2494,0,2494,:Sdd.kernels.submit,2569165,2569198,1,0,1457,1452,:1452:1457,--:Sdd.kernels.submit
393092965,393095445,2480,0,2480,:Mi.kernels.submit,2569165,2569198,1,0,1458,1452,:1452:1458,--:Mi.kernels.submit
393095721,393098770,3049,0,3049,:Cel.D2H.submit,2569165,2569198,1,0,1459,1452,:1452:1459,--:Cel.D2H.submit
393098957,393101523,2566,0,2566,:Sdd.D2H.submit,2569165,2569198,1,0,1460,1452,:1452:1460,--:Sdd.D2H.submit
393101623,393103865,2242,0,2242,:Mi.D2H.submit,2569165,2569198,1,0,1461,1452,:1452:1461,--:Mi.D2H.submit
393103961,393377950,273989,273155,834,:Cache.freeCacheData,2569165,2569198,1,2,1462,1452,:1452:1462,--:Cache.freeCacheData
393104563,393377493,272930,0,272930,:Cache.stream_sync,2569165,2569198,2,0,1463,1462,:1452:1462:1463,----:Cache.stream_sync
393149053,393519858,370805,317422,53383,:Task.execute,2569165,2569200,0,9,1464,,:1464,:Task.execute
393149926,393150185,259,0,259,:Cache.getCacheData,2569165,2569200,1,0,1465,1464,:1464:1465,--:Cache.getCacheData
393150491,393189662,39171,0,39171,:Frame.H2D.submit_with_staging,2569165,2569200,1,0,1466,1464,:1464:1466,--:Frame.H2D.submit_with_staging
393182979,393183316,337,0,337,:Cache.publish_release,2569165,2569199,2,0,1467,1438,:1428:1438:1467,----:Cache.publish_release
393189764,393193227,3463,0,3463,:Cel.kernels.submit,2569165,2569200,1,0,1468,1464,:1464:1468,--:Cel.kernels.submit
393193335,393196025,2690,0,2690,:Sdd.kernels.submit,2569165,2569200,1,0,1469,1464,:1464:1469,--:Sdd.kernels.submit
393196427,393199584,3157,0,3157,:Mi.kernels.submit,2569165,2569200,1,0,1470,1464,:1464:1470,--:Mi.kernels.submit
393199710,393202573,2863,0,2863,:Cel.D2H.submit,2569165,2569200,1,0,1471,1464,:1464:1471,--:Cel.D2H.submit
393202679,393204904,2225,0,2225,:Sdd.D2H.submit,2569165,2569200,1,0,1472,1464,:1464:1472,--:Sdd.D2H.submit
393205400,393207384,1984,0,1984,:Mi.D2H.submit,2569165,2569200,1,0,1473,1464,:1464:1473,--:Mi.D2H.submit
393207489,393469099,261610,261089,521,:Cache.freeCacheData,2569165,2569200,1,2,1474,1464,:1464:1474,--:Cache.freeCacheData
393207597,393468500,260903,0,260903,:Cache.stream_sync,2569165,2569200,2,0,1475,1474,:1464:1474:1475,----:Cache.stream_sync
393239214,393605032,365818,312943,52875,:Task.execute,2569165,2569199,0,9,1476,,:1476,:Task.execute
393240175,393240458,283,0,283,:Cache.getCacheData,2569165,2569199,1,0,1477,1476,:1476:1477,--:Cache.getCacheData
393240540,393279802,39262,0,39262,:Frame.H2D.submit_with_staging,2569165,2569199,1,0,1478,1476,:1476:1478,--:Frame.H2D.submit_with_staging
393279993,393284462,4469,0,4469,:Cel.kernels.submit,2569165,2569199,1,0,1479,1476,:1476:1479,--:Cel.kernels.submit
393284617,393287756,3139,0,3139,:Sdd.kernels.submit,2569165,2569199,1,0,1480,1476,:1476:1480,--:Sdd.kernels.submit
393285305,393285504,199,0,199,:Cache.publish_release,2569165,2569201,2,0,1481,1450,:1440:1450:1481,----:Cache.publish_release
393287898,393291152,3254,0,3254,:Mi.kernels.submit,2569165,2569199,1,0,1482,1476,:1476:1482,--:Mi.kernels.submit
393291310,393294617,3307,0,3307,:Cel.D2H.submit,2569165,2569199,1,0,1483,1476,:1476:1483,--:Cel.D2H.submit
393295196,393297560,2364,0,2364,:Sdd.D2H.submit,2569165,2569199,1,0,1484,1476,:1476:1484,--:Sdd.D2H.submit
393297673,393299845,2172,0,2172,:Mi.D2H.submit,2569165,2569199,1,0,1485,1476,:1476:1485,--:Mi.D2H.submit
393299959,393554652,254693,254188,505,:Cache.freeCacheData,2569165,2569199,1,2,1486,1476,:1476:1486,--:Cache.freeCacheData
393300286,393554164,253878,0,253878,:Cache.stream_sync,2569165,2569199,2,0,1487,1486,:1476:1486:1487,----:Cache.stream_sync
393339377,393704006,364629,310484,54145,:Task.execute,2569165,2569201,0,9,1488,,:1488,:Task.execute
393339948,393340641,693,0,693,:Cache.getCacheData,2569165,2569201,1,0,1489,1488,:1488:1489,--:Cache.getCacheData
393340842,393377274,36432,0,36432,:Frame.H2D.submit_with_staging,2569165,2569201,1,0,1490,1488,:1488:1490,--:Frame.H2D.submit_with_staging
393377426,393381335,3909,0,3909,:Cel.kernels.submit,2569165,2569201,1,0,1491,1488,:1488:1491,--:Cel.kernels.submit
393377655,393377880,225,0,225,:Cache.publish_release,2569165,2569198,2,0,1492,1462,:1452:1462:1492,----:Cache.publish_release
393381439,393384451,3012,0,3012,:Sdd.kernels.submit,2569165,2569201,1,0,1493,1488,:1488:1493,--:Sdd.kernels.submit
393384566,393387691,3125,0,3125,:Mi.kernels.submit,2569165,2569201,1,0,1494,1488,:1488:1494,--:Mi.kernels.submit
393387821,393390791,2970,0,2970,:Cel.D2H.submit,2569165,2569201,1,0,1495,1488,:1488:1495,--:Cel.D2H.submit
393390887,393393057,2170,0,2170,:Sdd.D2H.submit,2569165,2569201,1,0,1496,1488,:1488:1496,--:Sdd.D2H.submit
393393153,393395053,1900,0,1900,:Mi.D2H.submit,2569165,2569201,1,0,1497,1488,:1488:1497,--:Mi.D2H.submit
393395155,393651428,256273,255896,377,:Cache.freeCacheData,2569165,2569201,1,2,1498,1488,:1488:1498,--:Cache.freeCacheData
393395261,393650860,255599,0,255599,:Cache.stream_sync,2569165,2569201,2,0,1499,1498,:1488:1498:1499,----:Cache.stream_sync
393431372,393789742,358370,303340,55030,:Task.execute,2569165,2569198,0,9,1500,,:1500,:Task.execute
393432123,393432434,311,0,311,:Cache.getCacheData,2569165,2569198,1,0,1501,1500,:1500:1501,--:Cache.getCacheData
393432799,393470828,38029,0,38029,:Frame.H2D.submit_with_staging,2569165,2569198,1,0,1502,1500,:1500:1502,--:Frame.H2D.submit_with_staging
393468632,393468818,186,0,186,:Cache.publish_release,2569165,2569200,2,0,1503,1474,:1464:1474:1503,----:Cache.publish_release
393470940,393474826,3886,0,3886,:Cel.kernels.submit,2569165,2569198,1,0,1504,1500,:1500:1504,--:Cel.kernels.submit
393474935,393478086,3151,0,3151,:Sdd.kernels.submit,2569165,2569198,1,0,1505,1500,:1500:1505,--:Sdd.kernels.submit
393478292,393480903,2611,0,2611,:Mi.kernels.submit,2569165,2569198,1,0,1506,1500,:1500:1506,--:Mi.kernels.submit
393481031,393483383,2352,0,2352,:Cel.D2H.submit,2569165,2569198,1,0,1507,1500,:1500:1507,--:Cel.D2H.submit
393483498,393485398,1900,0,1900,:Sdd.D2H.submit,2569165,2569198,1,0,1508,1500,:1500:1508,--:Sdd.D2H.submit
393485495,393487238,1743,0,1743,:Mi.D2H.submit,2569165,2569198,1,0,1509,1500,:1500:1509,--:Mi.D2H.submit
393487334,393736691,249357,249091,266,:Cache.freeCacheData,2569165,2569198,1,2,1510,1500,:1500:1510,--:Cache.freeCacheData
393487437,393736335,248898,0,248898,:Cache.stream_sync,2569165,2569198,2,0,1511,1510,:1500:1510:1511,----:Cache.stream_sync
393520194,393888074,367880,311181,56699,:Task.execute,2569165,2569200,0,9,1512,,:1512,:Task.execute
393521063,393521333,270,0,270,:Cache.getCacheData,2569165,2569200,1,0,1513,1512,:1512:1513,--:Cache.getCacheData
393521413,393561705,40292,0,40292,:Frame.H2D.submit_with_staging,2569165,2569200,1,0,1514,1512,:1512:1514,--:Frame.H2D.submit_with_staging
393554247,393554557,310,0,310,:Cache.publish_release,2569165,2569199,2,0,1515,1486,:1476:1486:1515,----:Cache.publish_release
393561802,393565821,4019,0,4019,:Cel.kernels.submit,2569165,2569200,1,0,1516,1512,:1512:1516,--:Cel.kernels.submit
393565922,393568585,2663,0,2663,:Sdd.kernels.submit,2569165,2569200,1,0,1517,1512,:1512:1517,--:Sdd.kernels.submit
393568695,393571656,2961,0,2961,:Mi.kernels.submit,2569165,2569200,1,0,1518,1512,:1512:1518,--:Mi.kernels.submit
393572219,393575102,2883,0,2883,:Cel.D2H.submit,2569165,2569200,1,0,1519,1512,:1512:1519,--:Cel.D2H.submit
393575207,393577349,2142,0,2142,:Sdd.D2H.submit,2569165,2569200,1,0,1520,1512,:1512:1520,--:Sdd.D2H.submit
393577456,393579478,2022,0,2022,:Mi.D2H.submit,2569165,2569200,1,0,1521,1512,:1512:1521,--:Mi.D2H.submit
393579583,393833512,253929,253435,494,:Cache.freeCacheData,2569165,2569200,1,2,1522,1512,:1512:1522,--:Cache.freeCacheData
393579688,393832847,253159,0,253159,:Cache.stream_sync,2569165,2569200,2,0,1523,1522,:1512:1522:1523,----:Cache.stream_sync
393605560,393974369,368809,311037,57772,:Task.execute,2569165,2569199,0,9,1524,,:1524,:Task.execute
393606694,393606994,300,0,300,:Cache.getCacheData,2569165,2569199,1,0,1525,1524,:1524:1525,--:Cache.getCacheData
393607078,393645320,38242,0,38242,:Frame.H2D.submit_with_staging,2569165,2569199,1,0,1526,1524,:1524:1526,--:Frame.H2D.submit_with_staging
393645450,393649247,3797,0,3797,:Cel.kernels.submit,2569165,2569199,1,0,1527,1524,:1524:1527,--:Cel.kernels.submit
393649382,393652522,3140,0,3140,:Sdd.kernels.submit,2569165,2569199,1,0,1528,1524,:1524:1528,--:Sdd.kernels.submit
393650943,393651240,297,0,297,:Cache.publish_release,2569165,2569201,2,0,1529,1498,:1488:1498:1529,----:Cache.publish_release
393652830,393655712,2882,0,2882,:Mi.kernels.submit,2569165,2569199,1,0,1530,1524,:1524:1530,--:Mi.kernels.submit
393655923,393658400,2477,0,2477,:Cel.D2H.submit,2569165,2569199,1,0,1531,1524,:1524:1531,--:Cel.D2H.submit
393658505,393660593,2088,0,2088,:Sdd.D2H.submit,2569165,2569199,1,0,1532,1524,:1524:1532,--:Sdd.D2H.submit
393660691,393662665,1974,0,1974,:Mi.D2H.submit,2569165,2569199,1,0,1533,1524,:1524:1533,--:Mi.D2H.submit
393662767,393918904,256137,255629,508,:Cache.freeCacheData,2569165,2569199,1,2,1534,1524,:1524:1534,--:Cache.freeCacheData
393662880,393918188,255308,0,255308,:Cache.stream_sync,2569165,2569199,2,0,1535,1534,:1524:1534:1535,----:Cache.stream_sync
393704278,394067018,362740,306837,55903,:Task.execute,2569165,2569201,0,9,1536,,:1536,:Task.execute
393705167,393705486,319,0,319,:Cache.getCacheData,2569165,2569201,1,0,1537,1536,:1536:1537,--:Cache.getCacheData
393705671,393742062,36391,0,36391,:Frame.H2D.submit_with_staging,2569165,2569201,1,0,1538,1536,:1536:1538,--:Frame.H2D.submit_with_staging
393736427,393736620,193,0,193,:Cache.publish_release,2569165,2569198,2,0,1539,1510,:1500:1510:1539,----:Cache.publish_release
393742248,393745706,3458,0,3458,:Cel.kernels.submit,2569165,2569201,1,0,1540,1536,:1536:1540,--:Cel.kernels.submit
393745965,393748994,3029,0,3029,:Sdd.kernels.submit,2569165,2569201,1,0,1541,1536,:1536:1541,--:Sdd.kernels.submit
393749267,393752331,3064,0,3064,:Mi.kernels.submit,2569165,2569201,1,0,1542,1536,:1536:1542,--:Mi.kernels.submit
393752525,393754924,2399,0,2399,:Cel.D2H.submit,2569165,2569201,1,0,1543,1536,:1536:1543,--:Cel.D2H.submit
393755101,393757512,2411,0,2411,:Sdd.D2H.submit,2569165,2569201,1,0,1544,1536,:1536:1544,--:Sdd.D2H.submit
393757768,393760053,2285,0,2285,:Mi.D2H.submit,2569165,2569201,1,0,1545,1536,:1536:1545,--:Mi.D2H.submit
393760241,394013722,253481,253126,355,:Cache.freeCacheData,2569165,2569201,1,2,1546,1536,:1536:1546,--:Cache.freeCacheData
393760443,394013253,252810,0,252810,:Cache.stream_sync,2569165,2569201,2,0,1547,1546,:1536:1546:1547,----:Cache.stream_sync
393790174,394155565,365391,308043,57348,:Task.execute,2569165,2569198,0,9,1548,,:1548,:Task.execute
393791162,393791453,291,0,291,:Cache.getCacheData,2569165,2569198,1,0,1549,1548,:1548:1549,--:Cache.getCacheData
393791830,393829243,37413,0,37413,:Frame.H2D.submit_with_staging,2569165,2569198,1,0,1550,1548,:1548:1550,--:Frame.H2D.submit_with_staging
393829612,393833079,3467,0,3467,:Cel.kernels.submit,2569165,2569198,1,0,1551,1548,:1548:1551,--:Cel.kernels.submit
393833038,393833314,276,0,276,:Cache.publish_release,2569165,2569200,2,0,1552,1522,:1512:1522:1552,----:Cache.publish_release
393833307,393835990,2683,0,2683,:Sdd.kernels.submit,2569165,2569198,1,0,1553,1548,:1548:1553,--:Sdd.kernels.submit
393836200,393839234,3034,0,3034,:Mi.kernels.submit,2569165,2569198,1,0,1554,1548,:1548:1554,--:Mi.kernels.submit
393839361,393841756,2395,0,2395,:Cel.D2H.submit,2569165,2569198,1,0,1555,1548,:1548:1555,--:Cel.D2H.submit
393841880,393843791,1911,0,1911,:Sdd.D2H.submit,2569165,2569198,1,0,1556,1548,:1548:1556,--:Sdd.D2H.submit
393843889,393845791,1902,0,1902,:Mi.D2H.submit,2569165,2569198,1,0,1557,1548,:1548:1557,--:Mi.D2H.submit
393846011,394100958,254947,254397,550,:Cache.freeCacheData,2569165,2569198,1,2,1558,1548,:1548:1558,--:Cache.freeCacheData
393846286,394100259,253973,0,253973,:Cache.stream_sync,2569165,2569198,2,0,1559,1558,:1548:1558:1559,----:Cache.stream_sync
393890563,394256193,365630,310991,54639,:Task.execute,2569165,2569200,0,9,1560,,:1560,:Task.execute
393891326,393891921,595,0,595,:Cache.getCacheData,2569165,2569200,1,0,1561,1560,:1560:1561,--:Cache.getCacheData
393892139,393934986,42847,0,42847,:Frame.H2D.submit_with_staging,2569165,2569200,1,0,1562,1560,:1560:1562,--:Frame.H2D.submit_with_staging
393918273,393918594,321,0,321,:Cache.publish_release,2569165,2569199,2,0,1563,1534,:1524:1534:1563,----:Cache.publish_release
393935153,393939162,4009,0,4009,:Cel.kernels.submit,2569165,2569200,1,0,1564,1560,:1560:1564,--:Cel.kernels.submit
393939276,393942276,3000,0,3000,:Sdd.kernels.submit,2569165,2569200,1,0,1565,1560,:1560:1565,--:Sdd.kernels.submit
393942624,393945804,3180,0,3180,:Mi.kernels.submit,2569165,2569200,1,0,1566,1560,:1560:1566,--:Mi.kernels.submit
393945913,393948313,2400,0,2400,:Cel.D2H.submit,2569165,2569200,1,0,1567,1560,:1560:1567,--:Cel.D2H.submit
393948413,393950460,2047,0,2047,:Sdd.D2H.submit,2569165,2569200,1,0,1568,1560,:1560:1568,--:Sdd.D2H.submit
393950564,393952493,1929,0,1929,:Mi.D2H.submit,2569165,2569200,1,0,1569,1560,:1560:1569,--:Mi.D2H.submit
393952597,394203581,250984,250420,564,:Cache.freeCacheData,2569165,2569200,1,2,1570,1560,:1560:1570,--:Cache.freeCacheData
393953005,394202962,249957,0,249957,:Cache.stream_sync,2569165,2569200,2,0,1571,1570,:1560:1570:1571,----:Cache.stream_sync
393974737,394341346,366609,312572,54037,:Task.execute,2569165,2569199,0,9,1572,,:1572,:Task.execute
393975385,393975685,300,0,300,:Cache.getCacheData,2569165,2569199,1,0,1573,1572,:1572:1573,--:Cache.getCacheData
393975768,394017902,42134,0,42134,:Frame.H2D.submit_with_staging,2569165,2569199,1,0,1574,1572,:1572:1574,--:Frame.H2D.submit_with_staging
394013336,394013652,316,0,316,:Cache.publish_release,2569165,2569201,2,0,1575,1546,:1536:1546:1575,----:Cache.publish_release
394018029,394021990,3961,0,3961,:Cel.kernels.submit,2569165,2569199,1,0,1576,1572,:1572:1576,--:Cel.kernels.submit
394022108,394025395,3287,0,3287,:Sdd.kernels.submit,2569165,2569199,1,0,1577,1572,:1572:1577,--:Sdd.kernels.submit
394025598,394028764,3166,0,3166,:Mi.kernels.submit,2569165,2569199,1,0,1578,1572,:1572:1578,--:Mi.kernels.submit
394028872,394031535,2663,0,2663,:Cel.D2H.submit,2569165,2569199,1,0,1579,1572,:1572:1579,--:Cel.D2H.submit
394031818,394033874,2056,0,2056,:Sdd.D2H.submit,2569165,2569199,1,0,1580,1572,:1572:1580,--:Sdd.D2H.submit
394034050,394036235,2185,0,2185,:Mi.D2H.submit,2569165,2569199,1,0,1581,1572,:1572:1581,--:Mi.D2H.submit
394036336,394289156,252820,252476,344,:Cache.freeCacheData,2569165,2569199,1,2,1582,1572,:1572:1582,--:Cache.freeCacheData
394036535,394288766,252231,0,252231,:Cache.stream_sync,2569165,2569199,2,0,1583,1582,:1572:1582:1583,----:Cache.stream_sync
394067877,394442209,374332,321042,53290,:Task.execute,2569165,2569201,0,9,1584,,:1584,:Task.execute
394068547,394068891,344,0,344,:Cache.getCacheData,2569165,2569201,1,0,1585,1584,:1584:1585,--:Cache.getCacheData
394068973,394108508,39535,0,39535,:Frame.H2D.submit_with_staging,2569165,2569201,1,0,1586,1584,:1584:1586,--:Frame.H2D.submit_with_staging
394100368,394100792,424,0,424,:Cache.publish_release,2569165,2569198,2,0,1587,1558,:1548:1558:1587,----:Cache.publish_release
394108621,394112371,3750,0,3750,:Cel.kernels.submit,2569165,2569201,1,0,1588,1584,:1584:1588,--:Cel.kernels.submit
394112482,394115512,3030,0,3030,:Sdd.kernels.submit,2569165,2569201,1,0,1589,1584,:1584:1589,--:Sdd.kernels.submit
394115632,394118666,3034,0,3034,:Mi.kernels.submit,2569165,2569201,1,0,1590,1584,:1584:1590,--:Mi.kernels.submit
394118879,394121920,3041,0,3041,:Cel.D2H.submit,2569165,2569201,1,0,1591,1584,:1584:1591,--:Cel.D2H.submit
394122205,394124851,2646,0,2646,:Sdd.D2H.submit,2569165,2569201,1,0,1592,1584,:1584:1592,--:Sdd.D2H.submit
394124944,394127037,2093,0,2093,:Mi.D2H.submit,2569165,2569201,1,0,1593,1584,:1584:1593,--:Mi.D2H.submit
394127138,394390707,263569,263055,514,:Cache.freeCacheData,2569165,2569201,1,2,1594,1584,:1584:1594,--:Cache.freeCacheData
394127474,394390324,262850,0,262850,:Cache.stream_sync,2569165,2569201,2,0,1595,1594,:1584:1594:1595,----:Cache.stream_sync
394155948,394528290,372342,319819,52523,:Task.execute,2569165,2569198,0,9,1596,,:1596,:Task.execute
394156631,394156926,295,0,295,:Cache.getCacheData,2569165,2569198,1,0,1597,1596,:1596:1597,--:Cache.getCacheData
394157007,394192595,35588,0,35588,:Frame.H2D.submit_with_staging,2569165,2569198,1,0,1598,1596,:1596:1598,--:Frame.H2D.submit_with_staging
394192709,394196603,3894,0,3894,:Cel.kernels.submit,2569165,2569198,1,0,1599,1596,:1596:1599,--:Cel.kernels.submit
394196753,394199326,2573,0,2573,:Sdd.kernels.submit,2569165,2569198,1,0,1600,1596,:1596:1600,--:Sdd.kernels.submit
394199439,394202217,2778,0,2778,:Mi.kernels.submit,2569165,2569198,1,0,1601,1596,:1596:1601,--:Mi.kernels.submit
394202400,394204962,2562,0,2562,:Cel.D2H.submit,2569165,2569198,1,0,1602,1596,:1596:1602,--:Cel.D2H.submit
394203049,394203512,463,0,463,:Cache.publish_release,2569165,2569200,2,0,1603,1570,:1560:1570:1603,----:Cache.publish_release
394205064,394207093,2029,0,2029,:Sdd.D2H.submit,2569165,2569198,1,0,1604,1596,:1596:1604,--:Sdd.D2H.submit
394207197,394209308,2111,0,2111,:Mi.D2H.submit,2569165,2569198,1,0,1605,1596,:1596:1605,--:Mi.D2H.submit
394209411,394477400,267989,267683,306,:Cache.freeCacheData,2569165,2569198,1,2,1606,1596,:1596:1606,--:Cache.freeCacheData
394209511,394476997,267486,0,267486,:Cache.stream_sync,2569165,2569198,2,0,1607,1606,:1596:1606:1607,----:Cache.stream_sync
394256504,394627406,370902,315294,55608,:Task.execute,2569165,2569200,0,9,1608,,:1608,:Task.execute
394257076,394257370,294,0,294,:Cache.getCacheData,2569165,2569200,1,0,1609,1608,:1608:1609,--:Cache.getCacheData
394257533,394292130,34597,0,34597,:Frame.H2D.submit_with_staging,2569165,2569200,1,0,1610,1608,:1608:1610,--:Frame.H2D.submit_with_staging
394288847,394289092,245,0,245,:Cache.publish_release,2569165,2569199,2,0,1611,1582,:1572:1582:1611,----:Cache.publish_release
394292292,394295656,3364,0,3364,:Cel.kernels.submit,2569165,2569200,1,0,1612,1608,:1608:1612,--:Cel.kernels.submit
394295798,394298535,2737,0,2737,:Sdd.kernels.submit,2569165,2569200,1,0,1613,1608,:1608:1613,--:Sdd.kernels.submit
394299026,394301929,2903,0,2903,:Mi.kernels.submit,2569165,2569200,1,0,1614,1608,:1608:1614,--:Mi.kernels.submit
394302346,394305034,2688,0,2688,:Cel.D2H.submit,2569165,2569200,1,0,1615,1608,:1608:1615,--:Cel.D2H.submit
394305217,394307496,2279,0,2279,:Sdd.D2H.submit,2569165,2569200,1,0,1616,1608,:1608:1616,--:Sdd.D2H.submit
394307677,394310366,2689,0,2689,:Mi.D2H.submit,2569165,2569200,1,0,1617,1608,:1608:1617,--:Mi.D2H.submit
394310471,394574214,263743,263477,266,:Cache.freeCacheData,2569165,2569200,1,2,1618,1608,:1608:1618,--:Cache.freeCacheData
394310577,394573825,263248,0,263248,:Cache.stream_sync,2569165,2569200,2,0,1619,1618,:1608:1618:1619,----:Cache.stream_sync
394341748,394709739,367991,315192,52799,:Task.execute,2569165,2569199,0,9,1620,,:1620,:Task.execute
394342495,394342814,319,0,319,:Cache.getCacheData,2569165,2569199,1,0,1621,1620,:1620:1621,--:Cache.getCacheData
394342937,394378286,35349,0,35349,:Frame.H2D.submit_with_staging,2569165,2569199,1,0,1622,1620,:1620:1622,--:Frame.H2D.submit_with_staging
394378409,394381859,3450,0,3450,:Cel.kernels.submit,2569165,2569199,1,0,1623,1620,:1620:1623,--:Cel.kernels.submit
394381962,394384800,2838,0,2838,:Sdd.kernels.submit,2569165,2569199,1,0,1624,1620,:1620:1624,--:Sdd.kernels.submit
394384914,394387885,2971,0,2971,:Mi.kernels.submit,2569165,2569199,1,0,1625,1620,:1620:1625,--:Mi.kernels.submit
394388392,394390918,2526,0,2526,:Cel.D2H.submit,2569165,2569199,1,0,1626,1620,:1620:1626,--:Cel.D2H.submit
394390433,394390638,205,0,205,:Cache.publish_release,2569165,2569201,2,0,1627,1594,:1584:1594:1627,----:Cache.publish_release
394391158,394393303,2145,0,2145,:Sdd.D2H.submit,2569165,2569199,1,0,1628,1620,:1620:1628,--:Sdd.D2H.submit
394393422,394395514,2092,0,2092,:Mi.D2H.submit,2569165,2569199,1,0,1629,1620,:1620:1629,--:Mi.D2H.submit
394395619,394659121,263502,263213,289,:Cache.freeCacheData,2569165,2569199,1,2,1630,1620,:1620:1630,--:Cache.freeCacheData
394395732,394658747,263015,0,263015,:Cache.stream_sync,2569165,2569199,2,0,1631,1630,:1620:1630:1631,----:Cache.stream_sync
394442566,394799381,356815,304685,52130,:Task.execute,2569165,2569201,0,9,1632,,:1632,:Task.execute
394443617,394443867,250,0,250,:Cache.getCacheData,2569165,2569201,1,0,1633,1632,:1632:1633,--:Cache.getCacheData
394443950,394477997,34047,0,34047,:Frame.H2D.submit_with_staging,2569165,2569201,1,0,1634,1632,:1632:1634,--:Frame.H2D.submit_with_staging
394477097,394477294,197,0,197,:Cache.publish_release,2569165,2569198,2,0,1635,1606,:1596:1606:1635,----:Cache.publish_release
394478102,394481889,3787,0,3787,:Cel.kernels.submit,2569165,2569201,1,0,1636,1632,:1632:1636,--:Cel.kernels.submit
394481993,394484829,2836,0,2836,:Sdd.kernels.submit,2569165,2569201,1,0,1637,1632,:1632:1637,--:Sdd.kernels.submit
394485144,394487968,2824,0,2824,:Mi.kernels.submit,2569165,2569201,1,0,1638,1632,:1632:1638,--:Mi.kernels.submit
394488332,394490880,2548,0,2548,:Cel.D2H.submit,2569165,2569201,1,0,1639,1632,:1632:1639,--:Cel.D2H.submit
394490992,394493139,2147,0,2147,:Sdd.D2H.submit,2569165,2569201,1,0,1640,1632,:1632:1640,--:Sdd.D2H.submit
394493272,394495437,2165,0,2165,:Mi.D2H.submit,2569165,2569201,1,0,1641,1632,:1632:1641,--:Mi.D2H.submit
394495562,394749643,254081,253823,258,:Cache.freeCacheData,2569165,2569201,1,2,1642,1632,:1632:1642,--:Cache.freeCacheData
394495671,394749039,253368,0,253368,:Cache.stream_sync,2569165,2569201,2,0,1643,1642,:1632:1642:1643,----:Cache.stream_sync
394528561,394884216,355655,303044,52611,:Task.execute,2569165,2569198,0,9,1644,,:1644,:Task.execute
394529706,394529955,249,0,249,:Cache.getCacheData,2569165,2569198,1,0,1645,1644,:1644:1645,--:Cache.getCacheData
394530098,394566317,36219,0,36219,:Frame.H2D.submit_with_staging,2569165,2569198,1,0,1646,1644,:1644:1646,--:Frame.H2D.submit_with_staging
394566481,394570348,3867,0,3867,:Cel.kernels.submit,2569165,2569198,1,0,1647,1644,:1644:1647,--:Cel.kernels.submit
394570457,394573062,2605,0,2605,:Sdd.kernels.submit,2569165,2569198,1,0,1648,1644,:1644:1648,--:Sdd.kernels.submit
394573518,394576247,2729,0,2729,:Mi.kernels.submit,2569165,2569198,1,0,1649,1644,:1644:1649,--:Mi.kernels.submit
394573911,394574140,229,0,229,:Cache.publish_release,2569165,2569200,2,0,1650,1618,:1608:1618:1650,----:Cache.publish_release
394576411,394578709,2298,0,2298,:Cel.D2H.submit,2569165,2569198,1,0,1651,1644,:1644:1651,--:Cel.D2H.submit
394578819,394581438,2619,0,2619,:Sdd.D2H.submit,2569165,2569198,1,0,1652,1644,:1644:1652,--:Sdd.D2H.submit
394581551,394583429,1878,0,1878,:Mi.D2H.submit,2569165,2569198,1,0,1653,1644,:1644:1653,--:Mi.D2H.submit
394583548,394834128,250580,250142,438,:Cache.freeCacheData,2569165,2569198,1,2,1654,1644,:1644:1654,--:Cache.freeCacheData
394583649,394832915,249266,0,249266,:Cache.stream_sync,2569165,2569198,2,0,1655,1654,:1644:1654:1655,----:Cache.stream_sync
394627896,394984245,356349,304362,51987,:Task.execute,2569165,2569200,0,9,1656,,:1656,:Task.execute
394628550,394628788,238,0,238,:Cache.getCacheData,2569165,2569200,1,0,1657,1656,:1656:1657,--:Cache.getCacheData
394628872,394663693,34821,0,34821,:Frame.H2D.submit_with_staging,2569165,2569200,1,0,1658,1656,:1656:1658,--:Frame.H2D.submit_with_staging
394658857,394659055,198,0,198,:Cache.publish_release,2569165,2569199,2,0,1659,1630,:1620:1630:1659,----:Cache.publish_release
394663808,394667740,3932,0,3932,:Cel.kernels.submit,2569165,2569200,1,0,1660,1656,:1656:1660,--:Cel.kernels.submit
394667842,394670532,2690,0,2690,:Sdd.kernels.submit,2569165,2569200,1,0,1661,1656,:1656:1661,--:Sdd.kernels.submit
394670651,394673371,2720,0,2720,:Mi.kernels.submit,2569165,2569200,1,0,1662,1656,:1656:1662,--:Mi.kernels.submit
394673484,394675955,2471,0,2471,:Cel.D2H.submit,2569165,2569200,1,0,1663,1656,:1656:1663,--:Cel.D2H.submit
394676120,394678138,2018,0,2018,:Sdd.D2H.submit,2569165,2569200,1,0,1664,1656,:1656:1664,--:Sdd.D2H.submit
394678239,394680727,2488,0,2488,:Mi.D2H.submit,2569165,2569200,1,0,1665,1656,:1656:1665,--:Mi.D2H.submit
394680831,394933815,252984,252620,364,:Cache.freeCacheData,2569165,2569200,1,2,1666,1656,:1656:1666,--:Cache.freeCacheData
394680935,394933163,252228,0,252228,:Cache.stream_sync,2569165,2569200,2,0,1667,1666,:1656:1666:1667,----:Cache.stream_sync
394710845,395070111,359266,307193,52073,:Task.execute,2569165,2569199,0,9,1668,,:1668,:Task.execute
394711455,394711696,241,0,241,:Cache.getCacheData,2569165,2569199,1,0,1669,1668,:1668:1669,--:Cache.getCacheData
394711775,394751251,39476,0,39476,:Frame.H2D.submit_with_staging,2569165,2569199,1,0,1670,1668,:1668:1670,--:Frame.H2D.submit_with_staging
394749123,394749578,455,0,455,:Cache.publish_release,2569165,2569201,2,0,1671,1642,:1632:1642:1671,----:Cache.publish_release
394751373,394755359,3986,0,3986,:Cel.kernels.submit,2569165,2569199,1,0,1672,1668,:1668:1672,--:Cel.kernels.submit
394755473,394758311,2838,0,2838,:Sdd.kernels.submit,2569165,2569199,1,0,1673,1668,:1668:1673,--:Sdd.kernels.submit
394758633,394761416,2783,0,2783,:Mi.kernels.submit,2569165,2569199,1,0,1674,1668,:1668:1674,--:Mi.kernels.submit
394761808,394764376,2568,0,2568,:Cel.D2H.submit,2569165,2569199,1,0,1675,1668,:1668:1675,--:Cel.D2H.submit
394764562,394766789,2227,0,2227,:Sdd.D2H.submit,2569165,2569199,1,0,1676,1668,:1668:1676,--:Sdd.D2H.submit
394766890,394768794,1904,0,1904,:Mi.D2H.submit,2569165,2569199,1,0,1677,1668,:1668:1677,--:Mi.D2H.submit
394768896,395020066,251170,250813,357,:Cache.freeCacheData,2569165,2569199,1,2,1678,1668,:1668:1678,--:Cache.freeCacheData
394768998,395019361,250363,0,250363,:Cache.stream_sync,2569165,2569199,2,0,1679,1678,:1668:1678:1679,----:Cache.stream_sync
394799745,395177256,377511,312583,64928,:Task.execute,2569165,2569201,0,9,1680,,:1680,:Task.execute
394800425,394800699,274,0,274,:Cache.getCacheData,2569165,2569201,1,0,1681,1680,:1680:1681,--:Cache.getCacheData
394800861,394842952,42091,0,42091,:Frame.H2D.submit_with_staging,2569165,2569201,1,0,1682,1680,:1680:1682,--:Frame.H2D.submit_with_staging
394833124,394834000,876,0,876,:Cache.publish_release,2569165,2569198,2,0,1683,1654,:1644:1654:1683,----:Cache.publish_release
394843318,394846907,3589,0,3589,:Cel.kernels.submit,2569165,2569201,1,0,1684,1680,:1680:1684,--:Cel.kernels.submit
394847041,394853211,6170,0,6170,:Sdd.kernels.submit,2569165,2569201,1,0,1685,1680,:1680:1685,--:Sdd.kernels.submit
394853339,394856193,2854,0,2854,:Mi.kernels.submit,2569165,2569201,1,0,1686,1680,:1680:1686,--:Mi.kernels.submit
394856544,394858986,2442,0,2442,:Cel.D2H.submit,2569165,2569201,1,0,1687,1680,:1680:1687,--:Cel.D2H.submit
394859212,394861741,2529,0,2529,:Sdd.D2H.submit,2569165,2569201,1,0,1688,1680,:1680:1688,--:Sdd.D2H.submit
394861987,394864092,2105,0,2105,:Mi.D2H.submit,2569165,2569201,1,0,1689,1680,:1680:1689,--:Mi.D2H.submit
394864195,395114724,250529,249644,885,:Cache.freeCacheData,2569165,2569201,1,2,1690,1680,:1680:1690,--:Cache.freeCacheData
394864834,395113969,249135,0,249135,:Cache.stream_sync,2569165,2569201,2,0,1691,1690,:1680:1690:1691,----:Cache.stream_sync
394884496,395274293,389797,327569,62228,:Task.execute,2569165,2569198,0,9,1692,,:1692,:Task.execute
394885546,394886030,484,0,484,:Cache.getCacheData,2569165,2569198,1,0,1693,1692,:1692:1693,--:Cache.getCacheData
394886309,394935283,48974,0,48974,:Frame.H2D.submit_with_staging,2569165,2569198,1,0,1694,1692,:1692:1694,--:Frame.H2D.submit_with_staging
394933273,394933665,392,0,392,:Cache.publish_release,2569165,2569200,2,0,1695,1666,:1656:1666:1695,----:Cache.publish_release
394935610,394940806,5196,0,5196,:Cel.kernels.submit,2569165,2569198,1,0,1696,1692,:1692:1696,--:Cel.kernels.submit
394941009,394943921,2912,0,2912,:Sdd.kernels.submit,2569165,2569198,1,0,1697,1692,:1692:1697,--:Sdd.kernels.submit
394944090,394946858,2768,0,2768,:Mi.kernels.submit,2569165,2569198,1,0,1698,1692,:1692:1698,--:Mi.kernels.submit
394946990,394950550,3560,0,3560,:Cel.D2H.submit,2569165,2569198,1,0,1699,1692,:1692:1699,--:Cel.D2H.submit
394950654,394953051,2397,0,2397,:Sdd.D2H.submit,2569165,2569198,1,0,1700,1692,:1692:1700,--:Sdd.D2H.submit
394953158,394955115,1957,0,1957,:Mi.D2H.submit,2569165,2569198,1,0,1701,1692,:1692:1701,--:Mi.D2H.submit
394955217,395214538,259321,258592,729,:Cache.freeCacheData,2569165,2569198,1,2,1702,1692,:1692:1702,--:Cache.freeCacheData
394955795,395214180,258385,0,258385,:Cache.stream_sync,2569165,2569198,2,0,1703,1702,:1692:1702:1703,----:Cache.stream_sync
394984495,395389800,405305,340297,65008,:Task.execute,2569165,2569200,0,9,1704,,:1704,:Task.execute
394985259,394985543,284,0,284,:Cache.getCacheData,2569165,2569200,1,0,1705,1704,:1704:1705,--:Cache.getCacheData
394985756,395024993,39237,0,39237,:Frame.H2D.submit_with_staging,2569165,2569200,1,0,1706,1704,:1704:1706,--:Frame.H2D.submit_with_staging
395019539,395019989,450,0,450,:Cache.publish_release,2569165,2569199,2,0,1707,1678,:1668:1678:1707,----:Cache.publish_release
395025392,395029030,3638,0,3638,:Cel.kernels.submit,2569165,2569200,1,0,1708,1704,:1704:1708,--:Cel.kernels.submit
395029378,395032813,3435,0,3435,:Sdd.kernels.submit,2569165,2569200,1,0,1709,1704,:1704:1709,--:Sdd.kernels.submit
395033029,395035727,2698,0,2698,:Mi.kernels.submit,2569165,2569200,1,0,1710,1704,:1704:1710,--:Mi.kernels.submit
395035835,395038851,3016,0,3016,:Cel.D2H.submit,2569165,2569200,1,0,1711,1704,:1704:1711,--:Cel.D2H.submit
395038972,395040998,2026,0,2026,:Sdd.D2H.submit,2569165,2569200,1,0,1712,1704,:1704:1712,--:Sdd.D2H.submit
395041102,395043089,1987,0,1987,:Mi.D2H.submit,2569165,2569200,1,0,1713,1704,:1704:1713,--:Mi.D2H.submit
395043190,395327166,283976,283354,622,:Cache.freeCacheData,2569165,2569200,1,2,1714,1704,:1704:1714,--:Cache.freeCacheData
395043655,395326758,283103,0,283103,:Cache.stream_sync,2569165,2569200,2,0,1715,1714,:1704:1714:1715,----:Cache.stream_sync
395070687,395475276,404589,346373,58216,:Task.execute,2569165,2569199,0,9,1716,,:1716,:Task.execute
395071668,395072037,369,0,369,:Cache.getCacheData,2569165,2569199,1,0,1717,1716,:1716:1717,--:Cache.getCacheData
395072184,395113415,41231,0,41231,:Frame.H2D.submit_with_staging,2569165,2569199,1,0,1718,1716,:1716:1718,--:Frame.H2D.submit_with_staging
395113617,395117233,3616,0,3616,:Cel.kernels.submit,2569165,2569199,1,0,1719,1716,:1716:1719,--:Cel.kernels.submit
395114137,395114646,509,0,509,:Cache.publish_release,2569165,2569201,2,0,1720,1690,:1680:1690:1720,----:Cache.publish_release
395117350,395120299,2949,0,2949,:Sdd.kernels.submit,2569165,2569199,1,0,1721,1716,:1716:1721,--:Sdd.kernels.submit
395120401,395123180,2779,0,2779,:Mi.kernels.submit,2569165,2569199,1,0,1722,1716,:1716:1722,--:Mi.kernels.submit
395123298,395126279,2981,0,2981,:Cel.D2H.submit,2569165,2569199,1,0,1723,1716,:1716:1723,--:Cel.D2H.submit
395126595,395128789,2194,0,2194,:Sdd.D2H.submit,2569165,2569199,1,0,1724,1716,:1716:1724,--:Sdd.D2H.submit
395128887,395131101,2214,0,2214,:Mi.D2H.submit,2569165,2569199,1,0,1725,1716,:1716:1725,--:Mi.D2H.submit
395131205,395419245,288040,287516,524,:Cache.freeCacheData,2569165,2569199,1,2,1726,1716,:1716:1726,--:Cache.freeCacheData
395131550,395418834,287284,0,287284,:Cache.stream_sync,2569165,2569199,2,0,1727,1726,:1716:1726:1727,----:Cache.stream_sync
395177572,395587687,410115,347553,62562,:Task.execute,2569165,2569201,0,9,1728,,:1728,:Task.execute
395178221,395178547,326,0,326,:Cache.getCacheData,2569165,2569201,1,0,1729,1728,:1728:1729,--:Cache.getCacheData
395178733,395224089,45356,0,45356,:Frame.H2D.submit_with_staging,2569165,2569201,1,0,1730,1728,:1728:1730,--:Frame.H2D.submit_with_staging
395214266,395214473,207,0,207,:Cache.publish_release,2569165,2569198,2,0,1731,1702,:1692:1702:1731,----:Cache.publish_release
395224198,395227937,3739,0,3739,:Cel.kernels.submit,2569165,2569201,1,0,1732,1728,:1728:1732,--:Cel.kernels.submit
395228054,395230983,2929,0,2929,:Sdd.kernels.submit,2569165,2569201,1,0,1733,1728,:1728:1733,--:Sdd.kernels.submit
395231163,395234334,3171,0,3171,:Mi.kernels.submit,2569165,2569201,1,0,1734,1728,:1728:1734,--:Mi.kernels.submit
395234519,395237252,2733,0,2733,:Cel.D2H.submit,2569165,2569201,1,0,1735,1728,:1728:1735,--:Cel.D2H.submit
395237634,395240359,2725,0,2725,:Sdd.D2H.submit,2569165,2569201,1,0,1736,1728,:1728:1736,--:Sdd.D2H.submit
395240646,395242738,2092,0,2092,:Mi.D2H.submit,2569165,2569201,1,0,1737,1728,:1728:1737,--:Mi.D2H.submit
395242838,395527320,284482,284117,365,:Cache.freeCacheData,2569165,2569201,1,2,1738,1728,:1728:1738,--:Cache.freeCacheData
395243015,395526913,283898,0,283898,:Cache.stream_sync,2569165,2569201,2,0,1739,1738,:1728:1738:1739,----:Cache.stream_sync
395274551,395683409,408858,348501,60357,:Task.execute,2569165,2569198,0,9,1740,,:1740,:Task.execute
395275308,395275724,416,0,416,:Cache.getCacheData,2569165,2569198,1,0,1741,1740,:1740:1741,--:Cache.getCacheData
395276232,395324199,47967,0,47967,:Frame.H2D.submit_with_staging,2569165,2569198,1,0,1742,1740,:1740:1742,--:Frame.H2D.submit_with_staging
395324521,395327975,3454,0,3454,:Cel.kernels.submit,2569165,2569198,1,0,1743,1740,:1740:1743,--:Cel.kernels.submit
395326844,395327095,251,0,251,:Cache.publish_release,2569165,2569200,2,0,1744,1714,:1704:1714:1744,----:Cache.publish_release
395328113,395330683,2570,0,2570,:Sdd.kernels.submit,2569165,2569198,1,0,1745,1740,:1740:1745,--:Sdd.kernels.submit
395331136,395333968,2832,0,2832,:Mi.kernels.submit,2569165,2569198,1,0,1746,1740,:1740:1746,--:Mi.kernels.submit
395334087,395336805,2718,0,2718,:Cel.D2H.submit,2569165,2569198,1,0,1747,1740,:1740:1747,--:Cel.D2H.submit
395336910,395339791,2881,0,2881,:Sdd.D2H.submit,2569165,2569198,1,0,1748,1740,:1740:1748,--:Sdd.D2H.submit
395339890,395341640,1750,0,1750,:Mi.D2H.submit,2569165,2569198,1,0,1749,1740,:1740:1749,--:Mi.D2H.submit
395341729,395625642,283913,283498,415,:Cache.freeCacheData,2569165,2569198,1,2,1750,1740,:1740:1750,--:Cache.freeCacheData
395341885,395625195,283310,0,283310,:Cache.stream_sync,2569165,2569198,2,0,1751,1750,:1740:1750:1751,----:Cache.stream_sync
395390309,395787793,397484,331935,65549,:Task.execute,2569165,2569200,0,9,1752,,:1752,:Task.execute
395391215,395391441,226,0,226,:Cache.getCacheData,2569165,2569200,1,0,1753,1752,:1752:1753,--:Cache.getCacheData
395391522,395427982,36460,0,36460,:Frame.H2D.submit_with_staging,2569165,2569200,1,0,1754,1752,:1752:1754,--:Frame.H2D.submit_with_staging
395418915,395419147,232,0,232,:Cache.publish_release,2569165,2569199,2,0,1755,1726,:1716:1726:1755,----:Cache.publish_release
395428081,395431526,3445,0,3445,:Cel.kernels.submit,2569165,2569200,1,0,1756,1752,:1752:1756,--:Cel.kernels.submit
395431640,395434321,2681,0,2681,:Sdd.kernels.submit,2569165,2569200,1,0,1757,1752,:1752:1757,--:Sdd.kernels.submit
395434572,395437559,2987,0,2987,:Mi.kernels.submit,2569165,2569200,1,0,1758,1752,:1752:1758,--:Mi.kernels.submit
395437671,395440126,2455,0,2455,:Cel.D2H.submit,2569165,2569200,1,0,1759,1752,:1752:1759,--:Cel.D2H.submit
395440248,395442870,2622,0,2622,:Sdd.D2H.submit,2569165,2569200,1,0,1760,1752,:1752:1760,--:Sdd.D2H.submit
395443057,395445499,2442,0,2442,:Mi.D2H.submit,2569165,2569200,1,0,1761,1752,:1752:1761,--:Mi.D2H.submit
395445618,395724235,278617,278335,282,:Cache.freeCacheData,2569165,2569200,1,2,1762,1752,:1752:1762,--:Cache.freeCacheData
395445719,395723792,278073,0,278073,:Cache.stream_sync,2569165,2569200,2,0,1763,1762,:1752:1762:1763,----:Cache.stream_sync
395475688,395875562,399874,341580,58294,:Task.execute,2569165,2569199,0,9,1764,,:1764,:Task.execute
395476511,395476829,318,0,318,:Cache.getCacheData,2569165,2569199,1,0,1765,1764,:1764:1765,--:Cache.getCacheData
395476909,395519740,42831,0,42831,:Frame.H2D.submit_with_staging,2569165,2569199,1,0,1766,1764,:1764:1766,--:Frame.H2D.submit_with_staging
395519857,395523658,3801,0,3801,:Cel.kernels.submit,2569165,2569199,1,0,1767,1764,:1764:1767,--:Cel.kernels.submit
395523797,395526583,2786,0,2786,:Sdd.kernels.submit,2569165,2569199,1,0,1768,1764,:1764:1768,--:Sdd.kernels.submit
395526719,395529853,3134,0,3134,:Mi.kernels.submit,2569165,2569199,1,0,1769,1764,:1764:1769,--:Mi.kernels.submit
395527037,395527256,219,0,219,:Cache.publish_release,2569165,2569201,2,0,1770,1738,:1728:1738:1770,----:Cache.publish_release
395530329,395533008,2679,0,2679,:Cel.D2H.submit,2569165,2569199,1,0,1771,1764,:1764:1771,--:Cel.D2H.submit
395533107,395535240,2133,0,2133,:Sdd.D2H.submit,2569165,2569199,1,0,1772,1764,:1764:1772,--:Sdd.D2H.submit
395535338,395537419,2081,0,2081,:Mi.D2H.submit,2569165,2569199,1,0,1773,1764,:1764:1773,--:Mi.D2H.submit
395537522,395819339,281817,281548,269,:Cache.freeCacheData,2569165,2569199,1,2,1774,1764,:1764:1774,--:Cache.freeCacheData
395537621,395818960,281339,0,281339,:Cache.stream_sync,2569165,2569199,2,0,1775,1774,:1764:1774:1775,----:Cache.stream_sync
395588030,395995577,407547,340220,67327,:Task.execute,2569165,2569201,0,9,1776,,:1776,:Task.execute
395588852,395589048,196,0,196,:Cache.getCacheData,2569165,2569201,1,0,1777,1776,:1776:1777,--:Cache.getCacheData
395589127,395631213,42086,0,42086,:Frame.H2D.submit_with_staging,2569165,2569201,1,0,1778,1776,:1776:1778,--:Frame.H2D.submit_with_staging
395625279,395625467,188,0,188,:Cache.publish_release,2569165,2569198,2,0,1779,1750,:1740:1750:1779,----:Cache.publish_release
395631427,395634732,3305,0,3305,:Cel.kernels.submit,2569165,2569201,1,0,1780,1776,:1776:1780,--:Cel.kernels.submit
395636686,395639559,2873,0,2873,:Sdd.kernels.submit,2569165,2569201,1,0,1781,1776,:1776:1781,--:Sdd.kernels.submit
395640001,395643404,3403,0,3403,:Mi.kernels.submit,2569165,2569201,1,0,1782,1776,:1776:1782,--:Mi.kernels.submit
395643699,395646676,2977,0,2977,:Cel.D2H.submit,2569165,2569201,1,0,1783,1776,:1776:1783,--:Cel.D2H.submit
395646777,395649427,2650,0,2650,:Sdd.D2H.submit,2569165,2569201,1,0,1784,1776,:1776:1784,--:Sdd.D2H.submit
395649544,395651520,1976,0,1976,:Mi.D2H.submit,2569165,2569201,1,0,1785,1776,:1776:1785,--:Mi.D2H.submit
395651624,395932378,280754,280417,337,:Cache.freeCacheData,2569165,2569201,1,2,1786,1776,:1776:1786,--:Cache.freeCacheData
395651725,395931617,279892,0,279892,:Cache.stream_sync,2569165,2569201,2,0,1787,1786,:1776:1786:1787,----:Cache.stream_sync
395684157,396086871,402714,336972,65742,:Task.execute,2569165,2569198,0,9,1788,,:1788,:Task.execute
395684832,395685090,258,0,258,:Cache.getCacheData,2569165,2569198,1,0,1789,1788,:1788:1789,--:Cache.getCacheData
395685185,395731589,46404,0,46404,:Frame.H2D.submit_with_staging,2569165,2569198,1,0,1790,1788,:1788:1790,--:Frame.H2D.submit_with_staging
395723902,395724164,262,0,262,:Cache.publish_release,2569165,2569200,2,0,1791,1762,:1752:1762:1791,----:Cache.publish_release
395731716,395735504,3788,0,3788,:Cel.kernels.submit,2569165,2569198,1,0,1792,1788,:1788:1792,--:Cel.kernels.submit
395743589,395746710,3121,0,3121,:Sdd.kernels.submit,2569165,2569198,1,0,1793,1788,:1788:1793,--:Sdd.kernels.submit
395746980,395750016,3036,0,3036,:Mi.kernels.submit,2569165,2569198,1,0,1794,1788,:1788:1794,--:Mi.kernels.submit
395750252,395753601,3349,0,3349,:Cel.D2H.submit,2569165,2569198,1,0,1795,1788,:1788:1795,--:Cel.D2H.submit
395753720,395756580,2860,0,2860,:Sdd.D2H.submit,2569165,2569198,1,0,1796,1788,:1788:1796,--:Sdd.D2H.submit
395756742,395758778,2036,0,2036,:Mi.D2H.submit,2569165,2569198,1,0,1797,1788,:1788:1797,--:Mi.D2H.submit
395758885,396031005,272120,271682,438,:Cache.freeCacheData,2569165,2569198,1,2,1798,1788,:1788:1798,--:Cache.freeCacheData
395759039,396030386,271347,0,271347,:Cache.stream_sync,2569165,2569198,2,0,1799,1798,:1788:1798:1799,----:Cache.stream_sync
395788317,396181230,392913,332875,60038,:Task.execute,2569165,2569200,0,9,1800,,:1800,:Task.execute
395789326,395789562,236,0,236,:Cache.getCacheData,2569165,2569200,1,0,1801,1800,:1800:1801,--:Cache.getCacheData
395789641,395834812,45171,0,45171,:Frame.H2D.submit_with_staging,2569165,2569200,1,0,1802,1800,:1800:1802,--:Frame.H2D.submit_with_staging
395819041,395819250,209,0,209,:Cache.publish_release,2569165,2569199,2,0,1803,1774,:1764:1774:1803,----:Cache.publish_release
395834941,395838391,3450,0,3450,:Cel.kernels.submit,2569165,2569200,1,0,1804,1800,:1800:1804,--:Cel.kernels.submit
395838556,395844258,5702,0,5702,:Sdd.kernels.submit,2569165,2569200,1,0,1805,1800,:1800:1805,--:Sdd.kernels.submit
395844373,395847697,3324,0,3324,:Mi.kernels.submit,2569165,2569200,1,0,1806,1800,:1800:1806,--:Mi.kernels.submit
395847928,395850692,2764,0,2764,:Cel.D2H.submit,2569165,2569200,1,0,1807,1800,:1800:1807,--:Cel.D2H.submit
395850888,395853055,2167,0,2167,:Sdd.D2H.submit,2569165,2569200,1,0,1808,1800,:1800:1808,--:Sdd.D2H.submit
395853184,395855103,1919,0,1919,:Mi.D2H.submit,2569165,2569200,1,0,1809,1800,:1800:1809,--:Mi.D2H.submit
395855211,396123353,268142,267879,263,:Cache.freeCacheData,2569165,2569200,1,2,1810,1800,:1800:1810,--:Cache.freeCacheData
395855316,396122960,267644,0,267644,:Cache.stream_sync,2569165,2569200,2,0,1811,1810,:1800:1810:1811,----:Cache.stream_sync
395875992,396266747,390755,332398,58357,:Task.execute,2569165,2569199,0,9,1812,,:1812,:Task.execute
395876833,395877133,300,0,300,:Cache.getCacheData,2569165,2569199,1,0,1813,1812,:1812:1813,--:Cache.getCacheData
395877282,395928000,50718,0,50718,:Frame.H2D.submit_with_staging,2569165,2569199,1,0,1814,1812,:1812:1814,--:Frame.H2D.submit_with_staging
395928186,395932034,3848,0,3848,:Cel.kernels.submit,2569165,2569199,1,0,1815,1812,:1812:1815,--:Cel.kernels.submit
395931776,395932301,525,0,525,:Cache.publish_release,2569165,2569201,2,0,1816,1786,:1776:1786:1816,----:Cache.publish_release
395935075,395938174,3099,0,3099,:Sdd.kernels.submit,2569165,2569199,1,0,1817,1812,:1812:1817,--:Sdd.kernels.submit
395938436,395941853,3417,0,3417,:Mi.kernels.submit,2569165,2569199,1,0,1818,1812,:1812:1818,--:Mi.kernels.submit
395942087,395944822,2735,0,2735,:Cel.D2H.submit,2569165,2569199,1,0,1819,1812,:1812:1819,--:Cel.D2H.submit
395944926,395946753,1827,0,1827,:Sdd.D2H.submit,2569165,2569199,1,0,1820,1812,:1812:1820,--:Sdd.D2H.submit
395946850,395948765,1915,0,1915,:Mi.D2H.submit,2569165,2569199,1,0,1821,1812,:1812:1821,--:Mi.D2H.submit
395948856,396213395,264539,264045,494,:Cache.freeCacheData,2569165,2569199,1,2,1822,1812,:1812:1822,--:Cache.freeCacheData
395948967,396212704,263737,0,263737,:Cache.stream_sync,2569165,2569199,2,0,1823,1822,:1812:1822:1823,----:Cache.stream_sync
395995870,396372042,376172,317755,58417,:Task.execute,2569165,2569201,0,9,1824,,:1824,:Task.execute
395996523,395996805,282,0,282,:Cache.getCacheData,2569165,2569201,1,0,1825,1824,:1824:1825,--:Cache.getCacheData
395997358,396042032,44674,0,44674,:Frame.H2D.submit_with_staging,2569165,2569201,1,0,1826,1824,:1824:1826,--:Frame.H2D.submit_with_staging
396030496,396030831,335,0,335,:Cache.publish_release,2569165,2569198,2,0,1827,1798,:1788:1798:1827,----:Cache.publish_release
396042406,396045971,3565,0,3565,:Cel.kernels.submit,2569165,2569201,1,0,1828,1824,:1824:1828,--:Cel.kernels.submit
396046088,396049223,3135,0,3135,:Sdd.kernels.submit,2569165,2569201,1,0,1829,1824,:1824:1829,--:Sdd.kernels.submit
396049386,396052273,2887,0,2887,:Mi.kernels.submit,2569165,2569201,1,0,1830,1824,:1824:1830,--:Mi.kernels.submit
396052496,396055369,2873,0,2873,:Cel.D2H.submit,2569165,2569201,1,0,1831,1824,:1824:1831,--:Cel.D2H.submit
396055490,396057426,1936,0,1936,:Sdd.D2H.submit,2569165,2569201,1,0,1832,1824,:1824:1832,--:Sdd.D2H.submit
396057531,396059587,2056,0,2056,:Mi.D2H.submit,2569165,2569201,1,0,1833,1824,:1824:1833,--:Mi.D2H.submit
396059689,396316036,256347,255669,678,:Cache.freeCacheData,2569165,2569201,1,2,1834,1824,:1824:1834,--:Cache.freeCacheData
396060074,396315494,255420,0,255420,:Cache.stream_sync,2569165,2569201,2,0,1835,1834,:1824:1834:1835,----:Cache.stream_sync
396087234,396464541,377307,316215,61092,:Task.execute,2569165,2569198,0,9,1836,,:1836,:Task.execute
396087965,396088308,343,0,343,:Cache.getCacheData,2569165,2569198,1,0,1837,1836,:1836:1837,--:Cache.getCacheData
396088525,396133232,44707,0,44707,:Frame.H2D.submit_with_staging,2569165,2569198,1,0,1838,1836,:1836:1838,--:Frame.H2D.submit_with_staging
396123051,396123286,235,0,235,:Cache.publish_release,2569165,2569200,2,0,1839,1810,:1800:1810:1839,----:Cache.publish_release
396133419,396137167,3748,0,3748,:Cel.kernels.submit,2569165,2569198,1,0,1840,1836,:1836:1840,--:Cel.kernels.submit
396137275,396140450,3175,0,3175,:Sdd.kernels.submit,2569165,2569198,1,0,1841,1836,:1836:1841,--:Sdd.kernels.submit
396140633,396143588,2955,0,2955,:Mi.kernels.submit,2569165,2569198,1,0,1842,1836,:1836:1842,--:Mi.kernels.submit
396143734,396146233,2499,0,2499,:Cel.D2H.submit,2569165,2569198,1,0,1843,1836,:1836:1843,--:Cel.D2H.submit
396146336,396148772,2436,0,2436,:Sdd.D2H.submit,2569165,2569198,1,0,1844,1836,:1836:1844,--:Sdd.D2H.submit
396148939,396150895,1956,0,1956,:Mi.D2H.submit,2569165,2569198,1,0,1845,1836,:1836:1845,--:Mi.D2H.submit
396150984,396405380,254396,253707,689,:Cache.freeCacheData,2569165,2569198,1,2,1846,1836,:1836:1846,--:Cache.freeCacheData
396151525,396404986,253461,0,253461,:Cache.stream_sync,2569165,2569198,2,0,1847,1846,:1836:1846:1847,----:Cache.stream_sync
396181531,396561050,379519,322192,57327,:Task.execute,2569165,2569200,0,9,1848,,:1848,:Task.execute
396182200,396182490,290,0,290,:Cache.getCacheData,2569165,2569200,1,0,1849,1848,:1848:1849,--:Cache.getCacheData
396182686,396223097,40411,0,40411,:Frame.H2D.submit_with_staging,2569165,2569200,1,0,1850,1848,:1848:1850,--:Frame.H2D.submit_with_staging
396212929,396213237,308,0,308,:Cache.publish_release,2569165,2569199,2,0,1851,1822,:1812:1822:1851,----:Cache.publish_release
396223206,396227011,3805,0,3805,:Cel.kernels.submit,2569165,2569200,1,0,1852,1848,:1848:1852,--:Cel.kernels.submit
396227302,396231082,3780,0,3780,:Sdd.kernels.submit,2569165,2569200,1,0,1853,1848,:1848:1853,--:Sdd.kernels.submit
396231311,396238005,6694,0,6694,:Mi.kernels.submit,2569165,2569200,1,0,1854,1848,:1848:1854,--:Mi.kernels.submit
396238259,396241208,2949,0,2949,:Cel.D2H.submit,2569165,2569200,1,0,1855,1848,:1848:1855,--:Cel.D2H.submit
396241312,396243419,2107,0,2107,:Sdd.D2H.submit,2569165,2569200,1,0,1856,1848,:1848:1856,--:Sdd.D2H.submit
396243522,396245493,1971,0,1971,:Mi.D2H.submit,2569165,2569200,1,0,1857,1848,:1848:1857,--:Mi.D2H.submit
396245627,396505812,260185,259809,376,:Cache.freeCacheData,2569165,2569200,1,2,1858,1848,:1848:1858,--:Cache.freeCacheData
396245832,396505357,259525,0,259525,:Cache.stream_sync,2569165,2569200,2,0,1859,1858,:1848:1858:1859,----:Cache.stream_sync
396267012,396648070,381058,326764,54294,:Task.execute,2569165,2569199,0,9,1860,,:1860,:Task.execute
396267694,396268066,372,0,372,:Cache.getCacheData,2569165,2569199,1,0,1861,1860,:1860:1861,--:Cache.getCacheData
396268280,396307858,39578,0,39578,:Frame.H2D.submit_with_staging,2569165,2569199,1,0,1862,1860,:1860:1862,--:Frame.H2D.submit_with_staging
396308009,396311654,3645,0,3645,:Cel.kernels.submit,2569165,2569199,1,0,1863,1860,:1860:1863,--:Cel.kernels.submit
396311801,396314926,3125,0,3125,:Sdd.kernels.submit,2569165,2569199,1,0,1864,1860,:1860:1864,--:Sdd.kernels.submit
396315097,396320592,5495,0,5495,:Mi.kernels.submit,2569165,2569199,1,0,1865,1860,:1860:1865,--:Mi.kernels.submit
396315579,396315828,249,0,249,:Cache.publish_release,2569165,2569201,2,0,1866,1834,:1824:1834:1866,----:Cache.publish_release
396320886,396323464,2578,0,2578,:Cel.D2H.submit,2569165,2569199,1,0,1867,1860,:1860:1867,--:Cel.D2H.submit
396323754,396325906,2152,0,2152,:Sdd.D2H.submit,2569165,2569199,1,0,1868,1860,:1860:1868,--:Sdd.D2H.submit
396326005,396328347,2342,0,2342,:Mi.D2H.submit,2569165,2569199,1,0,1869,1860,:1860:1869,--:Mi.D2H.submit
396328452,396595929,267477,266897,580,:Cache.freeCacheData,2569165,2569199,1,2,1870,1860,:1860:1870,--:Cache.freeCacheData
396328877,396595528,266651,0,266651,:Cache.stream_sync,2569165,2569199,2,0,1871,1870,:1860:1870:1871,----:Cache.stream_sync
396372436,396756209,383773,322428,61345,:Task.execute,2569165,2569201,0,9,1872,,:1872,:Task.execute
396373166,396373492,326,0,326,:Cache.getCacheData,2569165,2569201,1,0,1873,1872,:1872:1873,--:Cache.getCacheData
396373575,396416527,42952,0,42952,:Frame.H2D.submit_with_staging,2569165,2569201,1,0,1874,1872,:1872:1874,--:Frame.H2D.submit_with_staging
396405067,396405313,246,0,246,:Cache.publish_release,2569165,2569198,2,0,1875,1846,:1836:1846:1875,----:Cache.publish_release
396416634,396424340,7706,0,7706,:Cel.kernels.submit,2569165,2569201,1,0,1876,1872,:1872:1876,--:Cel.kernels.submit
396424476,396427477,3001,0,3001,:Sdd.kernels.submit,2569165,2569201,1,0,1877,1872,:1872:1877,--:Sdd.kernels.submit
396427700,396430758,3058,0,3058,:Mi.kernels.submit,2569165,2569201,1,0,1878,1872,:1872:1878,--:Mi.kernels.submit
396431122,396433688,2566,0,2566,:Cel.D2H.submit,2569165,2569201,1,0,1879,1872,:1872:1879,--:Cel.D2H.submit
396433925,396436155,2230,0,2230,:Sdd.D2H.submit,2569165,2569201,1,0,1880,1872,:1872:1880,--:Sdd.D2H.submit
396436249,396438581,2332,0,2332,:Mi.D2H.submit,2569165,2569201,1,0,1881,1872,:1872:1881,--:Mi.D2H.submit
396438685,396696942,258257,257908,349,:Cache.freeCacheData,2569165,2569201,1,2,1882,1872,:1872:1882,--:Cache.freeCacheData
396438834,396696558,257724,0,257724,:Cache.stream_sync,2569165,2569201,2,0,1883,1882,:1872:1882:1883,----:Cache.stream_sync
396465084,396848400,383316,323868,59448,:Task.execute,2569165,2569198,0,9,1884,,:1884,:Task.execute
396466110,396466459,349,0,349,:Cache.getCacheData,2569165,2569198,1,0,1885,1884,:1884:1885,--:Cache.getCacheData
396466542,396514262,47720,0,47720,:Frame.H2D.submit_with_staging,2569165,2569198,1,0,1886,1884,:1884:1886,--:Frame.H2D.submit_with_staging
396505451,396505735,284,0,284,:Cache.publish_release,2569165,2569200,2,0,1887,1858,:1848:1858:1887,----:Cache.publish_release
396514367,396517742,3375,0,3375,:Cel.kernels.submit,2569165,2569198,1,0,1888,1884,:1884:1888,--:Cel.kernels.submit
396517853,396520394,2541,0,2541,:Sdd.kernels.submit,2569165,2569198,1,0,1889,1884,:1884:1889,--:Sdd.kernels.submit
396520506,396523853,3347,0,3347,:Mi.kernels.submit,2569165,2569198,1,0,1890,1884,:1884:1890,--:Mi.kernels.submit
396523962,396526501,2539,0,2539,:Cel.D2H.submit,2569165,2569198,1,0,1891,1884,:1884:1891,--:Cel.D2H.submit
396526615,396529100,2485,0,2485,:Sdd.D2H.submit,2569165,2569198,1,0,1892,1884,:1884:1892,--:Sdd.D2H.submit
396529203,396531229,2026,0,2026,:Mi.D2H.submit,2569165,2569198,1,0,1893,1884,:1884:1893,--:Mi.D2H.submit
396531320,396790806,259486,259051,435,:Cache.freeCacheData,2569165,2569198,1,2,1894,1884,:1884:1894,--:Cache.freeCacheData
396531608,396790457,258849,0,258849,:Cache.stream_sync,2569165,2569198,2,0,1895,1894,:1884:1894:1895,----:Cache.stream_sync
396561552,396947593,386041,320835,65206,:Task.execute,2569165,2569200,0,9,1896,,:1896,:Task.execute
396562293,396562940,647,0,647,:Cache.getCacheData,2569165,2569200,1,0,1897,1896,:1896:1897,--:Cache.getCacheData
396563100,396603533,40433,0,40433,:Frame.H2D.submit_with_staging,2569165,2569200,1,0,1898,1896,:1896:1898,--:Frame.H2D.submit_with_staging
396595610,396595856,246,0,246,:Cache.publish_release,2569165,2569199,2,0,1899,1870,:1860:1870:1899,----:Cache.publish_release
396603728,396607241,3513,0,3513,:Cel.kernels.submit,2569165,2569200,1,0,1900,1896,:1896:1900,--:Cel.kernels.submit
396607347,396610195,2848,0,2848,:Sdd.kernels.submit,2569165,2569200,1,0,1901,1896,:1896:1901,--:Sdd.kernels.submit
396610298,396613295,2997,0,2997,:Mi.kernels.submit,2569165,2569200,1,0,1902,1896,:1896:1902,--:Mi.kernels.submit
396613403,396616220,2817,0,2817,:Cel.D2H.submit,2569165,2569200,1,0,1903,1896,:1896:1903,--:Cel.D2H.submit
396616704,396619013,2309,0,2309,:Sdd.D2H.submit,2569165,2569200,1,0,1904,1896,:1896:1904,--:Sdd.D2H.submit
396619104,396621223,2119,0,2119,:Mi.D2H.submit,2569165,2569200,1,0,1905,1896,:1896:1905,--:Mi.D2H.submit
396621327,396884479,263152,262496,656,:Cache.freeCacheData,2569165,2569200,1,2,1906,1896,:1896:1906,--:Cache.freeCacheData
396621826,396884108,262282,0,262282,:Cache.stream_sync,2569165,2569200,2,0,1907,1906,:1896:1906:1907,----:Cache.stream_sync
396648448,397034636,386188,328026,58162,:Task.execute,2569165,2569199,0,9,1908,,:1908,:Task.execute
396649034,396649444,410,0,410,:Cache.getCacheData,2569165,2569199,1,0,1909,1908,:1908:1909,--:Cache.getCacheData
396649526,396689488,39962,0,39962,:Frame.H2D.submit_with_staging,2569165,2569199,1,0,1910,1908,:1908:1910,--:Frame.H2D.submit_with_staging
396689697,396693308,3611,0,3611,:Cel.kernels.submit,2569165,2569199,1,0,1911,1908,:1908:1911,--:Cel.kernels.submit
396693417,396696516,3099,0,3099,:Sdd.kernels.submit,2569165,2569199,1,0,1912,1908,:1908:1912,--:Sdd.kernels.submit
396696639,396699941,3302,0,3302,:Mi.kernels.submit,2569165,2569199,1,0,1913,1908,:1908:1913,--:Mi.kernels.submit
396696692,396696876,184,0,184,:Cache.publish_release,2569165,2569201,2,0,1914,1882,:1872:1882:1914,----:Cache.publish_release
396700047,396702926,2879,0,2879,:Cel.D2H.submit,2569165,2569199,1,0,1915,1908,:1908:1915,--:Cel.D2H.submit
396703247,396705293,2046,0,2046,:Sdd.D2H.submit,2569165,2569199,1,0,1916,1908,:1908:1916,--:Sdd.D2H.submit
396705527,396707842,2315,0,2315,:Mi.D2H.submit,2569165,2569199,1,0,1917,1908,:1908:1917,--:Mi.D2H.submit
396707982,396978384,270402,270021,381,:Cache.freeCacheData,2569165,2569199,1,2,1918,1908,:1908:1918,--:Cache.freeCacheData
396708210,396977998,269788,0,269788,:Cache.stream_sync,2569165,2569199,2,0,1919,1918,:1908:1918:1919,----:Cache.stream_sync
396756529,397137310,380781,321644,59137,:Task.execute,2569165,2569201,0,9,1920,,:1920,:Task.execute
396757522,396757753,231,0,231,:Cache.getCacheData,2569165,2569201,1,0,1921,1920,:1920:1921,--:Cache.getCacheData
396757834,396799209,41375,0,41375,:Frame.H2D.submit_with_staging,2569165,2569201,1,0,1922,1920,:1920:1922,--:Frame.H2D.submit_with_staging
396790537,396790739,202,0,202,:Cache.publish_release,2569165,2569198,2,0,1923,1894,:1884:1894:1923,----:Cache.publish_release
396799320,396802578,3258,0,3258,:Cel.kernels.submit,2569165,2569201,1,0,1924,1920,:1920:1924,--:Cel.kernels.submit
396802711,396805351,2640,0,2640,:Sdd.kernels.submit,2569165,2569201,1,0,1925,1920,:1920:1925,--:Sdd.kernels.submit
396805495,396808392,2897,0,2897,:Mi.kernels.submit,2569165,2569201,1,0,1926,1920,:1920:1926,--:Mi.kernels.submit
396808624,396811078,2454,0,2454,:Cel.D2H.submit,2569165,2569201,1,0,1927,1920,:1920:1927,--:Cel.D2H.submit
396811309,396813307,1998,0,1998,:Sdd.D2H.submit,2569165,2569201,1,0,1928,1920,:1920:1928,--:Sdd.D2H.submit
396813402,396815298,1896,0,1896,:Mi.D2H.submit,2569165,2569201,1,0,1929,1920,:1920:1929,--:Mi.D2H.submit
396815402,397080297,264895,264628,267,:Cache.freeCacheData,2569165,2569201,1,2,1930,1920,:1920:1930,--:Cache.freeCacheData
396815502,397079747,264245,0,264245,:Cache.stream_sync,2569165,2569201,2,0,1931,1930,:1920:1930:1931,----:Cache.stream_sync
396848812,397231008,382196,321542,60654,:Task.execute,2569165,2569198,0,9,1932,,:1932,:Task.execute
396849535,396849834,299,0,299,:Cache.getCacheData,2569165,2569198,1,0,1933,1932,:1932:1933,--:Cache.getCacheData
396849919,396894064,44145,0,44145,:Frame.H2D.submit_with_staging,2569165,2569198,1,0,1934,1932,:1932:1934,--:Frame.H2D.submit_with_staging
396884191,396884405,214,0,214,:Cache.publish_release,2569165,2569200,2,0,1935,1906,:1896:1906:1935,----:Cache.publish_release
396894173,396898273,4100,0,4100,:Cel.kernels.submit,2569165,2569198,1,0,1936,1932,:1932:1936,--:Cel.kernels.submit
396898404,396900894,2490,0,2490,:Sdd.kernels.submit,2569165,2569198,1,0,1937,1932,:1932:1937,--:Sdd.kernels.submit
396901027,396904100,3073,0,3073,:Mi.kernels.submit,2569165,2569198,1,0,1938,1932,:1932:1938,--:Mi.kernels.submit
396904209,396906799,2590,0,2590,:Cel.D2H.submit,2569165,2569198,1,0,1939,1932,:1932:1939,--:Cel.D2H.submit
396906914,396909125,2211,0,2211,:Sdd.D2H.submit,2569165,2569198,1,0,1940,1932,:1932:1940,--:Sdd.D2H.submit
396909227,396914980,5753,0,5753,:Mi.D2H.submit,2569165,2569198,1,0,1941,1932,:1932:1941,--:Mi.D2H.submit
396915172,397172053,256881,256536,345,:Cache.freeCacheData,2569165,2569198,1,2,1942,1932,:1932:1942,--:Cache.freeCacheData
396915327,397171480,256153,0,256153,:Cache.stream_sync,2569165,2569198,2,0,1943,1942,:1932:1942:1943,----:Cache.stream_sync
396947819,397340880,393061,335444,57617,:Task.execute,2569165,2569200,0,9,1944,,:1944,:Task.execute
396948710,396948970,260,0,260,:Cache.getCacheData,2569165,2569200,1,0,1945,1944,:1944:1945,--:Cache.getCacheData
396949083,396997881,48798,0,48798,:Frame.H2D.submit_with_staging,2569165,2569200,1,0,1946,1944,:1944:1946,--:Frame.H2D.submit_with_staging
396978084,396978317,233,0,233,:Cache.publish_release,2569165,2569199,2,0,1947,1918,:1908:1918:1947,----:Cache.publish_release
396998014,397001535,3521,0,3521,:Cel.kernels.submit,2569165,2569200,1,0,1948,1944,:1944:1948,--:Cel.kernels.submit
397001639,397004308,2669,0,2669,:Sdd.kernels.submit,2569165,2569200,1,0,1949,1944,:1944:1949,--:Sdd.kernels.submit
397004412,397007017,2605,0,2605,:Mi.kernels.submit,2569165,2569200,1,0,1950,1944,:1944:1950,--:Mi.kernels.submit
397007227,397010102,2875,0,2875,:Cel.D2H.submit,2569165,2569200,1,0,1951,1944,:1944:1951,--:Cel.D2H.submit
397010310,397012482,2172,0,2172,:Sdd.D2H.submit,2569165,2569200,1,0,1952,1944,:1944:1952,--:Sdd.D2H.submit
397012602,397014635,2033,0,2033,:Mi.D2H.submit,2569165,2569200,1,0,1953,1944,:1944:1953,--:Mi.D2H.submit
397014739,397285250,270511,269898,613,:Cache.freeCacheData,2569165,2569200,1,2,1954,1944,:1944:1954,--:Cache.freeCacheData
397014840,397284174,269334,0,269334,:Cache.stream_sync,2569165,2569200,2,0,1955,1954,:1944:1954:1955,----:Cache.stream_sync
397035036,397430965,395929,336092,59837,:Task.execute,2569165,2569199,0,9,1956,,:1956,:Task.execute
397035943,397036183,240,0,240,:Cache.getCacheData,2569165,2569199,1,0,1957,1956,:1956:1957,--:Cache.getCacheData
397036262,397083110,46848,0,46848,:Frame.H2D.submit_with_staging,2569165,2569199,1,0,1958,1956,:1956:1958,--:Frame.H2D.submit_with_staging
397079843,397080226,383,0,383,:Cache.publish_release,2569165,2569201,2,0,1959,1930,:1920:1930:1959,----:Cache.publish_release
397083216,397086760,3544,0,3544,:Cel.kernels.submit,2569165,2569199,1,0,1960,1956,:1956:1960,--:Cel.kernels.submit
397086899,397089959,3060,0,3060,:Sdd.kernels.submit,2569165,2569199,1,0,1961,1956,:1956:1961,--:Sdd.kernels.submit
397090065,397092980,2915,0,2915,:Mi.kernels.submit,2569165,2569199,1,0,1962,1956,:1956:1962,--:Mi.kernels.submit
397093409,397096311,2902,0,2902,:Cel.D2H.submit,2569165,2569199,1,0,1963,1956,:1956:1963,--:Cel.D2H.submit
397096639,397098669,2030,0,2030,:Sdd.D2H.submit,2569165,2569199,1,0,1964,1956,:1956:1964,--:Sdd.D2H.submit
397098762,397100696,1934,0,1934,:Mi.D2H.submit,2569165,2569199,1,0,1965,1956,:1956:1965,--:Mi.D2H.submit
397100805,397373424,272619,272274,345,:Cache.freeCacheData,2569165,2569199,1,2,1966,1956,:1956:1966,--:Cache.freeCacheData
397100901,397372974,272073,0,272073,:Cache.stream_sync,2569165,2569199,2,0,1967,1966,:1956:1966:1967,----:Cache.stream_sync
397137665,397529021,391356,335893,55463,:Task.execute,2569165,2569201,0,9,1968,,:1968,:Task.execute
397138264,397138492,228,0,228,:Cache.getCacheData,2569165,2569201,1,0,1969,1968,:1968:1969,--:Cache.getCacheData
397138572,397181988,43416,0,43416,:Frame.H2D.submit_with_staging,2569165,2569201,1,0,1970,1968,:1968:1970,--:Frame.H2D.submit_with_staging
397171605,397171988,383,0,383,:Cache.publish_release,2569165,2569198,2,0,1971,1942,:1932:1942:1971,----:Cache.publish_release
397182138,397186116,3978,0,3978,:Cel.kernels.submit,2569165,2569201,1,0,1972,1968,:1968:1972,--:Cel.kernels.submit
397186239,397190395,4156,0,4156,:Sdd.kernels.submit,2569165,2569201,1,0,1973,1968,:1968:1973,--:Sdd.kernels.submit
397190873,397194437,3564,0,3564,:Mi.kernels.submit,2569165,2569201,1,0,1974,1968,:1968:1974,--:Mi.kernels.submit
397194628,397197103,2475,0,2475,:Cel.D2H.submit,2569165,2569201,1,0,1975,1968,:1968:1975,--:Cel.D2H.submit
397197290,397199463,2173,0,2173,:Sdd.D2H.submit,2569165,2569201,1,0,1976,1968,:1968:1976,--:Sdd.D2H.submit
397199911,397202228,2317,0,2317,:Mi.D2H.submit,2569165,2569201,1,0,1977,1968,:1968:1977,--:Mi.D2H.submit
397202899,397476485,273586,272941,645,:Cache.freeCacheData,2569165,2569201,1,2,1978,1968,:1968:1978,--:Cache.freeCacheData
397203277,397475777,272500,0,272500,:Cache.stream_sync,2569165,2569201,2,0,1979,1978,:1968:1978:1979,----:Cache.stream_sync
397231258,397624805,393547,337716,55831,:Task.execute,2569165,2569198,0,9,1980,,:1980,:Task.execute
397232023,397232283,260,0,260,:Cache.getCacheData,2569165,2569198,1,0,1981,1980,:1980:1981,--:Cache.getCacheData
397232474,397271846,39372,0,39372,:Frame.H2D.submit_with_staging,2569165,2569198,1,0,1982,1980,:1980:1982,--:Frame.H2D.submit_with_staging
397272066,397276472,4406,0,4406,:Cel.kernels.submit,2569165,2569198,1,0,1983,1980,:1980:1983,--:Cel.kernels.submit
397276582,397279182,2600,0,2600,:Sdd.kernels.submit,2569165,2569198,1,0,1984,1980,:1980:1984,--:Sdd.kernels.submit
397279303,397281927,2624,0,2624,:Mi.kernels.submit,2569165,2569198,1,0,1985,1980,:1980:1985,--:Mi.kernels.submit
397282031,397284680,2649,0,2649,:Cel.D2H.submit,2569165,2569198,1,0,1986,1980,:1980:1986,--:Cel.D2H.submit
397284283,397284847,564,0,564,:Cache.publish_release,2569165,2569200,2,0,1987,1954,:1944:1954:1987,----:Cache.publish_release
397284882,397287241,2359,0,2359,:Sdd.D2H.submit,2569165,2569198,1,0,1988,1980,:1980:1988,--:Sdd.D2H.submit
397287338,397289208,1870,0,1870,:Mi.D2H.submit,2569165,2569198,1,0,1989,1980,:1980:1989,--:Mi.D2H.submit
397289598,397571174,281576,280838,738,:Cache.freeCacheData,2569165,2569198,1,2,1990,1980,:1980:1990,--:Cache.freeCacheData
397290064,397570430,280366,0,280366,:Cache.stream_sync,2569165,2569198,2,0,1991,1990,:1980:1990:1991,----:Cache.stream_sync
397341198,397724781,383583,325680,57903,:Task.execute,2569165,2569200,0,9,1992,,:1992,:Task.execute
397341839,397342165,326,0,326,:Cache.getCacheData,2569165,2569200,1,0,1993,1992,:1992:1993,--:Cache.getCacheData
397342336,397380328,37992,0,37992,:Frame.H2D.submit_with_staging,2569165,2569200,1,0,1994,1992,:1992:1994,--:Frame.H2D.submit_with_staging
397373081,397373282,201,0,201,:Cache.publish_release,2569165,2569199,2,0,1995,1966,:1956:1966:1995,----:Cache.publish_release
397380436,397384423,3987,0,3987,:Cel.kernels.submit,2569165,2569200,1,0,1996,1992,:1992:1996,--:Cel.kernels.submit
397384534,397387281,2747,0,2747,:Sdd.kernels.submit,2569165,2569200,1,0,1997,1992,:1992:1997,--:Sdd.kernels.submit
397387386,397390184,2798,0,2798,:Mi.kernels.submit,2569165,2569200,1,0,1998,1992,:1992:1998,--:Mi.kernels.submit
397390289,397392798,2509,0,2509,:Cel.D2H.submit,2569165,2569200,1,0,1999,1992,:1992:1999,--:Cel.D2H.submit
397392903,397395071,2168,0,2168,:Sdd.D2H.submit,2569165,2569200,1,0,2000,1992,:1992:2000,--:Sdd.D2H.submit
397395270,397397480,2210,0,2210,:Mi.D2H.submit,2569165,2569200,1,0,2001,1992,:1992:2001,--:Mi.D2H.submit
397397618,397668561,270943,270319,624,:Cache.freeCacheData,2569165,2569200,1,2,2002,1992,:1992:2002,--:Cache.freeCacheData
397397934,397667949,270015,0,270015,:Cache.stream_sync,2569165,2569200,2,0,2003,2002,:1992:2002:2003,----:Cache.stream_sync
397431578,397819818,388240,327882,60358,:Task.execute,2569165,2569199,0,9,2004,,:2004,:Task.execute
397432670,397433117,447,0,447,:Cache.getCacheData,2569165,2569199,1,0,2005,2004,:2004:2005,--:Cache.getCacheData
397433320,397478577,45257,0,45257,:Frame.H2D.submit_with_staging,2569165,2569199,1,0,2006,2004,:2004:2006,--:Frame.H2D.submit_with_staging
397475885,397476326,441,0,441,:Cache.publish_release,2569165,2569201,2,0,2007,1978,:1968:1978:2007,----:Cache.publish_release
397478704,397483076,4372,0,4372,:Cel.kernels.submit,2569165,2569199,1,0,2008,2004,:2004:2008,--:Cel.kernels.submit
397483238,397486982,3744,0,3744,:Sdd.kernels.submit,2569165,2569199,1,0,2009,2004,:2004:2009,--:Sdd.kernels.submit
397487229,397490420,3191,0,3191,:Mi.kernels.submit,2569165,2569199,1,0,2010,2004,:2004:2010,--:Mi.kernels.submit
397491025,397494081,3056,0,3056,:Cel.D2H.submit,2569165,2569199,1,0,2011,2004,:2004:2011,--:Cel.D2H.submit
397494342,397496628,2286,0,2286,:Sdd.D2H.submit,2569165,2569199,1,0,2012,2004,:2004:2012,--:Sdd.D2H.submit
397496741,397499071,2330,0,2330,:Mi.D2H.submit,2569165,2569199,1,0,2013,2004,:2004:2013,--:Mi.D2H.submit
397499309,397762508,263199,261820,1379,:Cache.freeCacheData,2569165,2569199,1,2,2014,2004,:2004:2014,--:Cache.freeCacheData
397500447,397761934,261487,0,261487,:Cache.stream_sync,2569165,2569199,2,0,2015,2014,:2004:2014:2015,----:Cache.stream_sync
397529386,397956670,427284,330059,97225,:Task.execute,2569165,2569201,0,9,2016,,:2016,:Task.execute
397530046,397530619,573,0,573,:Cache.getCacheData,2569165,2569201,1,0,2017,2016,:2016:2017,--:Cache.getCacheData
397531098,397574985,43887,0,43887,:Frame.H2D.submit_with_staging,2569165,2569201,1,0,2018,2016,:2016:2018,--:Frame.H2D.submit_with_staging
397570511,397570983,472,0,472,:Cache.publish_release,2569165,2569198,2,0,2019,1990,:1980:1990:2019,----:Cache.publish_release
397575089,397578408,3319,0,3319,:Cel.kernels.submit,2569165,2569201,1,0,2020,2016,:2016:2020,--:Cel.kernels.submit
397578515,397581396,2881,0,2881,:Sdd.kernels.submit,2569165,2569201,1,0,2021,2016,:2016:2021,--:Sdd.kernels.submit
397581517,397584602,3085,0,3085,:Mi.kernels.submit,2569165,2569201,1,0,2022,2016,:2016:2022,--:Mi.kernels.submit
397584708,397587152,2444,0,2444,:Cel.D2H.submit,2569165,2569201,1,0,2023,2016,:2016:2023,--:Cel.D2H.submit
397587255,397589286,2031,0,2031,:Sdd.D2H.submit,2569165,2569201,1,0,2024,2016,:2016:2024,--:Sdd.D2H.submit
397592437,397594746,2309,0,2309,:Mi.D2H.submit,2569165,2569201,1,0,2025,2016,:2016:2025,--:Mi.D2H.submit
397594891,397864421,269530,268917,613,:Cache.freeCacheData,2569165,2569201,1,2,2026,2016,:2016:2026,--:Cache.freeCacheData
397595080,397863731,268651,0,268651,:Cache.stream_sync,2569165,2569201,2,0,2027,2026,:2016:2026:2027,----:Cache.stream_sync
397625158,398009317,384159,318274,65885,:Task.execute,2569165,2569198,0,9,2028,,:2028,:Task.execute
397625776,397626098,322,0,322,:Cache.getCacheData,2569165,2569198,1,0,2029,2028,:2028:2029,--:Cache.getCacheData
397626326,397670029,43703,0,43703,:Frame.H2D.submit_with_staging,2569165,2569198,1,0,2030,2028,:2028:2030,--:Frame.H2D.submit_with_staging
397668095,397668399,304,0,304,:Cache.publish_release,2569165,2569200,2,0,2031,2002,:1992:2002:2031,----:Cache.publish_release
397670124,397673581,3457,0,3457,:Cel.kernels.submit,2569165,2569198,1,0,2032,2028,:2028:2032,--:Cel.kernels.submit
397673688,397676309,2621,0,2621,:Sdd.kernels.submit,2569165,2569198,1,0,2033,2028,:2028:2033,--:Sdd.kernels.submit
397676442,397679211,2769,0,2769,:Mi.kernels.submit,2569165,2569198,1,0,2034,2028,:2028:2034,--:Mi.kernels.submit
397679318,397681640,2322,0,2322,:Cel.D2H.submit,2569165,2569198,1,0,2035,2028,:2028:2035,--:Cel.D2H.submit
397681756,397684077,2321,0,2321,:Sdd.D2H.submit,2569165,2569198,1,0,2036,2028,:2028:2036,--:Sdd.D2H.submit
397688268,397690193,1925,0,1925,:Mi.D2H.submit,2569165,2569198,1,0,2037,2028,:2028:2037,--:Mi.D2H.submit
397690426,397949260,258834,258399,435,:Cache.freeCacheData,2569165,2569198,1,2,2038,2028,:2028:2038,--:Cache.freeCacheData
397690634,397948711,258077,0,258077,:Cache.stream_sync,2569165,2569198,2,0,2039,2038,:2028:2038:2039,----:Cache.stream_sync
397725066,398091665,366599,293241,73358,:Task.execute,2569165,2569200,0,9,2040,,:2040,:Task.execute
397725732,397726012,280,0,280,:Cache.getCacheData,2569165,2569200,1,0,2041,2040,:2040:2041,--:Cache.getCacheData
397726621,397766029,39408,0,39408,:Frame.H2D.submit_with_staging,2569165,2569200,1,0,2042,2040,:2040:2042,--:Frame.H2D.submit_with_staging
397762039,397762372,333,0,333,:Cache.publish_release,2569165,2569199,2,0,2043,2014,:2004:2014:2043,----:Cache.publish_release
397766205,397769704,3499,0,3499,:Cel.kernels.submit,2569165,2569200,1,0,2044,2040,:2040:2044,--:Cel.kernels.submit
397769857,397773019,3162,0,3162,:Sdd.kernels.submit,2569165,2569200,1,0,2045,2040,:2040:2045,--:Sdd.kernels.submit
397773224,397776364,3140,0,3140,:Mi.kernels.submit,2569165,2569200,1,0,2046,2040,:2040:2046,--:Mi.kernels.submit
397776600,397779570,2970,0,2970,:Cel.D2H.submit,2569165,2569200,1,0,2047,2040,:2040:2047,--:Cel.D2H.submit
397779790,397782157,2367,0,2367,:Sdd.D2H.submit,2569165,2569200,1,0,2048,2040,:2040:2048,--:Sdd.D2H.submit
397782259,397787998,5739,0,5739,:Mi.D2H.submit,2569165,2569200,1,0,2049,2040,:2040:2049,--:Mi.D2H.submit
397788106,398020782,232676,231942,734,:Cache.freeCacheData,2569165,2569200,1,2,2050,2040,:2040:2050,--:Cache.freeCacheData
397788367,398019564,231197,0,231197,:Cache.stream_sync,2569165,2569200,2,0,2051,2050,:2040:2050:2051,----:Cache.stream_sync
397820666,398214686,394020,334131,59889,:Task.execute,2569165,2569199,0,9,2052,,:2052,:Task.execute
397821478,397821968,490,0,490,:Cache.getCacheData,2569165,2569199,1,0,2053,2052,:2052:2053,--:Cache.getCacheData
397822177,397860061,37884,0,37884,:Frame.H2D.submit_with_staging,2569165,2569199,1,0,2054,2052,:2052:2054,--:Frame.H2D.submit_with_staging
397860279,397863689,3410,0,3410,:Cel.kernels.submit,2569165,2569199,1,0,2055,2052,:2052:2055,--:Cel.kernels.submit
397863870,397866890,3020,0,3020,:Sdd.kernels.submit,2569165,2569199,1,0,2056,2052,:2052:2056,--:Sdd.kernels.submit
397863892,397864158,266,0,266,:Cache.publish_release,2569165,2569201,2,0,2057,2026,:2016:2026:2057,----:Cache.publish_release
397867014,397870015,3001,0,3001,:Mi.kernels.submit,2569165,2569199,1,0,2058,2052,:2052:2058,--:Mi.kernels.submit
397870149,397873011,2862,0,2862,:Cel.D2H.submit,2569165,2569199,1,0,2059,2052,:2052:2059,--:Cel.D2H.submit
397873113,397875557,2444,0,2444,:Sdd.D2H.submit,2569165,2569199,1,0,2060,2052,:2052:2060,--:Sdd.D2H.submit
397878383,397880514,2131,0,2131,:Mi.D2H.submit,2569165,2569199,1,0,2061,2052,:2052:2061,--:Mi.D2H.submit
397880683,398159572,278889,278333,556,:Cache.freeCacheData,2569165,2569199,1,2,2062,2052,:2052:2062,--:Cache.freeCacheData
397880927,398158643,277716,0,277716,:Cache.stream_sync,2569165,2569199,2,0,2063,2062,:2052:2062:2063,----:Cache.stream_sync
397948873,397949195,322,0,322,:Cache.publish_release,2569165,2569198,2,0,2064,2038,:2028:2038:2064,----:Cache.publish_release
397957093,398327704,370611,304480,66131,:Task.execute,2569165,2569201,0,9,2065,,:2065,:Task.execute
397957926,397958651,725,0,725,:Cache.getCacheData,2569165,2569201,1,0,2066,2065,:2065:2066,--:Cache.getCacheData
397958729,398015663,56934,0,56934,:Frame.H2D.submit_with_staging,2569165,2569201,1,0,2067,2065,:2065:2067,--:Frame.H2D.submit_with_staging
398009656,398435113,425457,349640,75817,:Task.execute,2569165,2569198,0,9,2068,,:2068,:Task.execute
398010381,398010724,343,0,343,:Cache.getCacheData,2569165,2569198,1,0,2069,2068,:2068:2069,--:Cache.getCacheData
398010802,398073578,62776,0,62776,:Frame.H2D.submit_with_staging,2569165,2569198,1,0,2070,2068,:2068:2070,--:Frame.H2D.submit_with_staging
398015766,398019672,3906,0,3906,:Cel.kernels.submit,2569165,2569201,1,0,2071,2065,:2065:2071,--:Cel.kernels.submit
398019730,398020475,745,0,745,:Cache.publish_release,2569165,2569200,2,0,2072,2050,:2040:2050:2072,----:Cache.publish_release
398019793,398022798,3005,0,3005,:Sdd.kernels.submit,2569165,2569201,1,0,2073,2065,:2065:2073,--:Sdd.kernels.submit
398022927,398026598,3671,0,3671,:Mi.kernels.submit,2569165,2569201,1,0,2074,2065,:2065:2074,--:Mi.kernels.submit
398027052,398029649,2597,0,2597,:Cel.D2H.submit,2569165,2569201,1,0,2075,2065,:2065:2075,--:Cel.D2H.submit
398029748,398031858,2110,0,2110,:Sdd.D2H.submit,2569165,2569201,1,0,2076,2065,:2065:2076,--:Sdd.D2H.submit
398031954,398033824,1870,0,1870,:Mi.D2H.submit,2569165,2569201,1,0,2077,2065,:2065:2077,--:Mi.D2H.submit
398033925,398263587,229662,229392,270,:Cache.freeCacheData,2569165,2569201,1,2,2078,2065,:2065:2078,--:Cache.freeCacheData
398034020,398263087,229067,0,229067,:Cache.stream_sync,2569165,2569201,2,0,2079,2078,:2065:2078:2079,----:Cache.stream_sync
398073961,398078022,4061,0,4061,:Cel.kernels.submit,2569165,2569198,1,0,2080,2068,:2068:2080,--:Cel.kernels.submit
398078127,398080648,2521,0,2521,:Sdd.kernels.submit,2569165,2569198,1,0,2081,2068,:2068:2081,--:Sdd.kernels.submit
398080755,398083333,2578,0,2578,:Mi.kernels.submit,2569165,2569198,1,0,2082,2068,:2068:2082,--:Mi.kernels.submit
398083452,398086026,2574,0,2574,:Cel.D2H.submit,2569165,2569198,1,0,2083,2068,:2068:2083,--:Cel.D2H.submit
398086125,398087896,1771,0,1771,:Sdd.D2H.submit,2569165,2569198,1,0,2084,2068,:2068:2084,--:Sdd.D2H.submit
398087997,398089756,1759,0,1759,:Mi.D2H.submit,2569165,2569198,1,0,2085,2068,:2068:2085,--:Mi.D2H.submit
398089854,398361111,271257,270900,357,:Cache.freeCacheData,2569165,2569198,1,2,2086,2068,:2068:2086,--:Cache.freeCacheData
398089955,398360537,270582,0,270582,:Cache.stream_sync,2569165,2569198,2,0,2087,2086,:2068:2086:2087,----:Cache.stream_sync
398091940,398532043,440103,377586,62517,:Task.execute,2569165,2569200,0,9,2088,,:2088,:Task.execute
398092574,398092825,251,0,251,:Cache.getCacheData,2569165,2569200,1,0,2089,2088,:2088:2089,--:Cache.getCacheData
398092905,398139366,46461,0,46461,:Frame.H2D.submit_with_staging,2569165,2569200,1,0,2090,2088,:2088:2090,--:Frame.H2D.submit_with_staging
398139464,398143030,3566,0,3566,:Cel.kernels.submit,2569165,2569200,1,0,2091,2088,:2088:2091,--:Cel.kernels.submit
398143141,398145804,2663,0,2663,:Sdd.kernels.submit,2569165,2569200,1,0,2092,2088,:2088:2092,--:Sdd.kernels.submit
398145909,398148632,2723,0,2723,:Mi.kernels.submit,2569165,2569200,1,0,2093,2088,:2088:2093,--:Mi.kernels.submit
398149132,398151882,2750,0,2750,:Cel.D2H.submit,2569165,2569200,1,0,2094,2088,:2088:2094,--:Cel.D2H.submit
398152122,398154190,2068,0,2068,:Sdd.D2H.submit,2569165,2569200,1,0,2095,2088,:2088:2095,--:Sdd.D2H.submit
398154313,398156466,2153,0,2153,:Mi.D2H.submit,2569165,2569200,1,0,2096,2088,:2088:2096,--:Mi.D2H.submit
398156568,398471519,314951,314244,707,:Cache.freeCacheData,2569165,2569200,1,2,2097,2088,:2088:2097,--:Cache.freeCacheData
398156977,398471015,314038,0,314038,:Cache.stream_sync,2569165,2569200,2,0,2098,2097,:2088:2097:2098,----:Cache.stream_sync
398158804,398159421,617,0,617,:Cache.publish_release,2569165,2569199,2,0,2099,2062,:2052:2062:2099,----:Cache.publish_release
398215077,398627069,411992,352047,59945,:Task.execute,2569165,2569199,0,9,2100,,:2100,:Task.execute
398215800,398216034,234,0,234,:Cache.getCacheData,2569165,2569199,1,0,2101,2100,:2100:2101,--:Cache.getCacheData
398216116,398255213,39097,0,39097,:Frame.H2D.submit_with_staging,2569165,2569199,1,0,2102,2100,:2100:2102,--:Frame.H2D.submit_with_staging
398255337,398258841,3504,0,3504,:Cel.kernels.submit,2569165,2569199,1,0,2103,2100,:2100:2103,--:Cel.kernels.submit
398259027,398261873,2846,0,2846,:Sdd.kernels.submit,2569165,2569199,1,0,2104,2100,:2100:2104,--:Sdd.kernels.submit
398262041,398264902,2861,0,2861,:Mi.kernels.submit,2569165,2569199,1,0,2105,2100,:2100:2105,--:Mi.kernels.submit
398263198,398263523,325,0,325,:Cache.publish_release,2569165,2569201,2,0,2106,2078,:2065:2078:2106,----:Cache.publish_release
398265079,398268001,2922,0,2922,:Cel.D2H.submit,2569165,2569199,1,0,2107,2100,:2100:2107,--:Cel.D2H.submit
398268105,398270217,2112,0,2112,:Sdd.D2H.submit,2569165,2569199,1,0,2108,2100,:2100:2108,--:Sdd.D2H.submit
398270313,398272329,2016,0,2016,:Mi.D2H.submit,2569165,2569199,1,0,2109,2100,:2100:2109,--:Mi.D2H.submit
398272427,398568882,296455,295667,788,:Cache.freeCacheData,2569165,2569199,1,2,2110,2100,:2100:2110,--:Cache.freeCacheData
398272627,398567811,295184,0,295184,:Cache.stream_sync,2569165,2569199,2,0,2111,2110,:2100:2110:2111,----:Cache.stream_sync
398328178,398724503,396325,336625,59700,:Task.execute,2569165,2569201,0,9,2112,,:2112,:Task.execute
398330025,398330607,582,0,582,:Cache.getCacheData,2569165,2569201,1,0,2113,2112,:2112:2113,--:Cache.getCacheData
398331020,398381875,50855,0,50855,:Frame.H2D.submit_with_staging,2569165,2569201,1,0,2114,2112,:2112:2114,--:Frame.H2D.submit_with_staging
398360618,398360936,318,0,318,:Cache.publish_release,2569165,2569198,2,0,2115,2086,:2068:2086:2115,----:Cache.publish_release
398382065,398389926,7861,0,7861,:Cel.kernels.submit,2569165,2569201,1,0,2116,2112,:2112:2116,--:Cel.kernels.submit
398390222,398394860,4638,0,4638,:Sdd.kernels.submit,2569165,2569201,1,0,2117,2112,:2112:2117,--:Sdd.kernels.submit
398395681,398400351,4670,0,4670,:Mi.kernels.submit,2569165,2569201,1,0,2118,2112,:2112:2118,--:Mi.kernels.submit
398400519,398404886,4367,0,4367,:Cel.D2H.submit,2569165,2569201,1,0,2119,2112,:2112:2119,--:Cel.D2H.submit
398405031,398409457,4426,0,4426,:Sdd.D2H.submit,2569165,2569201,1,0,2120,2112,:2112:2120,--:Sdd.D2H.submit
398409696,398413304,3608,0,3608,:Mi.D2H.submit,2569165,2569201,1,0,2121,2112,:2112:2121,--:Mi.D2H.submit
398413554,398669172,255618,253754,1864,:Cache.freeCacheData,2569165,2569201,1,2,2122,2112,:2112:2122,--:Cache.freeCacheData
398414784,398668217,253433,0,253433,:Cache.stream_sync,2569165,2569201,2,0,2123,2122,:2112:2122:2123,----:Cache.stream_sync
398435357,398824646,389289,326449,62840,:Task.execute,2569165,2569198,0,9,2124,,:2124,:Task.execute
398436242,398436672,430,0,430,:Cache.getCacheData,2569165,2569198,1,0,2125,2124,:2124:2125,--:Cache.getCacheData
398436871,398489647,52776,0,52776,:Frame.H2D.submit_with_staging,2569165,2569198,1,0,2126,2124,:2124:2126,--:Frame.H2D.submit_with_staging
398471243,398471449,206,0,206,:Cache.publish_release,2569165,2569200,2,0,2127,2097,:2088:2097:2127,----:Cache.publish_release
398489815,398493790,3975,0,3975,:Cel.kernels.submit,2569165,2569198,1,0,2128,2124,:2124:2128,--:Cel.kernels.submit
398493902,398496619,2717,0,2717,:Sdd.kernels.submit,2569165,2569198,1,0,2129,2124,:2124:2129,--:Sdd.kernels.submit
398496776,398499758,2982,0,2982,:Mi.kernels.submit,2569165,2569198,1,0,2130,2124,:2124:2130,--:Mi.kernels.submit
398499881,398502240,2359,0,2359,:Cel.D2H.submit,2569165,2569198,1,0,2131,2124,:2124:2131,--:Cel.D2H.submit
398502341,398504299,1958,0,1958,:Sdd.D2H.submit,2569165,2569198,1,0,2132,2124,:2124:2132,--:Sdd.D2H.submit
398504422,398506142,1720,0,1720,:Mi.D2H.submit,2569165,2569198,1,0,2133,2124,:2124:2133,--:Mi.D2H.submit
398506243,398763775,257532,256793,739,:Cache.freeCacheData,2569165,2569198,1,2,2134,2124,:2124:2134,--:Cache.freeCacheData
398506625,398762807,256182,0,256182,:Cache.stream_sync,2569165,2569198,2,0,2135,2134,:2124:2134:2135,----:Cache.stream_sync
398532390,398933072,400682,339099,61583,:Task.execute,2569165,2569200,0,9,2136,,:2136,:Task.execute
398533128,398533732,604,0,604,:Cache.getCacheData,2569165,2569200,1,0,2137,2136,:2136:2137,--:Cache.getCacheData
398533957,398582416,48459,0,48459,:Frame.H2D.submit_with_staging,2569165,2569200,1,0,2138,2136,:2136:2138,--:Frame.H2D.submit_with_staging
398568227,398568710,483,0,483,:Cache.publish_release,2569165,2569199,2,0,2139,2110,:2100:2110:2139,----:Cache.publish_release
398582606,398586787,4181,0,4181,:Cel.kernels.submit,2569165,2569200,1,0,2140,2136,:2136:2140,--:Cel.kernels.submit
398587231,398590359,3128,0,3128,:Sdd.kernels.submit,2569165,2569200,1,0,2141,2136,:2136:2141,--:Sdd.kernels.submit
398590461,398593350,2889,0,2889,:Mi.kernels.submit,2569165,2569200,1,0,2142,2136,:2136:2142,--:Mi.kernels.submit
398593456,398595969,2513,0,2513,:Cel.D2H.submit,2569165,2569200,1,0,2143,2136,:2136:2143,--:Cel.D2H.submit
398596075,398598204,2129,0,2129,:Sdd.D2H.submit,2569165,2569200,1,0,2144,2136,:2136:2144,--:Sdd.D2H.submit
398598339,398600339,2000,0,2000,:Mi.D2H.submit,2569165,2569200,1,0,2145,2136,:2136:2145,--:Mi.D2H.submit
398600445,398873641,273196,272091,1105,:Cache.freeCacheData,2569165,2569200,1,2,2146,2136,:2136:2146,--:Cache.freeCacheData
398600737,398872331,271594,0,271594,:Cache.stream_sync,2569165,2569200,2,0,2147,2146,:2136:2146:2147,----:Cache.stream_sync
398627524,399026279,398755,341150,57605,:Task.execute,2569165,2569199,0,9,2148,,:2148,:Task.execute
398628403,398628986,583,0,583,:Cache.getCacheData,2569165,2569199,1,0,2149,2148,:2148:2149,--:Cache.getCacheData
398629143,398674711,45568,0,45568,:Frame.H2D.submit_with_staging,2569165,2569199,1,0,2150,2148,:2148:2150,--:Frame.H2D.submit_with_staging
398668348,398668669,321,0,321,:Cache.publish_release,2569165,2569201,2,0,2151,2122,:2112:2122:2151,----:Cache.publish_release
398674859,398680077,5218,0,5218,:Cel.kernels.submit,2569165,2569199,1,0,2152,2148,:2148:2152,--:Cel.kernels.submit
398680192,398683513,3321,0,3321,:Sdd.kernels.submit,2569165,2569199,1,0,2153,2148,:2148:2153,--:Sdd.kernels.submit
398683793,398686628,2835,0,2835,:Mi.kernels.submit,2569165,2569199,1,0,2154,2148,:2148:2154,--:Mi.kernels.submit
398686733,398689237,2504,0,2504,:Cel.D2H.submit,2569165,2569199,1,0,2155,2148,:2148:2155,--:Cel.D2H.submit
398689332,398691509,2177,0,2177,:Sdd.D2H.submit,2569165,2569199,1,0,2156,2148,:2148:2156,--:Sdd.D2H.submit
398691610,398693578,1968,0,1968,:Mi.D2H.submit,2569165,2569199,1,0,2157,2148,:2148:2157,--:Mi.D2H.submit
398693698,398970674,276976,276310,666,:Cache.freeCacheData,2569165,2569199,1,2,2158,2148,:2148:2158,--:Cache.freeCacheData
398694062,398970150,276088,0,276088,:Cache.stream_sync,2569165,2569199,2,0,2159,2158,:2148:2158:2159,----:Cache.stream_sync
398725069,399119148,394079,334374,59705,:Task.execute,2569165,2569201,0,9,2160,,:2160,:Task.execute
398725738,398726063,325,0,325,:Cache.getCacheData,2569165,2569201,1,0,2161,2160,:2160:2161,--:Cache.getCacheData
398726223,398767725,41502,0,41502,:Frame.H2D.submit_with_staging,2569165,2569201,1,0,2162,2160,:2160:2162,--:Frame.H2D.submit_with_staging
398763092,398763703,611,0,611,:Cache.publish_release,2569165,2569198,2,0,2163,2134,:2124:2134:2163,----:Cache.publish_release
398767932,398772112,4180,0,4180,:Cel.kernels.submit,2569165,2569201,1,0,2164,2160,:2160:2164,--:Cel.kernels.submit
398772241,398775377,3136,0,3136,:Sdd.kernels.submit,2569165,2569201,1,0,2165,2160,:2160:2165,--:Sdd.kernels.submit
398775494,398778516,3022,0,3022,:Mi.kernels.submit,2569165,2569201,1,0,2166,2160,:2160:2166,--:Mi.kernels.submit
398778769,398781957,3188,0,3188,:Cel.D2H.submit,2569165,2569201,1,0,2167,2160,:2160:2167,--:Cel.D2H.submit
398782407,398785131,2724,0,2724,:Sdd.D2H.submit,2569165,2569201,1,0,2168,2160,:2160:2168,--:Sdd.D2H.submit
398785803,398788197,2394,0,2394,:Mi.D2H.submit,2569165,2569201,1,0,2169,2160,:2160:2169,--:Mi.D2H.submit
398788309,399062212,273903,273295,608,:Cache.freeCacheData,2569165,2569201,1,2,2170,2160,:2160:2170,--:Cache.freeCacheData
398788692,399061709,273017,0,273017,:Cache.stream_sync,2569165,2569201,2,0,2171,2170,:2160:2170:2171,----:Cache.stream_sync
398825077,399205762,380685,324810,55875,:Task.execute,2569165,2569198,0,9,2172,,:2172,:Task.execute
398825652,398825948,296,0,296,:Cache.getCacheData,2569165,2569198,1,0,2173,2172,:2172:2173,--:Cache.getCacheData
398826028,398865831,39803,0,39803,:Frame.H2D.submit_with_staging,2569165,2569198,1,0,2174,2172,:2172:2174,--:Frame.H2D.submit_with_staging
398865937,398869551,3614,0,3614,:Cel.kernels.submit,2569165,2569198,1,0,2175,2172,:2172:2175,--:Cel.kernels.submit
398869778,398872787,3009,0,3009,:Sdd.kernels.submit,2569165,2569198,1,0,2176,2172,:2172:2176,--:Sdd.kernels.submit
398872913,398873410,497,0,497,:Cache.publish_release,2569165,2569200,2,0,2177,2146,:2136:2146:2177,----:Cache.publish_release
398873170,398876148,2978,0,2978,:Mi.kernels.submit,2569165,2569198,1,0,2178,2172,:2172:2178,--:Mi.kernels.submit
398876326,398878980,2654,0,2654,:Cel.D2H.submit,2569165,2569198,1,0,2179,2172,:2172:2179,--:Cel.D2H.submit
398879210,398881348,2138,0,2138,:Sdd.D2H.submit,2569165,2569198,1,0,2180,2172,:2172:2180,--:Sdd.D2H.submit
398881508,398883453,1945,0,1945,:Mi.D2H.submit,2569165,2569198,1,0,2181,2172,:2172:2181,--:Mi.D2H.submit
398883606,399151979,268373,268072,301,:Cache.freeCacheData,2569165,2569198,1,2,2182,2172,:2172:2182,--:Cache.freeCacheData
398883706,399151508,267802,0,267802,:Cache.stream_sync,2569165,2569198,2,0,2183,2182,:2172:2182:2183,----:Cache.stream_sync
398933402,399315679,382277,325398,56879,:Task.execute,2569165,2569200,0,9,2184,,:2184,:Task.execute
398934285,398934619,334,0,334,:Cache.getCacheData,2569165,2569200,1,0,2185,2184,:2184:2185,--:Cache.getCacheData
398934819,398976060,41241,0,41241,:Frame.H2D.submit_with_staging,2569165,2569200,1,0,2186,2184,:2184:2186,--:Frame.H2D.submit_with_staging
398970267,398970489,222,0,222,:Cache.publish_release,2569165,2569199,2,0,2187,2158,:2148:2158:2187,----:Cache.publish_release
398976227,398979741,3514,0,3514,:Cel.kernels.submit,2569165,2569200,1,0,2188,2184,:2184:2188,--:Cel.kernels.submit
398979861,398982782,2921,0,2921,:Sdd.kernels.submit,2569165,2569200,1,0,2189,2184,:2184:2189,--:Sdd.kernels.submit
398982890,398985610,2720,0,2720,:Mi.kernels.submit,2569165,2569200,1,0,2190,2184,:2184:2190,--:Mi.kernels.submit
398985718,398988400,2682,0,2682,:Cel.D2H.submit,2569165,2569200,1,0,2191,2184,:2184:2191,--:Cel.D2H.submit
398988606,398990873,2267,0,2267,:Sdd.D2H.submit,2569165,2569200,1,0,2192,2184,:2184:2192,--:Sdd.D2H.submit
398991505,398993648,2143,0,2143,:Mi.D2H.submit,2569165,2569200,1,0,2193,2184,:2184:2193,--:Mi.D2H.submit
398993768,399261344,267576,267193,383,:Cache.freeCacheData,2569165,2569200,1,2,2194,2184,:2184:2194,--:Cache.freeCacheData
398993972,399260975,267003,0,267003,:Cache.stream_sync,2569165,2569200,2,0,2195,2194,:2184:2194:2195,----:Cache.stream_sync
399026604,399406384,379780,322898,56882,:Task.execute,2569165,2569199,0,9,2196,,:2196,:Task.execute
399027374,399027675,301,0,301,:Cache.getCacheData,2569165,2569199,1,0,2197,2196,:2196:2197,--:Cache.getCacheData
399027977,399072620,44643,0,44643,:Frame.H2D.submit_with_staging,2569165,2569199,1,0,2198,2196,:2196:2198,--:Frame.H2D.submit_with_staging
399061853,399062131,278,0,278,:Cache.publish_release,2569165,2569201,2,0,2199,2170,:2160:2170:2199,----:Cache.publish_release
399072725,399076616,3891,0,3891,:Cel.kernels.submit,2569165,2569199,1,0,2200,2196,:2196:2200,--:Cel.kernels.submit
399076738,399079855,3117,0,3117,:Sdd.kernels.submit,2569165,2569199,1,0,2201,2196,:2196:2201,--:Sdd.kernels.submit
399080027,399082855,2828,0,2828,:Mi.kernels.submit,2569165,2569199,1,0,2202,2196,:2196:2202,--:Mi.kernels.submit
399083081,399086469,3388,0,3388,:Cel.D2H.submit,2569165,2569199,1,0,2203,2196,:2196:2203,--:Cel.D2H.submit
399086669,399089172,2503,0,2503,:Sdd.D2H.submit,2569165,2569199,1,0,2204,2196,:2196:2204,--:Sdd.D2H.submit
399089358,399091467,2109,0,2109,:Mi.D2H.submit,2569165,2569199,1,0,2205,2196,:2196:2205,--:Mi.D2H.submit
399091681,399351799,260118,259638,480,:Cache.freeCacheData,2569165,2569199,1,2,2206,2196,:2196:2206,--:Cache.freeCacheData
399091776,399351187,259411,0,259411,:Cache.stream_sync,2569165,2569199,2,0,2207,2206,:2196:2206:2207,----:Cache.stream_sync
399119504,399505983,386479,329513,56966,:Task.execute,2569165,2569201,0,9,2208,,:2208,:Task.execute
399120241,399120489,248,0,248,:Cache.getCacheData,2569165,2569201,1,0,2209,2208,:2208:2209,--:Cache.getCacheData
399120581,399163533,42952,0,42952,:Frame.H2D.submit_with_staging,2569165,2569201,1,0,2210,2208,:2208:2210,--:Frame.H2D.submit_with_staging
399151644,399151914,270,0,270,:Cache.publish_release,2569165,2569198,2,0,2211,2182,:2172:2182:2211,----:Cache.publish_release
399163651,399167494,3843,0,3843,:Cel.kernels.submit,2569165,2569201,1,0,2212,2208,:2208:2212,--:Cel.kernels.submit
399167628,399171074,3446,0,3446,:Sdd.kernels.submit,2569165,2569201,1,0,2213,2208,:2208:2213,--:Sdd.kernels.submit
399171244,399175106,3862,0,3862,:Mi.kernels.submit,2569165,2569201,1,0,2214,2208,:2208:2214,--:Mi.kernels.submit
399175293,399178282,2989,0,2989,:Cel.D2H.submit,2569165,2569201,1,0,2215,2208,:2208:2215,--:Cel.D2H.submit
399178593,399181630,3037,0,3037,:Sdd.D2H.submit,2569165,2569201,1,0,2216,2208,:2208:2216,--:Sdd.D2H.submit
399181739,399184031,2292,0,2292,:Mi.D2H.submit,2569165,2569201,1,0,2217,2208,:2208:2217,--:Mi.D2H.submit
399184150,399450994,266844,266461,383,:Cache.freeCacheData,2569165,2569201,1,2,2218,2208,:2208:2218,--:Cache.freeCacheData
399184273,399449995,265722,0,265722,:Cache.stream_sync,2569165,2569201,2,0,2219,2218,:2208:2218:2219,----:Cache.stream_sync
399206024,399593931,387907,332051,55856,:Task.execute,2569165,2569198,0,9,2220,,:2220,:Task.execute
399206977,399207254,277,0,277,:Cache.getCacheData,2569165,2569198,1,0,2221,2220,:2220:2221,--:Cache.getCacheData
399207337,399247447,40110,0,40110,:Frame.H2D.submit_with_staging,2569165,2569198,1,0,2222,2220,:2220:2222,--:Frame.H2D.submit_with_staging
399247553,399251259,3706,0,3706,:Cel.kernels.submit,2569165,2569198,1,0,2223,2220,:2220:2223,--:Cel.kernels.submit
399251411,399253968,2557,0,2557,:Sdd.kernels.submit,2569165,2569198,1,0,2224,2220,:2220:2224,--:Sdd.kernels.submit
399254118,399256924,2806,0,2806,:Mi.kernels.submit,2569165,2569198,1,0,2225,2220,:2220:2225,--:Mi.kernels.submit
399257035,399259730,2695,0,2695,:Cel.D2H.submit,2569165,2569198,1,0,2226,2220,:2220:2226,--:Cel.D2H.submit
399259834,399261833,1999,0,1999,:Sdd.D2H.submit,2569165,2569198,1,0,2227,2220,:2220:2227,--:Sdd.D2H.submit
399261084,399261274,190,0,190,:Cache.publish_release,2569165,2569200,2,0,2228,2194,:2184:2194:2228,----:Cache.publish_release
399261955,399264206,2251,0,2251,:Mi.D2H.submit,2569165,2569198,1,0,2229,2220,:2220:2229,--:Mi.D2H.submit
399264300,399539950,275650,275308,342,:Cache.freeCacheData,2569165,2569198,1,2,2230,2220,:2220:2230,--:Cache.freeCacheData
399264402,399539373,274971,0,274971,:Cache.stream_sync,2569165,2569198,2,0,2231,2230,:2220:2230:2231,----:Cache.stream_sync
399315980,399689271,373291,315627,57664,:Task.execute,2569165,2569200,0,9,2232,,:2232,:Task.execute
399316654,399316986,332,0,332,:Cache.getCacheData,2569165,2569200,1,0,2233,2232,:2232:2233,--:Cache.getCacheData
399317099,399353209,36110,0,36110,:Frame.H2D.submit_with_staging,2569165,2569200,1,0,2234,2232,:2232:2234,--:Frame.H2D.submit_with_staging
399351299,399351526,227,0,227,:Cache.publish_release,2569165,2569199,2,0,2235,2206,:2196:2206:2235,----:Cache.publish_release
399353322,399356993,3671,0,3671,:Cel.kernels.submit,2569165,2569200,1,0,2236,2232,:2232:2236,--:Cel.kernels.submit
399357110,399359787,2677,0,2677,:Sdd.kernels.submit,2569165,2569200,1,0,2237,2232,:2232:2237,--:Sdd.kernels.submit
399359901,399363036,3135,0,3135,:Mi.kernels.submit,2569165,2569200,1,0,2238,2232,:2232:2238,--:Mi.kernels.submit
399363351,399365989,2638,0,2638,:Cel.D2H.submit,2569165,2569200,1,0,2239,2232,:2232:2239,--:Cel.D2H.submit
399366256,399368669,2413,0,2413,:Sdd.D2H.submit,2569165,2569200,1,0,2240,2232,:2232:2240,--:Sdd.D2H.submit
399368774,399371034,2260,0,2260,:Mi.D2H.submit,2569165,2569200,1,0,2241,2232,:2232:2241,--:Mi.D2H.submit
399371139,399633530,262391,261819,572,:Cache.freeCacheData,2569165,2569200,1,2,2242,2232,:2232:2242,--:Cache.freeCacheData
399371244,399632866,261622,0,261622,:Cache.stream_sync,2569165,2569200,2,0,2243,2242,:2232:2242:2243,----:Cache.stream_sync
399406638,399781772,375134,318014,57120,:Task.execute,2569165,2569199,0,9,2244,,:2244,:Task.execute
399407289,399407485,196,0,196,:Cache.getCacheData,2569165,2569199,1,0,2245,2244,:2244:2245,--:Cache.getCacheData
399407566,399446637,39071,0,39071,:Frame.H2D.submit_with_staging,2569165,2569199,1,0,2246,2244,:2244:2246,--:Frame.H2D.submit_with_staging
399446744,399450526,3782,0,3782,:Cel.kernels.submit,2569165,2569199,1,0,2247,2244,:2244:2247,--:Cel.kernels.submit
399450079,399450818,739,0,739,:Cache.publish_release,2569165,2569201,2,0,2248,2218,:2208:2218:2248,----:Cache.publish_release
399450631,399453746,3115,0,3115,:Sdd.kernels.submit,2569165,2569199,1,0,2249,2244,:2244:2249,--:Sdd.kernels.submit
399453873,399457520,3647,0,3647,:Mi.kernels.submit,2569165,2569199,1,0,2250,2244,:2244:2250,--:Mi.kernels.submit
399457806,399460632,2826,0,2826,:Cel.D2H.submit,2569165,2569199,1,0,2251,2244,:2244:2251,--:Cel.D2H.submit
399460729,399462763,2034,0,2034,:Sdd.D2H.submit,2569165,2569199,1,0,2252,2244,:2244:2252,--:Sdd.D2H.submit
399462861,399464960,2099,0,2099,:Mi.D2H.submit,2569165,2569199,1,0,2253,2244,:2244:2253,--:Mi.D2H.submit
399465069,399726313,261244,260995,249,:Cache.freeCacheData,2569165,2569199,1,2,2254,2244,:2244:2254,--:Cache.freeCacheData
399465173,399725860,260687,0,260687,:Cache.stream_sync,2569165,2569199,2,0,2255,2254,:2244:2254:2255,----:Cache.stream_sync
399506546,399899404,392858,330823,62035,:Task.execute,2569165,2569201,0,9,2256,,:2256,:Task.execute
399507377,399507646,269,0,269,:Cache.getCacheData,2569165,2569201,1,0,2257,2256,:2256:2257,--:Cache.getCacheData
399507734,399544704,36970,0,36970,:Frame.H2D.submit_with_staging,2569165,2569201,1,0,2258,2256,:2256:2258,--:Frame.H2D.submit_with_staging
399539481,399539818,337,0,337,:Cache.publish_release,2569165,2569198,2,0,2259,2230,:2220:2230:2259,----:Cache.publish_release
399544817,399548399,3582,0,3582,:Cel.kernels.submit,2569165,2569201,1,0,2260,2256,:2256:2260,--:Cel.kernels.submit
399548766,399551822,3056,0,3056,:Sdd.kernels.submit,2569165,2569201,1,0,2261,2256,:2256:2261,--:Sdd.kernels.submit
399552017,399554780,2763,0,2763,:Mi.kernels.submit,2569165,2569201,1,0,2262,2256,:2256:2262,--:Mi.kernels.submit
399554900,399557371,2471,0,2471,:Cel.D2H.submit,2569165,2569201,1,0,2263,2256,:2256:2263,--:Cel.D2H.submit
399557471,399559471,2000,0,2000,:Sdd.D2H.submit,2569165,2569201,1,0,2264,2256,:2256:2264,--:Sdd.D2H.submit
399559563,399561485,1922,0,1922,:Mi.D2H.submit,2569165,2569201,1,0,2265,2256,:2256:2265,--:Mi.D2H.submit
399561586,399839376,277790,277124,666,:Cache.freeCacheData,2569165,2569201,1,2,2266,2256,:2256:2266,--:Cache.freeCacheData
399562091,399838882,276791,0,276791,:Cache.stream_sync,2569165,2569201,2,0,2267,2266,:2256:2266:2267,----:Cache.stream_sync
399594180,399996243,402063,338233,63830,:Task.execute,2569165,2569198,0,9,2268,,:2268,:Task.execute
399595455,399595835,380,0,380,:Cache.getCacheData,2569165,2569198,1,0,2269,2268,:2268:2269,--:Cache.getCacheData
399595971,399638012,42041,0,42041,:Frame.H2D.submit_with_staging,2569165,2569198,1,0,2270,2268,:2268:2270,--:Frame.H2D.submit_with_staging
399632995,399633192,197,0,197,:Cache.publish_release,2569165,2569200,2,0,2271,2242,:2232:2242:2271,----:Cache.publish_release
399638625,399642376,3751,0,3751,:Cel.kernels.submit,2569165,2569198,1,0,2272,2268,:2268:2272,--:Cel.kernels.submit
399642647,399645416,2769,0,2769,:Sdd.kernels.submit,2569165,2569198,1,0,2273,2268,:2268:2273,--:Sdd.kernels.submit
399645723,399648469,2746,0,2746,:Mi.kernels.submit,2569165,2569198,1,0,2274,2268,:2268:2274,--:Mi.kernels.submit
399648632,399651574,2942,0,2942,:Cel.D2H.submit,2569165,2569198,1,0,2275,2268,:2268:2275,--:Cel.D2H.submit
399651933,399654106,2173,0,2173,:Sdd.D2H.submit,2569165,2569198,1,0,2276,2268,:2268:2276,--:Sdd.D2H.submit
399654291,399656688,2397,0,2397,:Mi.D2H.submit,2569165,2569198,1,0,2277,2268,:2268:2277,--:Mi.D2H.submit
399656818,399935852,279034,278426,608,:Cache.freeCacheData,2569165,2569198,1,2,2278,2268,:2268:2278,--:Cache.freeCacheData
399657102,399935207,278105,0,278105,:Cache.stream_sync,2569165,2569198,2,0,2279,2278,:2268:2278:2279,----:Cache.stream_sync
399689558,400084822,395264,334601,60663,:Task.execute,2569165,2569200,0,9,2280,,:2280,:Task.execute
399690384,399690831,447,0,447,:Cache.getCacheData,2569165,2569200,1,0,2281,2280,:2280:2281,--:Cache.getCacheData
399690998,399732425,41427,0,41427,:Frame.H2D.submit_with_staging,2569165,2569200,1,0,2282,2280,:2280:2282,--:Frame.H2D.submit_with_staging
399725941,399726249,308,0,308,:Cache.publish_release,2569165,2569199,2,0,2283,2254,:2244:2254:2283,----:Cache.publish_release
399732609,399736214,3605,0,3605,:Cel.kernels.submit,2569165,2569200,1,0,2284,2280,:2280:2284,--:Cel.kernels.submit
399736638,399739533,2895,0,2895,:Sdd.kernels.submit,2569165,2569200,1,0,2285,2280,:2280:2285,--:Sdd.kernels.submit
399739745,399743039,3294,0,3294,:Mi.kernels.submit,2569165,2569200,1,0,2286,2280,:2280:2286,--:Mi.kernels.submit
399743308,399749840,6532,0,6532,:Cel.D2H.submit,2569165,2569200,1,0,2287,2280,:2280:2287,--:Cel.D2H.submit
399749951,399752490,2539,0,2539,:Sdd.D2H.submit,2569165,2569200,1,0,2288,2280,:2280:2288,--:Sdd.D2H.submit
399752985,399755130,2145,0,2145,:Mi.D2H.submit,2569165,2569200,1,0,2289,2280,:2280:2289,--:Mi.D2H.submit
399755331,400027048,271717,270789,928,:Cache.freeCacheData,2569165,2569200,1,2,2290,2280,:2280:2290,--:Cache.freeCacheData
399755871,400026371,270500,0,270500,:Cache.stream_sync,2569165,2569200,2,0,2291,2290,:2280:2290:2291,----:Cache.stream_sync
399782032,400180675,398643,337889,60754,:Task.execute,2569165,2569199,0,9,2292,,:2292,:Task.execute
399783382,399783678,296,0,296,:Cache.getCacheData,2569165,2569199,1,0,2293,2292,:2292:2293,--:Cache.getCacheData
399783787,399825125,41338,0,41338,:Frame.H2D.submit_with_staging,2569165,2569199,1,0,2294,2292,:2292:2294,--:Frame.H2D.submit_with_staging
399825243,399828867,3624,0,3624,:Cel.kernels.submit,2569165,2569199,1,0,2295,2292,:2292:2295,--:Cel.kernels.submit
399828985,399831841,2856,0,2856,:Sdd.kernels.submit,2569165,2569199,1,0,2296,2292,:2292:2296,--:Sdd.kernels.submit
399831952,399834807,2855,0,2855,:Mi.kernels.submit,2569165,2569199,1,0,2297,2292,:2292:2297,--:Mi.kernels.submit
399834950,399839923,4973,0,4973,:Cel.D2H.submit,2569165,2569199,1,0,2298,2292,:2292:2298,--:Cel.D2H.submit
399838978,399839311,333,0,333,:Cache.publish_release,2569165,2569201,2,0,2299,2266,:2256:2266:2299,----:Cache.publish_release
399840096,399842202,2106,0,2106,:Sdd.D2H.submit,2569165,2569199,1,0,2300,2292,:2292:2300,--:Sdd.D2H.submit
399842394,399844511,2117,0,2117,:Mi.D2H.submit,2569165,2569199,1,0,2301,2292,:2292:2301,--:Mi.D2H.submit
399845234,400122958,277724,277058,666,:Cache.freeCacheData,2569165,2569199,1,2,2302,2292,:2292:2302,--:Cache.freeCacheData
399845549,400122224,276675,0,276675,:Cache.stream_sync,2569165,2569199,2,0,2303,2302,:2292:2302:2303,----:Cache.stream_sync
399900305,400276870,376565,320350,56215,:Task.execute,2569165,2569201,0,9,2304,,:2304,:Task.execute
399901109,399901399,290,0,290,:Cache.getCacheData,2569165,2569201,1,0,2305,2304,:2304:2305,--:Cache.getCacheData
399901607,399946569,44962,0,44962,:Frame.H2D.submit_with_staging,2569165,2569201,1,0,2306,2304,:2304:2306,--:Frame.H2D.submit_with_staging
399935373,399935694,321,0,321,:Cache.publish_release,2569165,2569198,2,0,2307,2278,:2268:2278:2307,----:Cache.publish_release
399946679,399950306,3627,0,3627,:Cel.kernels.submit,2569165,2569201,1,0,2308,2304,:2304:2308,--:Cel.kernels.submit
399950416,399959638,9222,0,9222,:Sdd.kernels.submit,2569165,2569201,1,0,2309,2304,:2304:2309,--:Sdd.kernels.submit
399959983,399962864,2881,0,2881,:Mi.kernels.submit,2569165,2569201,1,0,2310,2304,:2304:2310,--:Mi.kernels.submit
399963190,399966008,2818,0,2818,:Cel.D2H.submit,2569165,2569201,1,0,2311,2304,:2304:2311,--:Cel.D2H.submit
399966240,399969190,2950,0,2950,:Sdd.D2H.submit,2569165,2569201,1,0,2312,2304,:2304:2312,--:Sdd.D2H.submit
399969380,399971613,2233,0,2233,:Mi.D2H.submit,2569165,2569201,1,0,2313,2304,:2304:2313,--:Mi.D2H.submit
399971731,400223098,251367,250871,496,:Cache.freeCacheData,2569165,2569201,1,2,2314,2304,:2304:2314,--:Cache.freeCacheData
399972054,400222738,250684,0,250684,:Cache.stream_sync,2569165,2569201,2,0,2315,2314,:2304:2314:2315,----:Cache.stream_sync
399996654,400377123,380469,320543,59926,:Task.execute,2569165,2569198,0,9,2316,,:2316,:Task.execute
399997590,399998104,514,0,514,:Cache.getCacheData,2569165,2569198,1,0,2317,2316,:2316:2317,--:Cache.getCacheData
399998405,400047099,48694,0,48694,:Frame.H2D.submit_with_staging,2569165,2569198,1,0,2318,2316,:2316:2318,--:Frame.H2D.submit_with_staging
400026520,400026809,289,0,289,:Cache.publish_release,2569165,2569200,2,0,2319,2290,:2280:2290:2319,----:Cache.publish_release
400047292,400051853,4561,0,4561,:Cel.kernels.submit,2569165,2569198,1,0,2320,2316,:2316:2320,--:Cel.kernels.submit
400051982,400055500,3518,0,3518,:Sdd.kernels.submit,2569165,2569198,1,0,2321,2316,:2316:2321,--:Sdd.kernels.submit
400055824,400059028,3204,0,3204,:Mi.kernels.submit,2569165,2569198,1,0,2322,2316,:2316:2322,--:Mi.kernels.submit
400059152,400062109,2957,0,2957,:Cel.D2H.submit,2569165,2569198,1,0,2323,2316,:2316:2323,--:Cel.D2H.submit
400062347,400064958,2611,0,2611,:Sdd.D2H.submit,2569165,2569198,1,0,2324,2316,:2316:2324,--:Sdd.D2H.submit
400065072,400067795,2723,0,2723,:Mi.D2H.submit,2569165,2569198,1,0,2325,2316,:2316:2325,--:Mi.D2H.submit
400067912,400319673,251761,250861,900,:Cache.freeCacheData,2569165,2569198,1,2,2326,2316,:2316:2326,--:Cache.freeCacheData
400068663,400319266,250603,0,250603,:Cache.stream_sync,2569165,2569198,2,0,2327,2326,:2316:2326:2327,----:Cache.stream_sync
400086757,400483617,396860,335315,61545,:Task.execute,2569165,2569200,0,9,2328,,:2328,:Task.execute
400087530,400088201,671,0,671,:Cache.getCacheData,2569165,2569200,1,0,2329,2328,:2328:2329,--:Cache.getCacheData
400088368,400136493,48125,0,48125,:Frame.H2D.submit_with_staging,2569165,2569200,1,0,2330,2328,:2328:2330,--:Frame.H2D.submit_with_staging
400122356,400122739,383,0,383,:Cache.publish_release,2569165,2569199,2,0,2331,2302,:2292:2302:2331,----:Cache.publish_release
400136688,400140677,3989,0,3989,:Cel.kernels.submit,2569165,2569200,1,0,2332,2328,:2328:2332,--:Cel.kernels.submit
400140790,400143741,2951,0,2951,:Sdd.kernels.submit,2569165,2569200,1,0,2333,2328,:2328:2333,--:Sdd.kernels.submit
400143847,400146640,2793,0,2793,:Mi.kernels.submit,2569165,2569200,1,0,2334,2328,:2328:2334,--:Mi.kernels.submit
400147136,400149705,2569,0,2569,:Cel.D2H.submit,2569165,2569200,1,0,2335,2328,:2328:2335,--:Cel.D2H.submit
400149810,400152153,2343,0,2343,:Sdd.D2H.submit,2569165,2569200,1,0,2336,2328,:2328:2336,--:Sdd.D2H.submit
400152258,400154285,2027,0,2027,:Mi.D2H.submit,2569165,2569200,1,0,2337,2328,:2328:2337,--:Mi.D2H.submit
400154815,400424662,269847,269142,705,:Cache.freeCacheData,2569165,2569200,1,2,2338,2328,:2328:2338,--:Cache.freeCacheData
400155266,400424067,268801,0,268801,:Cache.stream_sync,2569165,2569200,2,0,2339,2338,:2328:2338:2339,----:Cache.stream_sync
400181100,400586479,405379,339970,65409,:Task.execute,2569165,2569199,0,9,2340,,:2340,:Task.execute
400181872,400182116,244,0,244,:Cache.getCacheData,2569165,2569199,1,0,2341,2340,:2340:2341,--:Cache.getCacheData
400182195,400225813,43618,0,43618,:Frame.H2D.submit_with_staging,2569165,2569199,1,0,2342,2340,:2340:2342,--:Frame.H2D.submit_with_staging
400222847,400223034,187,0,187,:Cache.publish_release,2569165,2569201,2,0,2343,2314,:2304:2314:2343,----:Cache.publish_release
400226001,400229853,3852,0,3852,:Cel.kernels.submit,2569165,2569199,1,0,2344,2340,:2340:2344,--:Cel.kernels.submit
400229963,400233226,3263,0,3263,:Sdd.kernels.submit,2569165,2569199,1,0,2345,2340,:2340:2345,--:Sdd.kernels.submit
400233575,400236325,2750,0,2750,:Mi.kernels.submit,2569165,2569199,1,0,2346,2340,:2340:2346,--:Mi.kernels.submit
400236633,400241839,5206,0,5206,:Cel.D2H.submit,2569165,2569199,1,0,2347,2340,:2340:2347,--:Cel.D2H.submit
400242088,400244660,2572,0,2572,:Sdd.D2H.submit,2569165,2569199,1,0,2348,2340,:2340:2348,--:Sdd.D2H.submit
400244759,400246951,2192,0,2192,:Mi.D2H.submit,2569165,2569199,1,0,2349,2340,:2340:2349,--:Mi.D2H.submit
400247055,400523328,276273,275618,655,:Cache.freeCacheData,2569165,2569199,1,2,2350,2340,:2340:2350,--:Cache.freeCacheData
400247534,400522945,275411,0,275411,:Cache.stream_sync,2569165,2569199,2,0,2351,2350,:2340:2350:2351,----:Cache.stream_sync
400277179,400683322,406143,346707,59436,:Task.execute,2569165,2569201,0,9,2352,,:2352,:Task.execute
400277879,400278134,255,0,255,:Cache.getCacheData,2569165,2569201,1,0,2353,2352,:2352:2353,--:Cache.getCacheData
400278228,400322236,44008,0,44008,:Frame.H2D.submit_with_staging,2569165,2569201,1,0,2354,2352,:2352:2354,--:Frame.H2D.submit_with_staging
400319351,400319609,258,0,258,:Cache.publish_release,2569165,2569198,2,0,2355,2326,:2316:2326:2355,----:Cache.publish_release
400322343,400325745,3402,0,3402,:Cel.kernels.submit,2569165,2569201,1,0,2356,2352,:2352:2356,--:Cel.kernels.submit
400325857,400329067,3210,0,3210,:Sdd.kernels.submit,2569165,2569201,1,0,2357,2352,:2352:2357,--:Sdd.kernels.submit
400329191,400332426,3235,0,3235,:Mi.kernels.submit,2569165,2569201,1,0,2358,2352,:2352:2358,--:Mi.kernels.submit
400332779,400335289,2510,0,2510,:Cel.D2H.submit,2569165,2569201,1,0,2359,2352,:2352:2359,--:Cel.D2H.submit
400335477,400337764,2287,0,2287,:Sdd.D2H.submit,2569165,2569201,1,0,2360,2352,:2352:2360,--:Sdd.D2H.submit
400337861,400339975,2114,0,2114,:Mi.D2H.submit,2569165,2569201,1,0,2361,2352,:2352:2361,--:Mi.D2H.submit
400340080,400625766,285686,284996,690,:Cache.freeCacheData,2569165,2569201,1,2,2362,2352,:2352:2362,--:Cache.freeCacheData
400340219,400624558,284339,0,284339,:Cache.stream_sync,2569165,2569201,2,0,2363,2362,:2352:2362:2363,----:Cache.stream_sync
400377593,400770466,392873,338268,54605,:Task.execute,2569165,2569198,0,9,2364,,:2364,:Task.execute
400378346,400378545,199,0,199,:Cache.getCacheData,2569165,2569198,1,0,2365,2364,:2364:2365,--:Cache.getCacheData
400378624,400416844,38220,0,38220,:Frame.H2D.submit_with_staging,2569165,2569198,1,0,2366,2364,:2364:2366,--:Frame.H2D.submit_with_staging
400417014,400420612,3598,0,3598,:Cel.kernels.submit,2569165,2569198,1,0,2367,2364,:2364:2367,--:Cel.kernels.submit
400420720,400423298,2578,0,2578,:Sdd.kernels.submit,2569165,2569198,1,0,2368,2364,:2364:2368,--:Sdd.kernels.submit
400423435,400426285,2850,0,2850,:Mi.kernels.submit,2569165,2569198,1,0,2369,2364,:2364:2369,--:Mi.kernels.submit
400424169,400424510,341,0,341,:Cache.publish_release,2569165,2569200,2,0,2370,2338,:2328:2338:2370,----:Cache.publish_release
400426608,400429568,2960,0,2960,:Cel.D2H.submit,2569165,2569198,1,0,2371,2364,:2364:2371,--:Cel.D2H.submit
400429831,400432164,2333,0,2333,:Sdd.D2H.submit,2569165,2569198,1,0,2372,2364,:2364:2372,--:Sdd.D2H.submit
400432267,400434147,1880,0,1880,:Mi.D2H.submit,2569165,2569198,1,0,2373,2364,:2364:2373,--:Mi.D2H.submit
400434247,400717897,283650,282691,959,:Cache.freeCacheData,2569165,2569198,1,2,2374,2364,:2364:2374,--:Cache.freeCacheData
400434726,400716719,281993,0,281993,:Cache.stream_sync,2569165,2569198,2,0,2375,2374,:2364:2374:2375,----:Cache.stream_sync
400483896,400871193,387297,330167,57130,:Task.execute,2569165,2569200,0,9,2376,,:2376,:Task.execute
400484603,400484935,332,0,332,:Cache.getCacheData,2569165,2569200,1,0,2377,2376,:2376:2377,--:Cache.getCacheData
400485017,400524090,39073,0,39073,:Frame.H2D.submit_with_staging,2569165,2569200,1,0,2378,2376,:2376:2378,--:Frame.H2D.submit_with_staging
400523056,400523263,207,0,207,:Cache.publish_release,2569165,2569199,2,0,2379,2350,:2340:2350:2379,----:Cache.publish_release
400524472,400527908,3436,0,3436,:Cel.kernels.submit,2569165,2569200,1,0,2380,2376,:2376:2380,--:Cel.kernels.submit
400528034,400530751,2717,0,2717,:Sdd.kernels.submit,2569165,2569200,1,0,2381,2376,:2376:2381,--:Sdd.kernels.submit
400530862,400533809,2947,0,2947,:Mi.kernels.submit,2569165,2569200,1,0,2382,2376,:2376:2382,--:Mi.kernels.submit
400533918,400536632,2714,0,2714,:Cel.D2H.submit,2569165,2569200,1,0,2383,2376,:2376:2383,--:Cel.D2H.submit
400537064,400539313,2249,0,2249,:Sdd.D2H.submit,2569165,2569200,1,0,2384,2376,:2376:2384,--:Sdd.D2H.submit
400539412,400541456,2044,0,2044,:Mi.D2H.submit,2569165,2569200,1,0,2385,2376,:2376:2385,--:Mi.D2H.submit
400541559,400816214,274655,274270,385,:Cache.freeCacheData,2569165,2569200,1,2,2386,2376,:2376:2386,--:Cache.freeCacheData
400541766,400815847,274081,0,274081,:Cache.stream_sync,2569165,2569200,2,0,2387,2386,:2376:2386:2387,----:Cache.stream_sync
400586842,400963588,376746,316822,59924,:Task.execute,2569165,2569199,0,9,2388,,:2388,:Task.execute
400587709,400587991,282,0,282,:Cache.getCacheData,2569165,2569199,1,0,2389,2388,:2388:2389,--:Cache.getCacheData
400588072,400632758,44686,0,44686,:Frame.H2D.submit_with_staging,2569165,2569199,1,0,2390,2388,:2388:2390,--:Frame.H2D.submit_with_staging
400624761,400625418,657,0,657,:Cache.publish_release,2569165,2569201,2,0,2391,2362,:2352:2362:2391,----:Cache.publish_release
400632910,400636792,3882,0,3882,:Cel.kernels.submit,2569165,2569199,1,0,2392,2388,:2388:2392,--:Cel.kernels.submit
400636913,400640029,3116,0,3116,:Sdd.kernels.submit,2569165,2569199,1,0,2393,2388,:2388:2393,--:Sdd.kernels.submit
400640136,400643644,3508,0,3508,:Mi.kernels.submit,2569165,2569199,1,0,2394,2388,:2388:2394,--:Mi.kernels.submit
400643753,400646466,2713,0,2713,:Cel.D2H.submit,2569165,2569199,1,0,2395,2388,:2388:2395,--:Cel.D2H.submit
400646739,400648832,2093,0,2093,:Sdd.D2H.submit,2569165,2569199,1,0,2396,2388,:2388:2396,--:Sdd.D2H.submit
400648923,400650935,2012,0,2012,:Mi.D2H.submit,2569165,2569199,1,0,2397,2388,:2388:2397,--:Mi.D2H.submit
400651072,400905602,254530,254177,353,:Cache.freeCacheData,2569165,2569199,1,2,2398,2388,:2388:2398,--:Cache.freeCacheData
400651170,400904964,253794,0,253794,:Cache.stream_sync,2569165,2569199,2,0,2399,2398,:2388:2398:2399,----:Cache.stream_sync
400683630,401066975,383345,326241,57104,:Task.execute,2569165,2569201,0,9,2400,,:2400,:Task.execute
400684648,400685058,410,0,410,:Cache.getCacheData,2569165,2569201,1,0,2401,2400,:2400:2401,--:Cache.getCacheData
400685254,400730286,45032,0,45032,:Frame.H2D.submit_with_staging,2569165,2569201,1,0,2402,2400,:2400:2402,--:Frame.H2D.submit_with_staging
400716931,400717629,698,0,698,:Cache.publish_release,2569165,2569198,2,0,2403,2374,:2364:2374:2403,----:Cache.publish_release
400730544,400734798,4254,0,4254,:Cel.kernels.submit,2569165,2569201,1,0,2404,2400,:2400:2404,--:Cel.kernels.submit
400734952,400737883,2931,0,2931,:Sdd.kernels.submit,2569165,2569201,1,0,2405,2400,:2400:2405,--:Sdd.kernels.submit
400738065,400740743,2678,0,2678,:Mi.kernels.submit,2569165,2569201,1,0,2406,2400,:2400:2406,--:Mi.kernels.submit
400740852,400743679,2827,0,2827,:Cel.D2H.submit,2569165,2569201,1,0,2407,2400,:2400:2407,--:Cel.D2H.submit
400743780,400745852,2072,0,2072,:Sdd.D2H.submit,2569165,2569201,1,0,2408,2400,:2400:2408,--:Sdd.D2H.submit
400745974,400747897,1923,0,1923,:Mi.D2H.submit,2569165,2569201,1,0,2409,2400,:2400:2409,--:Mi.D2H.submit
400748003,401012117,264114,263254,860,:Cache.freeCacheData,2569165,2569201,1,2,2410,2400,:2400:2410,--:Cache.freeCacheData
400748375,401011305,262930,0,262930,:Cache.stream_sync,2569165,2569201,2,0,2411,2410,:2400:2410:2411,----:Cache.stream_sync
400770912,401148494,377582,323393,54189,:Task.execute,2569165,2569198,0,9,2412,,:2412,:Task.execute
400771614,400771910,296,0,296,:Cache.getCacheData,2569165,2569198,1,0,2413,2412,:2412:2413,--:Cache.getCacheData
400772601,400816418,43817,0,43817,:Frame.H2D.submit_with_staging,2569165,2569198,1,0,2414,2412,:2412:2414,--:Frame.H2D.submit_with_staging
400815939,400816128,189,0,189,:Cache.publish_release,2569165,2569200,2,0,2415,2386,:2376:2386:2415,----:Cache.publish_release
400816517,400820263,3746,0,3746,:Cel.kernels.submit,2569165,2569198,1,0,2416,2412,:2412:2416,--:Cel.kernels.submit
400820372,400822886,2514,0,2514,:Sdd.kernels.submit,2569165,2569198,1,0,2417,2412,:2412:2417,--:Sdd.kernels.submit
400823274,400825989,2715,0,2715,:Mi.kernels.submit,2569165,2569198,1,0,2418,2412,:2412:2418,--:Mi.kernels.submit
400826095,400828414,2319,0,2319,:Cel.D2H.submit,2569165,2569198,1,0,2419,2412,:2412:2419,--:Cel.D2H.submit
400828520,400830904,2384,0,2384,:Sdd.D2H.submit,2569165,2569198,1,0,2420,2412,:2412:2420,--:Sdd.D2H.submit
400831008,400832809,1801,0,1801,:Mi.D2H.submit,2569165,2569198,1,0,2421,2412,:2412:2421,--:Mi.D2H.submit
400832909,401096710,263801,262782,1019,:Cache.freeCacheData,2569165,2569198,1,2,2422,2412,:2412:2422,--:Cache.freeCacheData
400833682,401096098,262416,0,262416,:Cache.stream_sync,2569165,2569198,2,0,2423,2422,:2412:2422:2423,----:Cache.stream_sync
400871573,401252700,381127,321840,59287,:Task.execute,2569165,2569200,0,9,2424,,:2424,:Task.execute
400872310,400872630,320,0,320,:Cache.getCacheData,2569165,2569200,1,0,2425,2424,:2424:2425,--:Cache.getCacheData
400872728,400916180,43452,0,43452,:Frame.H2D.submit_with_staging,2569165,2569200,1,0,2426,2424,:2424:2426,--:Frame.H2D.submit_with_staging
400905046,400905429,383,0,383,:Cache.publish_release,2569165,2569199,2,0,2427,2398,:2388:2398:2427,----:Cache.publish_release
400916295,400920298,4003,0,4003,:Cel.kernels.submit,2569165,2569200,1,0,2428,2424,:2424:2428,--:Cel.kernels.submit
400920436,400923483,3047,0,3047,:Sdd.kernels.submit,2569165,2569200,1,0,2429,2424,:2424:2429,--:Sdd.kernels.submit
400924272,400931975,7703,0,7703,:Mi.kernels.submit,2569165,2569200,1,0,2430,2424,:2424:2430,--:Mi.kernels.submit
400932215,400935410,3195,0,3195,:Cel.D2H.submit,2569165,2569200,1,0,2431,2424,:2424:2431,--:Cel.D2H.submit
400935670,400938071,2401,0,2401,:Sdd.D2H.submit,2569165,2569200,1,0,2432,2424,:2424:2432,--:Sdd.D2H.submit
400938214,400940806,2592,0,2592,:Mi.D2H.submit,2569165,2569200,1,0,2433,2424,:2424:2433,--:Mi.D2H.submit
400940942,401196069,255127,254686,441,:Cache.freeCacheData,2569165,2569200,1,2,2434,2424,:2424:2434,--:Cache.freeCacheData
400941216,401195606,254390,0,254390,:Cache.stream_sync,2569165,2569200,2,0,2435,2434,:2424:2434:2435,----:Cache.stream_sync
400963941,401340122,376181,317962,58219,:Task.execute,2569165,2569199,0,9,2436,,:2436,:Task.execute
400964601,400964884,283,0,283,:Cache.getCacheData,2569165,2569199,1,0,2437,2436,:2436:2437,--:Cache.getCacheData
400965126,401003647,38521,0,38521,:Frame.H2D.submit_with_staging,2569165,2569199,1,0,2438,2436,:2436:2438,--:Frame.H2D.submit_with_staging
401003810,401007433,3623,0,3623,:Cel.kernels.submit,2569165,2569199,1,0,2439,2436,:2436:2439,--:Cel.kernels.submit
401007587,401010329,2742,0,2742,:Sdd.kernels.submit,2569165,2569199,1,0,2440,2436,:2436:2440,--:Sdd.kernels.submit
401010838,401013701,2863,0,2863,:Mi.kernels.submit,2569165,2569199,1,0,2441,2436,:2436:2441,--:Mi.kernels.submit
401011661,401011985,324,0,324,:Cache.publish_release,2569165,2569201,2,0,2442,2410,:2400:2410:2442,----:Cache.publish_release
401013907,401016933,3026,0,3026,:Cel.D2H.submit,2569165,2569199,1,0,2443,2436,:2436:2443,--:Cel.D2H.submit
401017169,401019377,2208,0,2208,:Sdd.D2H.submit,2569165,2569199,1,0,2444,2436,:2436:2444,--:Sdd.D2H.submit
401019530,401021800,2270,0,2270,:Mi.D2H.submit,2569165,2569199,1,0,2445,2436,:2436:2445,--:Mi.D2H.submit
401022089,401284515,262426,261967,459,:Cache.freeCacheData,2569165,2569199,1,2,2446,2436,:2436:2446,--:Cache.freeCacheData
401022400,401284004,261604,0,261604,:Cache.stream_sync,2569165,2569199,2,0,2447,2446,:2436:2446:2447,----:Cache.stream_sync
401067352,401443458,376106,321539,54567,:Task.execute,2569165,2569201,0,9,2448,,:2448,:Task.execute
401068093,401068455,362,0,362,:Cache.getCacheData,2569165,2569201,1,0,2449,2448,:2448:2449,--:Cache.getCacheData
401068638,401106494,37856,0,37856,:Frame.H2D.submit_with_staging,2569165,2569201,1,0,2450,2448,:2448:2450,--:Frame.H2D.submit_with_staging
401096197,401096563,366,0,366,:Cache.publish_release,2569165,2569198,2,0,2451,2422,:2412:2422:2451,----:Cache.publish_release
401106864,401110680,3816,0,3816,:Cel.kernels.submit,2569165,2569201,1,0,2452,2448,:2448:2452,--:Cel.kernels.submit
401110787,401113535,2748,0,2748,:Sdd.kernels.submit,2569165,2569201,1,0,2453,2448,:2448:2453,--:Sdd.kernels.submit
401113812,401116592,2780,0,2780,:Mi.kernels.submit,2569165,2569201,1,0,2454,2448,:2448:2454,--:Mi.kernels.submit
401116701,401119429,2728,0,2728,:Cel.D2H.submit,2569165,2569201,1,0,2455,2448,:2448:2455,--:Cel.D2H.submit
401119543,401121799,2256,0,2256,:Sdd.D2H.submit,2569165,2569201,1,0,2456,2448,:2448:2456,--:Sdd.D2H.submit
401121893,401124036,2143,0,2143,:Mi.D2H.submit,2569165,2569201,1,0,2457,2448,:2448:2457,--:Mi.D2H.submit
401124136,401390986,266850,266004,846,:Cache.freeCacheData,2569165,2569201,1,2,2458,2448,:2448:2458,--:Cache.freeCacheData
401124607,401390387,265780,0,265780,:Cache.stream_sync,2569165,2569201,2,0,2459,2458,:2448:2458:2459,----:Cache.stream_sync
401148842,401534267,385425,329268,56157,:Task.execute,2569165,2569198,0,9,2460,,:2460,:Task.execute
401149455,401149743,288,0,288,:Cache.getCacheData,2569165,2569198,1,0,2461,2460,:2460:2461,--:Cache.getCacheData
401149825,401195120,45295,0,45295,:Frame.H2D.submit_with_staging,2569165,2569198,1,0,2462,2460,:2460:2462,--:Frame.H2D.submit_with_staging
401195338,401199192,3854,0,3854,:Cel.kernels.submit,2569165,2569198,1,0,2463,2460,:2460:2463,--:Cel.kernels.submit
401195703,401195999,296,0,296,:Cache.publish_release,2569165,2569200,2,0,2464,2434,:2424:2434:2464,----:Cache.publish_release
401199325,401201834,2509,0,2509,:Sdd.kernels.submit,2569165,2569198,1,0,2465,2460,:2460:2465,--:Sdd.kernels.submit
401202129,401204942,2813,0,2813,:Mi.kernels.submit,2569165,2569198,1,0,2466,2460,:2460:2466,--:Mi.kernels.submit
401205791,401208381,2590,0,2590,:Cel.D2H.submit,2569165,2569198,1,0,2467,2460,:2460:2467,--:Cel.D2H.submit
401208621,401210826,2205,0,2205,:Sdd.D2H.submit,2569165,2569198,1,0,2468,2460,:2460:2468,--:Sdd.D2H.submit
401210927,401213049,2122,0,2122,:Mi.D2H.submit,2569165,2569198,1,0,2469,2460,:2460:2469,--:Mi.D2H.submit
401213145,401480737,267592,266933,659,:Cache.freeCacheData,2569165,2569198,1,2,2470,2460,:2460:2470,--:Cache.freeCacheData
401213626,401480323,266697,0,266697,:Cache.stream_sync,2569165,2569198,2,0,2471,2470,:2460:2470:2471,----:Cache.stream_sync
401253064,401630737,377673,318763,58910,:Task.execute,2569165,2569200,0,9,2472,,:2472,:Task.execute
401253727,401254013,286,0,286,:Cache.getCacheData,2569165,2569200,1,0,2473,2472,:2472:2473,--:Cache.getCacheData
401254192,401292738,38546,0,38546,:Frame.H2D.submit_with_staging,2569165,2569200,1,0,2474,2472,:2472:2474,--:Frame.H2D.submit_with_staging
401284090,401284453,363,0,363,:Cache.publish_release,2569165,2569199,2,0,2475,2446,:2436:2446:2475,----:Cache.publish_release
401292848,401296808,3960,0,3960,:Cel.kernels.submit,2569165,2569200,1,0,2476,2472,:2472:2476,--:Cel.kernels.submit
401296974,401300495,3521,0,3521,:Sdd.kernels.submit,2569165,2569200,1,0,2477,2472,:2472:2477,--:Sdd.kernels.submit
401300599,401303466,2867,0,2867,:Mi.kernels.submit,2569165,2569200,1,0,2478,2472,:2472:2478,--:Mi.kernels.submit
401303571,401306539,2968,0,2968,:Cel.D2H.submit,2569165,2569200,1,0,2479,2472,:2472:2479,--:Cel.D2H.submit
401306703,401309415,2712,0,2712,:Sdd.D2H.submit,2569165,2569200,1,0,2480,2472,:2472:2480,--:Sdd.D2H.submit
401309562,401311704,2142,0,2142,:Mi.D2H.submit,2569165,2569200,1,0,2481,2472,:2472:2481,--:Mi.D2H.submit
401311826,401573587,261761,261130,631,:Cache.freeCacheData,2569165,2569200,1,2,2482,2472,:2472:2482,--:Cache.freeCacheData
401312282,401572931,260649,0,260649,:Cache.stream_sync,2569165,2569200,2,0,2483,2482,:2472:2482:2483,----:Cache.stream_sync
401340427,401724427,384000,320411,63589,:Task.execute,2569165,2569199,0,9,2484,,:2484,:Task.execute
401341201,401341506,305,0,305,:Cache.getCacheData,2569165,2569199,1,0,2485,2484,:2484:2485,--:Cache.getCacheData
401341653,401381030,39377,0,39377,:Frame.H2D.submit_with_staging,2569165,2569199,1,0,2486,2484,:2484:2486,--:Frame.H2D.submit_with_staging
401381210,401385178,3968,0,3968,:Cel.kernels.submit,2569165,2569199,1,0,2487,2484,:2484:2487,--:Cel.kernels.submit
401385316,401388157,2841,0,2841,:Sdd.kernels.submit,2569165,2569199,1,0,2488,2484,:2484:2488,--:Sdd.kernels.submit
401388286,401391155,2869,0,2869,:Mi.kernels.submit,2569165,2569199,1,0,2489,2484,:2484:2489,--:Mi.kernels.submit
401390494,401390718,224,0,224,:Cache.publish_release,2569165,2569201,2,0,2490,2458,:2448:2458:2490,----:Cache.publish_release
401391281,401393995,2714,0,2714,:Cel.D2H.submit,2569165,2569199,1,0,2491,2484,:2484:2491,--:Cel.D2H.submit
401394166,401396494,2328,0,2328,:Sdd.D2H.submit,2569165,2569199,1,0,2492,2484,:2484:2492,--:Sdd.D2H.submit
401396588,401398987,2399,0,2399,:Mi.D2H.submit,2569165,2569199,1,0,2493,2484,:2484:2493,--:Mi.D2H.submit
401399249,401662859,263610,263094,516,:Cache.freeCacheData,2569165,2569199,1,2,2494,2484,:2484:2494,--:Cache.freeCacheData
401399517,401662439,262922,0,262922,:Cache.stream_sync,2569165,2569199,2,0,2495,2494,:2484:2494:2495,----:Cache.stream_sync
401443860,401823110,379250,318802,60448,:Task.execute,2569165,2569201,0,9,2496,,:2496,:Task.execute
401444406,401444773,367,0,367,:Cache.getCacheData,2569165,2569201,1,0,2497,2496,:2496:2497,--:Cache.getCacheData
401444907,401480941,36034,0,36034,:Frame.H2D.submit_with_staging,2569165,2569201,1,0,2498,2496,:2496:2498,--:Frame.H2D.submit_with_staging
401480434,401480670,236,0,236,:Cache.publish_release,2569165,2569198,2,0,2499,2470,:2460:2470:2499,----:Cache.publish_release
401481048,401484499,3451,0,3451,:Cel.kernels.submit,2569165,2569201,1,0,2500,2496,:2496:2500,--:Cel.kernels.submit
401484603,401487654,3051,0,3051,:Sdd.kernels.submit,2569165,2569201,1,0,2501,2496,:2496:2501,--:Sdd.kernels.submit
401487769,401490710,2941,0,2941,:Mi.kernels.submit,2569165,2569201,1,0,2502,2496,:2496:2502,--:Mi.kernels.submit
401490951,401493502,2551,0,2551,:Cel.D2H.submit,2569165,2569201,1,0,2503,2496,:2496:2503,--:Cel.D2H.submit
401493707,401496068,2361,0,2361,:Sdd.D2H.submit,2569165,2569201,1,0,2504,2496,:2496:2504,--:Sdd.D2H.submit
401496190,401498098,1908,0,1908,:Mi.D2H.submit,2569165,2569201,1,0,2505,2496,:2496:2505,--:Mi.D2H.submit
401498198,401764336,266138,265891,247,:Cache.freeCacheData,2569165,2569201,1,2,2506,2496,:2496:2506,--:Cache.freeCacheData
401498296,401763877,265581,0,265581,:Cache.stream_sync,2569165,2569201,2,0,2507,2506,:2496:2506:2507,----:Cache.stream_sync
401534637,401927561,392924,329818,63106,:Task.execute,2569165,2569198,0,9,2508,,:2508,:Task.execute
401535424,401535744,320,0,320,:Cache.getCacheData,2569165,2569198,1,0,2509,2508,:2508:2509,--:Cache.getCacheData
401535826,401577838,42012,0,42012,:Frame.H2D.submit_with_staging,2569165,2569198,1,0,2510,2508,:2508:2510,--:Frame.H2D.submit_with_staging
401573014,401573495,481,0,481,:Cache.publish_release,2569165,2569200,2,0,2511,2482,:2472:2482:2511,----:Cache.publish_release
401577981,401581371,3390,0,3390,:Cel.kernels.submit,2569165,2569198,1,0,2512,2508,:2508:2512,--:Cel.kernels.submit
401581487,401584026,2539,0,2539,:Sdd.kernels.submit,2569165,2569198,1,0,2513,2508,:2508:2513,--:Sdd.kernels.submit
401584137,401587218,3081,0,3081,:Mi.kernels.submit,2569165,2569198,1,0,2514,2508,:2508:2514,--:Mi.kernels.submit
401587662,401590564,2902,0,2902,:Cel.D2H.submit,2569165,2569198,1,0,2515,2508,:2508:2515,--:Cel.D2H.submit
401590706,401592874,2168,0,2168,:Sdd.D2H.submit,2569165,2569198,1,0,2516,2508,:2508:2516,--:Sdd.D2H.submit
401592972,401595217,2245,0,2245,:Mi.D2H.submit,2569165,2569198,1,0,2517,2508,:2508:2517,--:Mi.D2H.submit
401595318,401866479,271161,270832,329,:Cache.freeCacheData,2569165,2569198,1,2,2518,2508,:2508:2518,--:Cache.freeCacheData
401595497,401866075,270578,0,270578,:Cache.stream_sync,2569165,2569198,2,0,2519,2518,:2508:2518:2519,----:Cache.stream_sync
401631227,402028574,397347,338012,59335,:Task.execute,2569165,2569200,0,9,2520,,:2520,:Task.execute
401632028,401632281,253,0,253,:Cache.getCacheData,2569165,2569200,1,0,2521,2520,:2520:2521,--:Cache.getCacheData
401632362,401675851,43489,0,43489,:Frame.H2D.submit_with_staging,2569165,2569200,1,0,2522,2520,:2520:2522,--:Frame.H2D.submit_with_staging
401662551,401662723,172,0,172,:Cache.publish_release,2569165,2569199,2,0,2523,2494,:2484:2494:2523,----:Cache.publish_release
401675963,401679262,3299,0,3299,:Cel.kernels.submit,2569165,2569200,1,0,2524,2520,:2520:2524,--:Cel.kernels.submit
401679380,401682090,2710,0,2710,:Sdd.kernels.submit,2569165,2569200,1,0,2525,2520,:2520:2525,--:Sdd.kernels.submit
401682195,401685268,3073,0,3073,:Mi.kernels.submit,2569165,2569200,1,0,2526,2520,:2520:2526,--:Mi.kernels.submit
401685378,401687918,2540,0,2540,:Cel.D2H.submit,2569165,2569200,1,0,2527,2520,:2520:2527,--:Cel.D2H.submit
401688163,401690549,2386,0,2386,:Sdd.D2H.submit,2569165,2569200,1,0,2528,2520,:2520:2528,--:Sdd.D2H.submit
401690651,401692749,2098,0,2098,:Mi.D2H.submit,2569165,2569200,1,0,2529,2520,:2520:2529,--:Mi.D2H.submit
401692852,401971016,278164,277907,257,:Cache.freeCacheData,2569165,2569200,1,2,2530,2520,:2520:2530,--:Cache.freeCacheData
401692956,401970648,277692,0,277692,:Cache.stream_sync,2569165,2569200,2,0,2531,2530,:2520:2530:2531,----:Cache.stream_sync
401725290,402136109,410819,339157,71662,:Task.execute,2569165,2569199,0,9,2532,,:2532,:Task.execute
401726380,401726823,443,0,443,:Cache.getCacheData,2569165,2569199,1,0,2533,2532,:2532:2533,--:Cache.getCacheData
401726904,401779664,52760,0,52760,:Frame.H2D.submit_with_staging,2569165,2569199,1,0,2534,2532,:2532:2534,--:Frame.H2D.submit_with_staging
401763960,401764270,310,0,310,:Cache.publish_release,2569165,2569201,2,0,2535,2506,:2496:2506:2535,----:Cache.publish_release
401780038,401784116,4078,0,4078,:Cel.kernels.submit,2569165,2569199,1,0,2536,2532,:2532:2536,--:Cel.kernels.submit
401784265,401787372,3107,0,3107,:Sdd.kernels.submit,2569165,2569199,1,0,2537,2532,:2532:2537,--:Sdd.kernels.submit
401787503,401790885,3382,0,3382,:Mi.kernels.submit,2569165,2569199,1,0,2538,2532,:2532:2538,--:Mi.kernels.submit
401791110,401794051,2941,0,2941,:Cel.D2H.submit,2569165,2569199,1,0,2539,2532,:2532:2539,--:Cel.D2H.submit
401794165,401796547,2382,0,2382,:Sdd.D2H.submit,2569165,2569199,1,0,2540,2532,:2532:2540,--:Sdd.D2H.submit
401796687,401798872,2185,0,2185,:Mi.D2H.submit,2569165,2569199,1,0,2541,2532,:2532:2541,--:Mi.D2H.submit
401799016,402066895,267879,267282,597,:Cache.freeCacheData,2569165,2569199,1,2,2542,2532,:2532:2542,--:Cache.freeCacheData
401799279,402066137,266858,0,266858,:Cache.stream_sync,2569165,2569199,2,0,2543,2542,:2532:2542:2543,----:Cache.stream_sync
401823806,402212695,388889,332460,56429,:Task.execute,2569165,2569201,0,9,2544,,:2544,:Task.execute
401824503,401824801,298,0,298,:Cache.getCacheData,2569165,2569201,1,0,2545,2544,:2544:2545,--:Cache.getCacheData
401824952,401872955,48003,0,48003,:Frame.H2D.submit_with_staging,2569165,2569201,1,0,2546,2544,:2544:2546,--:Frame.H2D.submit_with_staging
401866162,401866416,254,0,254,:Cache.publish_release,2569165,2569198,2,0,2547,2518,:2508:2518:2547,----:Cache.publish_release
401873127,401876712,3585,0,3585,:Cel.kernels.submit,2569165,2569201,1,0,2548,2544,:2544:2548,--:Cel.kernels.submit
401879854,401882783,2929,0,2929,:Sdd.kernels.submit,2569165,2569201,1,0,2549,2544,:2544:2549,--:Sdd.kernels.submit
401883007,401885881,2874,0,2874,:Mi.kernels.submit,2569165,2569201,1,0,2550,2544,:2544:2550,--:Mi.kernels.submit
401886185,401888848,2663,0,2663,:Cel.D2H.submit,2569165,2569201,1,0,2551,2544,:2544:2551,--:Cel.D2H.submit
401888954,401890865,1911,0,1911,:Sdd.D2H.submit,2569165,2569201,1,0,2552,2544,:2544:2552,--:Sdd.D2H.submit
401890957,401892844,1887,0,1887,:Mi.D2H.submit,2569165,2569201,1,0,2553,2544,:2544:2553,--:Mi.D2H.submit
401892947,402161257,268310,267322,988,:Cache.freeCacheData,2569165,2569201,1,2,2554,2544,:2544:2554,--:Cache.freeCacheData
401893716,402160687,266971,0,266971,:Cache.stream_sync,2569165,2569201,2,0,2555,2554,:2544:2554:2555,----:Cache.stream_sync
401928108,402313017,384909,325959,58950,:Task.execute,2569165,2569198,0,9,2556,,:2556,:Task.execute
401929658,401930396,738,0,738,:Cache.getCacheData,2569165,2569198,1,0,2557,2556,:2556:2557,--:Cache.getCacheData
401930679,401975605,44926,0,44926,:Frame.H2D.submit_with_staging,2569165,2569198,1,0,2558,2556,:2556:2558,--:Frame.H2D.submit_with_staging
401970733,401970948,215,0,215,:Cache.publish_release,2569165,2569200,2,0,2559,2530,:2520:2530:2559,----:Cache.publish_release
401975833,401980749,4916,0,4916,:Cel.kernels.submit,2569165,2569198,1,0,2560,2556,:2556:2560,--:Cel.kernels.submit
401982695,401985522,2827,0,2827,:Sdd.kernels.submit,2569165,2569198,1,0,2561,2556,:2556:2561,--:Sdd.kernels.submit
401985896,401990788,4892,0,4892,:Mi.kernels.submit,2569165,2569198,1,0,2562,2556,:2556:2562,--:Mi.kernels.submit
401991079,401993840,2761,0,2761,:Cel.D2H.submit,2569165,2569198,1,0,2563,2556,:2556:2563,--:Cel.D2H.submit
401993950,401996117,2167,0,2167,:Sdd.D2H.submit,2569165,2569198,1,0,2564,2556,:2556:2564,--:Sdd.D2H.submit
401996217,401997958,1741,0,1741,:Mi.D2H.submit,2569165,2569198,1,0,2565,2556,:2556:2565,--:Mi.D2H.submit
401998082,402259073,260991,260471,520,:Cache.freeCacheData,2569165,2569198,1,2,2566,2556,:2556:2566,--:Cache.freeCacheData
401998336,402258469,260133,0,260133,:Cache.stream_sync,2569165,2569198,2,0,2567,2566,:2556:2566:2567,----:Cache.stream_sync
402028924,402402422,373498,318714,54784,:Task.execute,2569165,2569200,0,9,2568,,:2568,:Task.execute
402029689,402029930,241,0,241,:Cache.getCacheData,2569165,2569200,1,0,2569,2568,:2568:2569,--:Cache.getCacheData
402030056,402078214,48158,0,48158,:Frame.H2D.submit_with_staging,2569165,2569200,1,0,2570,2568,:2568:2570,--:Frame.H2D.submit_with_staging
402066345,402066769,424,0,424,:Cache.publish_release,2569165,2569199,2,0,2571,2542,:2532:2542:2571,----:Cache.publish_release
402078320,402084677,6357,0,6357,:Cel.kernels.submit,2569165,2569200,1,0,2572,2568,:2568:2572,--:Cel.kernels.submit
402084805,402092610,7805,0,7805,:Sdd.kernels.submit,2569165,2569200,1,0,2573,2568,:2568:2573,--:Sdd.kernels.submit
402092840,402096169,3329,0,3329,:Mi.kernels.submit,2569165,2569200,1,0,2574,2568,:2568:2574,--:Mi.kernels.submit
402096415,402098965,2550,0,2550,:Cel.D2H.submit,2569165,2569200,1,0,2575,2568,:2568:2575,--:Cel.D2H.submit
402099082,402101228,2146,0,2146,:Sdd.D2H.submit,2569165,2569200,1,0,2576,2568,:2568:2576,--:Sdd.D2H.submit
402101330,402103350,2020,0,2020,:Mi.D2H.submit,2569165,2569200,1,0,2577,2568,:2568:2577,--:Mi.D2H.submit
402103478,402349586,246108,245752,356,:Cache.freeCacheData,2569165,2569200,1,2,2578,2568,:2568:2578,--:Cache.freeCacheData
402103607,402349056,245449,0,245449,:Cache.stream_sync,2569165,2569200,2,0,2579,2578,:2568:2578:2579,----:Cache.stream_sync
402136557,402500593,364036,302841,61195,:Task.execute,2569165,2569199,0,9,2580,,:2580,:Task.execute
402137630,402138208,578,0,578,:Cache.getCacheData,2569165,2569199,1,0,2581,2580,:2580:2581,--:Cache.getCacheData
402138430,402178868,40438,0,40438,:Frame.H2D.submit_with_staging,2569165,2569199,1,0,2582,2580,:2580:2582,--:Frame.H2D.submit_with_staging
402160771,402161122,351,0,351,:Cache.publish_release,2569165,2569201,2,0,2583,2554,:2544:2554:2583,----:Cache.publish_release
402178984,402183524,4540,0,4540,:Cel.kernels.submit,2569165,2569199,1,0,2584,2580,:2580:2584,--:Cel.kernels.submit
402186269,402189373,3104,0,3104,:Sdd.kernels.submit,2569165,2569199,1,0,2585,2580,:2580:2585,--:Sdd.kernels.submit
402189650,402192644,2994,0,2994,:Mi.kernels.submit,2569165,2569199,1,0,2586,2580,:2580:2586,--:Mi.kernels.submit
402192819,402195300,2481,0,2481,:Cel.D2H.submit,2569165,2569199,1,0,2587,2580,:2580:2587,--:Cel.D2H.submit
402195408,402197314,1906,0,1906,:Sdd.D2H.submit,2569165,2569199,1,0,2588,2580,:2580:2588,--:Sdd.D2H.submit
402197408,402199291,1883,0,1883,:Mi.D2H.submit,2569165,2569199,1,0,2589,2580,:2580:2589,--:Mi.D2H.submit
402199388,402444305,244917,244448,469,:Cache.freeCacheData,2569165,2569199,1,2,2590,2580,:2580:2590,--:Cache.freeCacheData
402199623,402443838,244215,0,244215,:Cache.stream_sync,2569165,2569199,2,0,2591,2590,:2580:2590:2591,----:Cache.stream_sync
402213190,402593201,380011,324820,55191,:Task.execute,2569165,2569201,0,9,2592,,:2592,:Task.execute
402213745,402214203,458,0,458,:Cache.getCacheData,2569165,2569201,1,0,2593,2592,:2592:2593,--:Cache.getCacheData
402214366,402259832,45466,0,45466,:Frame.H2D.submit_with_staging,2569165,2569201,1,0,2594,2592,:2592:2594,--:Frame.H2D.submit_with_staging
402258558,402258896,338,0,338,:Cache.publish_release,2569165,2569198,2,0,2595,2566,:2556:2566:2595,----:Cache.publish_release
402260073,402263976,3903,0,3903,:Cel.kernels.submit,2569165,2569201,1,0,2596,2592,:2592:2596,--:Cel.kernels.submit
402264090,402267092,3002,0,3002,:Sdd.kernels.submit,2569165,2569201,1,0,2597,2592,:2592:2597,--:Sdd.kernels.submit
402267311,402270147,2836,0,2836,:Mi.kernels.submit,2569165,2569201,1,0,2598,2592,:2592:2598,--:Mi.kernels.submit
402270619,402273204,2585,0,2585,:Cel.D2H.submit,2569165,2569201,1,0,2599,2592,:2592:2599,--:Cel.D2H.submit
402273300,402275711,2411,0,2411,:Sdd.D2H.submit,2569165,2569201,1,0,2600,2592,:2592:2600,--:Sdd.D2H.submit
402275808,402277869,2061,0,2061,:Mi.D2H.submit,2569165,2569201,1,0,2601,2592,:2592:2601,--:Mi.D2H.submit
402277971,402540069,262098,261704,394,:Cache.freeCacheData,2569165,2569201,1,2,2602,2592,:2592:2602,--:Cache.freeCacheData
402278217,402539572,261355,0,261355,:Cache.stream_sync,2569165,2569201,2,0,2603,2602,:2592:2602:2603,----:Cache.stream_sync
402313393,402657173,343780,305996,37784,:Task.execute,2569165,2569198,0,9,2604,,:2604,:Task.execute
402313979,402314558,579,0,579,:Cache.getCacheData,2569165,2569198,1,0,2605,2604,:2604:2605,--:Cache.getCacheData
402314994,402353980,38986,0,38986,:Frame.H2D.submit_with_staging,2569165,2569198,1,0,2606,2604,:2604:2606,--:Frame.H2D.submit_with_staging
402349201,402349504,303,0,303,:Cache.publish_release,2569165,2569200,2,0,2607,2578,:2568:2578:2607,----:Cache.publish_release
402354084,402358278,4194,0,4194,:Cel.kernels.submit,2569165,2569198,1,0,2608,2604,:2604:2608,--:Cel.kernels.submit
402358382,402360974,2592,0,2592,:Sdd.kernels.submit,2569165,2569198,1,0,2609,2604,:2604:2609,--:Sdd.kernels.submit
402361206,402364067,2861,0,2861,:Mi.kernels.submit,2569165,2569198,1,0,2610,2604,:2604:2610,--:Mi.kernels.submit
402364188,402366629,2441,0,2441,:Cel.D2H.submit,2569165,2569198,1,0,2611,2604,:2604:2611,--:Cel.D2H.submit
402366732,402369560,2828,0,2828,:Sdd.D2H.submit,2569165,2569198,1,0,2612,2604,:2604:2612,--:Sdd.D2H.submit
402369660,402372190,2530,0,2530,:Mi.D2H.submit,2569165,2569198,1,0,2613,2604,:2604:2613,--:Mi.D2H.submit
402372516,402621501,248985,248650,335,:Cache.freeCacheData,2569165,2569198,1,2,2614,2604,:2604:2614,--:Cache.freeCacheData
402372704,402621135,248431,0,248431,:Cache.stream_sync,2569165,2569198,2,0,2615,2614,:2604:2614:2615,----:Cache.stream_sync
402402730,402714473,311743,274833,36910,:Task.execute,2569165,2569200,0,9,2616,,:2616,:Task.execute
402403307,402403573,266,0,266,:Cache.getCacheData,2569165,2569200,1,0,2617,2616,:2616:2617,--:Cache.getCacheData
402403736,402444706,40970,0,40970,:Frame.H2D.submit_with_staging,2569165,2569200,1,0,2618,2616,:2616:2618,--:Frame.H2D.submit_with_staging
402443950,402444183,233,0,233,:Cache.publish_release,2569165,2569199,2,0,2619,2590,:2580:2590:2619,----:Cache.publish_release
402445001,402448704,3703,0,3703,:Cel.kernels.submit,2569165,2569200,1,0,2620,2616,:2616:2620,--:Cel.kernels.submit
402448832,402451460,2628,0,2628,:Sdd.kernels.submit,2569165,2569200,1,0,2621,2616,:2616:2621,--:Sdd.kernels.submit
402451983,402454877,2894,0,2894,:Mi.kernels.submit,2569165,2569200,1,0,2622,2616,:2616:2622,--:Mi.kernels.submit
402454987,402457611,2624,0,2624,:Cel.D2H.submit,2569165,2569200,1,0,2623,2616,:2616:2623,--:Cel.D2H.submit
402457914,402460095,2181,0,2181,:Sdd.D2H.submit,2569165,2569200,1,0,2624,2616,:2616:2624,--:Sdd.D2H.submit
402460264,402463139,2875,0,2875,:Mi.D2H.submit,2569165,2569200,1,0,2625,2616,:2616:2625,--:Mi.D2H.submit
402463319,402680011,216692,216065,627,:Cache.freeCacheData,2569165,2569200,1,2,2626,2616,:2616:2626,--:Cache.freeCacheData
402463765,402679566,215801,0,215801,:Cache.stream_sync,2569165,2569200,2,0,2627,2626,:2616:2626:2627,----:Cache.stream_sync
402500901,402788681,287780,250652,37128,:Task.execute,2569165,2569199,0,9,2628,,:2628,:Task.execute
402501507,402501780,273,0,273,:Cache.getCacheData,2569165,2569199,1,0,2629,2628,:2628:2629,--:Cache.getCacheData
402501939,402537959,36020,0,36020,:Frame.H2D.submit_with_staging,2569165,2569199,1,0,2630,2628,:2628:2630,--:Frame.H2D.submit_with_staging
402538124,402542039,3915,0,3915,:Cel.kernels.submit,2569165,2569199,1,0,2631,2628,:2628:2631,--:Cel.kernels.submit
402539654,402540003,349,0,349,:Cache.publish_release,2569165,2569201,2,0,2632,2602,:2592:2602:2632,----:Cache.publish_release
402542180,402545314,3134,0,3134,:Sdd.kernels.submit,2569165,2569199,1,0,2633,2628,:2628:2633,--:Sdd.kernels.submit
402545760,402549169,3409,0,3409,:Mi.kernels.submit,2569165,2569199,1,0,2634,2628,:2628:2634,--:Mi.kernels.submit
402549787,402553904,4117,0,4117,:Cel.D2H.submit,2569165,2569199,1,0,2635,2628,:2628:2635,--:Cel.D2H.submit
402554210,402556231,2021,0,2021,:Sdd.D2H.submit,2569165,2569199,1,0,2636,2628,:2628:2636,--:Sdd.D2H.submit
402556565,402558807,2242,0,2242,:Mi.D2H.submit,2569165,2569199,1,0,2637,2628,:2628:2637,--:Mi.D2H.submit
402558968,402754489,195521,194849,672,:Cache.freeCacheData,2569165,2569199,1,2,2638,2628,:2628:2638,--:Cache.freeCacheData
402559464,402754110,194646,0,194646,:Cache.stream_sync,2569165,2569199,2,0,2639,2638,:2628:2638:2639,----:Cache.stream_sync
402621216,402621435,219,0,219,:Cache.publish_release,2569165,2569198,2,0,2640,2614,:2604:2614:2640,----:Cache.publish_release
402679677,402679941,264,0,264,:Cache.publish_release,2569165,2569200,2,0,2641,2626,:2616:2626:2641,----:Cache.publish_release
402754218,402754421,203,0,203,:Cache.publish_release,2569165,2569199,2,0,2642,2638,:2628:2638:2642,----:Cache.publish_release
