Start (ns),End (ns),Duration (ns),DurChild (ns),DurNonChild (ns),Name,PID,TID,Lvl,NumChild,RangeId,ParentId,RangeStack,NameTree
374870857,378000563,3129706,0,3129706,:Phase.warmup,2569287,2569287,0,0,1,,:1,:Phase.warmup
374896162,376278845,1382683,1079902,302781,:Task.execute,2569287,2569318,0,9,2,,:2,:Task.execute
374942545,376239373,1296828,865536,431292,:Task.execute,2569287,2569317,0,9,3,,:3,:Task.execute
374975277,376328930,1353653,735128,618525,:Task.execute,2569287,2569316,0,9,4,,:4,:Task.execute
374988692,376150371,1161679,375177,786502,:Task.execute,2569287,2569315,0,9,5,,:5,:Task.execute
375118107,375121558,3451,0,3451,:Cache.getCacheData,2569287,2569318,1,0,6,2,:2:6,--:Cache.getCacheData
375121979,375363710,241731,0,241731,:Frame.H2D.submit_with_staging,2569287,2569318,1,0,7,2,:2:7,--:Frame.H2D.submit_with_staging
375304055,375304789,734,0,734,:Cache.getCacheData,2569287,2569317,1,0,8,3,:3:8,--:Cache.getCacheData
375304988,375375464,70476,0,70476,:Frame.H2D.submit_with_staging,2569287,2569317,1,0,9,3,:3:9,--:Frame.H2D.submit_with_staging
375364117,375524168,160051,0,160051,:Cel.kernels.submit,2569287,2569318,1,0,10,2,:2:10,--:Cel.kernels.submit
375375809,375521857,146048,0,146048,:Cel.kernels.submit,2569287,2569317,1,0,11,3,:3:11,--:Cel.kernels.submit
375519928,375520690,762,0,762,:Cache.getCacheData,2569287,2569316,1,0,12,4,:4:12,--:Cache.getCacheData
375520894,375589827,68933,0,68933,:Frame.H2D.submit_with_staging,2569287,2569316,1,0,13,4,:4:13,--:Frame.H2D.submit_with_staging
375522209,375528742,6533,0,6533,:Cel.D2H.submit,2569287,2569317,1,0,14,3,:3:14,--:Cel.D2H.submit
375524570,375530691,6121,0,6121,:Cel.D2H.submit,2569287,2569318,1,0,15,2,:2:15,--:Cel.D2H.submit
375529058,375744317,215259,0,215259,:Sdd.kernels.submit,2569287,2569317,1,0,16,3,:3:16,--:Sdd.kernels.submit
375531340,375919166,387826,0,387826,:Sdd.kernels.submit,2569287,2569318,1,0,17,2,:2:17,--:Sdd.kernels.submit
375590150,375712991,122841,0,122841,:Cel.kernels.submit,2569287,2569316,1,0,18,4,:4:18,--:Cel.kernels.submit
375713901,375799594,85693,0,85693,:Cel.D2H.submit,2569287,2569316,1,0,19,4,:4:19,--:Cel.D2H.submit
375736187,375736896,709,0,709,:Cache.getCacheData,2569287,2569315,1,0,20,5,:5:20,--:Cache.getCacheData
375737078,375775725,38647,0,38647,:Frame.H2D.submit_with_staging,2569287,2569315,1,0,21,5,:5:21,--:Frame.H2D.submit_with_staging
375744737,375748662,3925,0,3925,:Sdd.D2H.submit,2569287,2569317,1,0,22,3,:3:22,--:Sdd.D2H.submit
375748883,376104065,355182,0,355182,:Mi.kernels.submit,2569287,2569317,1,0,23,3,:3:23,--:Mi.kernels.submit
375776032,375787603,11571,0,11571,:Cel.kernels.submit,2569287,2569315,1,0,24,5,:5:24,--:Cel.kernels.submit
375787854,375792492,4638,0,4638,:Cel.D2H.submit,2569287,2569315,1,0,25,5,:5:25,--:Cel.D2H.submit
375792690,375796353,3663,0,3663,:Sdd.kernels.submit,2569287,2569315,1,0,26,5,:5:26,--:Sdd.kernels.submit
375796550,375799997,3447,0,3447,:Sdd.D2H.submit,2569287,2569315,1,0,27,5,:5:27,--:Sdd.D2H.submit
375800164,376057881,257717,0,257717,:Mi.kernels.submit,2569287,2569315,1,0,28,5,:5:28,--:Mi.kernels.submit
375800486,375972753,172267,0,172267,:Sdd.kernels.submit,2569287,2569316,1,0,29,4,:4:29,--:Sdd.kernels.submit
375919513,375922190,2677,0,2677,:Sdd.D2H.submit,2569287,2569318,1,0,30,2,:2:30,--:Sdd.D2H.submit
375922341,376108395,186054,0,186054,:Mi.kernels.submit,2569287,2569318,1,0,31,2,:2:31,--:Mi.kernels.submit
375973561,376100248,126687,0,126687,:Sdd.D2H.submit,2569287,2569316,1,0,32,4,:4:32,--:Sdd.D2H.submit
376058738,376066111,7373,0,7373,:Mi.D2H.submit,2569287,2569315,1,0,33,5,:5:33,--:Mi.D2H.submit
376066305,376113717,47412,46905,507,:Cache.freeCacheData,2569287,2569315,1,2,34,5,:5:34,--:Cache.freeCacheData
376066498,376112861,46363,0,46363,:Cache.stream_sync,2569287,2569315,2,0,35,34,:5:34:35,----:Cache.stream_sync
376101077,376114042,12965,0,12965,:Mi.kernels.submit,2569287,2569316,1,0,36,4,:4:36,--:Mi.kernels.submit
376104237,376107226,2989,0,2989,:Mi.D2H.submit,2569287,2569317,1,0,37,3,:3:37,--:Mi.D2H.submit
376107462,376171852,64390,63976,414,:Cache.freeCacheData,2569287,2569317,1,2,38,3,:3:38,--:Cache.freeCacheData
376107692,376171032,63340,0,63340,:Cache.stream_sync,2569287,2569317,2,0,39,38,:3:38:39,----:Cache.stream_sync
376108654,376111411,2757,0,2757,:Mi.D2H.submit,2569287,2569318,1,0,40,2,:2:40,--:Mi.D2H.submit
376111668,376200902,89234,88744,490,:Cache.freeCacheData,2569287,2569318,1,2,41,2,:2:41,--:Cache.freeCacheData
376111957,376200104,88147,0,88147,:Cache.stream_sync,2569287,2569318,2,0,42,41,:2:41:42,----:Cache.stream_sync
376113075,376113617,542,0,542,:Cache.publish_release,2569287,2569315,2,0,43,34,:5:34:43,----:Cache.publish_release
376114335,376118988,4653,0,4653,:Mi.D2H.submit,2569287,2569316,1,0,44,4,:4:44,--:Mi.D2H.submit
376119257,376259584,140327,139562,765,:Cache.freeCacheData,2569287,2569316,1,2,45,4,:4:45,--:Cache.freeCacheData
376119398,376258152,138754,0,138754,:Cache.stream_sync,2569287,2569316,2,0,46,45,:4:45:46,----:Cache.stream_sync
376150922,376498811,347889,308038,39851,:Task.execute,2569287,2569315,0,9,47,,:47,:Task.execute
376152172,376152773,601,0,601,:Cache.getCacheData,2569287,2569315,1,0,48,47,:47:48,--:Cache.getCacheData
376152920,376197099,44179,0,44179,:Frame.H2D.submit_with_staging,2569287,2569315,1,0,49,47,:47:49,--:Frame.H2D.submit_with_staging
376171134,376171770,636,0,636,:Cache.publish_release,2569287,2569317,2,0,50,38,:3:38:50,----:Cache.publish_release
376197421,376204189,6768,0,6768,:Cel.kernels.submit,2569287,2569315,1,0,51,47,:47:51,--:Cel.kernels.submit
376200217,376200814,597,0,597,:Cache.publish_release,2569287,2569318,2,0,52,41,:2:41:52,----:Cache.publish_release
376204691,376207467,2776,0,2776,:Cel.D2H.submit,2569287,2569315,1,0,53,47,:47:53,--:Cel.D2H.submit
376207833,376211553,3720,0,3720,:Sdd.kernels.submit,2569287,2569315,1,0,54,47,:47:54,--:Sdd.kernels.submit
376211717,376213862,2145,0,2145,:Sdd.D2H.submit,2569287,2569315,1,0,55,47,:47:55,--:Sdd.D2H.submit
376213994,376217327,3333,0,3333,:Mi.kernels.submit,2569287,2569315,1,0,56,47,:47:56,--:Mi.kernels.submit
376217430,376219587,2157,0,2157,:Mi.D2H.submit,2569287,2569315,1,0,57,47,:47:57,--:Mi.D2H.submit
376219714,376462073,242359,241850,509,:Cache.freeCacheData,2569287,2569315,1,2,58,47,:47:58,--:Cache.freeCacheData
376220061,376461715,241654,0,241654,:Cache.stream_sync,2569287,2569315,2,0,59,58,:47:58:59,----:Cache.stream_sync
376240190,376637786,397596,349388,48208,:Task.execute,2569287,2569317,0,9,60,,:60,:Task.execute
376241628,376242540,912,0,912,:Cache.getCacheData,2569287,2569317,1,0,61,60,:60:61,--:Cache.getCacheData
376242919,376299406,56487,0,56487,:Frame.H2D.submit_with_staging,2569287,2569317,1,0,62,60,:60:62,--:Frame.H2D.submit_with_staging
376258682,376259490,808,0,808,:Cache.publish_release,2569287,2569316,2,0,63,45,:4:45:63,----:Cache.publish_release
376279663,376700267,420604,355676,64928,:Task.execute,2569287,2569318,0,9,64,,:64,:Task.execute
376281024,376281672,648,0,648,:Cache.getCacheData,2569287,2569318,1,0,65,64,:64:65,--:Cache.getCacheData
376281871,376339383,57512,0,57512,:Frame.H2D.submit_with_staging,2569287,2569318,1,0,66,64,:64:66,--:Frame.H2D.submit_with_staging
376299564,376304537,4973,0,4973,:Cel.kernels.submit,2569287,2569317,1,0,67,60,:60:67,--:Cel.kernels.submit
376304701,376307801,3100,0,3100,:Cel.D2H.submit,2569287,2569317,1,0,68,60,:60:68,--:Cel.D2H.submit
376308032,376312501,4469,0,4469,:Sdd.kernels.submit,2569287,2569317,1,0,69,60,:60:69,--:Sdd.kernels.submit
376312648,376314710,2062,0,2062,:Sdd.D2H.submit,2569287,2569317,1,0,70,60,:60:70,--:Sdd.D2H.submit
376314826,376317897,3071,0,3071,:Mi.kernels.submit,2569287,2569317,1,0,71,60,:60:71,--:Mi.kernels.submit
376317989,376321392,3403,0,3403,:Mi.D2H.submit,2569287,2569317,1,0,72,60,:60:72,--:Mi.D2H.submit
376321556,376592467,270911,270176,735,:Cache.freeCacheData,2569287,2569317,1,2,73,60,:60:73,--:Cache.freeCacheData
376322090,376592077,269987,0,269987,:Cache.stream_sync,2569287,2569317,2,0,74,73,:60:73:74,----:Cache.stream_sync
376329561,376762123,432562,352528,80034,:Task.execute,2569287,2569316,0,9,75,,:75,:Task.execute
376330855,376331700,845,0,845,:Cache.getCacheData,2569287,2569316,1,0,76,75,:75:76,--:Cache.getCacheData
376331851,376379572,47721,0,47721,:Frame.H2D.submit_with_staging,2569287,2569316,1,0,77,75,:75:77,--:Frame.H2D.submit_with_staging
376339687,376344983,5296,0,5296,:Cel.kernels.submit,2569287,2569318,1,0,78,64,:64:78,--:Cel.kernels.submit
376345132,376348769,3637,0,3637,:Cel.D2H.submit,2569287,2569318,1,0,79,64,:64:79,--:Cel.D2H.submit
376348913,376353027,4114,0,4114,:Sdd.kernels.submit,2569287,2569318,1,0,80,64,:64:80,--:Sdd.kernels.submit
376353395,376356448,3053,0,3053,:Sdd.D2H.submit,2569287,2569318,1,0,81,64,:64:81,--:Sdd.D2H.submit
376356632,376359458,2826,0,2826,:Mi.kernels.submit,2569287,2569318,1,0,82,64,:64:82,--:Mi.kernels.submit
376359701,376362749,3048,0,3048,:Mi.D2H.submit,2569287,2569318,1,0,83,64,:64:83,--:Mi.D2H.submit
376362980,376638522,275542,274729,813,:Cache.freeCacheData,2569287,2569318,1,2,84,64,:64:84,--:Cache.freeCacheData
376363191,376637578,274387,0,274387,:Cache.stream_sync,2569287,2569318,2,0,85,84,:64:84:85,----:Cache.stream_sync
376379838,376384336,4498,0,4498,:Cel.kernels.submit,2569287,2569316,1,0,86,75,:75:86,--:Cel.kernels.submit
376384570,376387121,2551,0,2551,:Cel.D2H.submit,2569287,2569316,1,0,87,75,:75:87,--:Cel.D2H.submit
376387483,376390537,3054,0,3054,:Sdd.kernels.submit,2569287,2569316,1,0,88,75,:75:88,--:Sdd.kernels.submit
376390688,376392828,2140,0,2140,:Sdd.D2H.submit,2569287,2569316,1,0,89,75,:75:89,--:Sdd.D2H.submit
376392930,376395543,2613,0,2613,:Mi.kernels.submit,2569287,2569316,1,0,90,75,:75:90,--:Mi.kernels.submit
376395635,376402485,6850,0,6850,:Mi.D2H.submit,2569287,2569316,1,0,91,75,:75:91,--:Mi.D2H.submit
376402625,376684881,282256,281843,413,:Cache.freeCacheData,2569287,2569316,1,2,92,75,:75:92,--:Cache.freeCacheData
376402857,376684417,281560,0,281560,:Cache.stream_sync,2569287,2569316,2,0,93,92,:75:92:93,----:Cache.stream_sync
376461800,376461996,196,0,196,:Cache.publish_release,2569287,2569315,2,0,94,58,:47:58:94,----:Cache.publish_release
376499218,376886130,386912,330641,56271,:Task.execute,2569287,2569315,0,9,95,,:95,:Task.execute
376499863,376500233,370,0,370,:Cache.getCacheData,2569287,2569315,1,0,96,95,:95:96,--:Cache.getCacheData
376500309,376530171,29862,0,29862,:Frame.H2D.submit_with_staging,2569287,2569315,1,0,97,95,:95:97,--:Frame.H2D.submit_with_staging
376530325,376533827,3502,0,3502,:Cel.kernels.submit,2569287,2569315,1,0,98,95,:95:98,--:Cel.kernels.submit
376533966,376536224,2258,0,2258,:Cel.D2H.submit,2569287,2569315,1,0,99,95,:95:99,--:Cel.D2H.submit
376536438,376539138,2700,0,2700,:Sdd.kernels.submit,2569287,2569315,1,0,100,95,:95:100,--:Sdd.kernels.submit
376539557,376541855,2298,0,2298,:Sdd.D2H.submit,2569287,2569315,1,0,101,95,:95:101,--:Sdd.D2H.submit
376542057,376545029,2972,0,2972,:Mi.kernels.submit,2569287,2569315,1,0,102,95,:95:102,--:Mi.kernels.submit
376545232,376547264,2032,0,2032,:Mi.D2H.submit,2569287,2569315,1,0,103,95,:95:103,--:Mi.D2H.submit
376547353,376832000,284647,284286,361,:Cache.freeCacheData,2569287,2569315,1,2,104,95,:95:104,--:Cache.freeCacheData
376547455,376831576,284121,0,284121,:Cache.stream_sync,2569287,2569315,2,0,105,104,:95:104:105,----:Cache.stream_sync
376592200,376592389,189,0,189,:Cache.publish_release,2569287,2569317,2,0,106,73,:60:73:106,----:Cache.publish_release
376637661,376638003,342,0,342,:Cache.publish_release,2569287,2569318,2,0,107,84,:64:84:107,----:Cache.publish_release
376638184,377061890,423706,386105,37601,:Task.execute,2569287,2569317,0,9,108,,:108,:Task.execute
376638898,376639244,346,0,346,:Cache.getCacheData,2569287,2569317,1,0,109,108,:108:109,--:Cache.getCacheData
376639326,376688314,48988,0,48988,:Frame.H2D.submit_with_staging,2569287,2569317,1,0,110,108,:108:110,--:Frame.H2D.submit_with_staging
376684509,376684792,283,0,283,:Cache.publish_release,2569287,2569316,2,0,111,92,:75:92:111,----:Cache.publish_release
376688509,376692944,4435,0,4435,:Cel.kernels.submit,2569287,2569317,1,0,112,108,:108:112,--:Cel.kernels.submit
376693167,376696565,3398,0,3398,:Cel.D2H.submit,2569287,2569317,1,0,113,108,:108:113,--:Cel.D2H.submit
376696666,376699684,3018,0,3018,:Sdd.kernels.submit,2569287,2569317,1,0,114,108,:108:114,--:Sdd.kernels.submit
376699797,376701842,2045,0,2045,:Sdd.D2H.submit,2569287,2569317,1,0,115,108,:108:115,--:Sdd.D2H.submit
376700887,377136947,436060,376691,59369,:Task.execute,2569287,2569318,0,9,116,,:116,:Task.execute
376701952,376705176,3224,0,3224,:Mi.kernels.submit,2569287,2569317,1,0,117,108,:108:117,--:Mi.kernels.submit
376702223,376702679,456,0,456,:Cache.getCacheData,2569287,2569318,1,0,118,116,:116:118,--:Cache.getCacheData
376702764,376768349,65585,0,65585,:Frame.H2D.submit_with_staging,2569287,2569318,1,0,119,116,:116:119,--:Frame.H2D.submit_with_staging
376705269,376707505,2236,0,2236,:Mi.D2H.submit,2569287,2569317,1,0,120,108,:108:120,--:Mi.D2H.submit
376707614,377026029,318415,318139,276,:Cache.freeCacheData,2569287,2569317,1,2,121,108,:108:121,--:Cache.freeCacheData
376707736,377025626,317890,0,317890,:Cache.stream_sync,2569287,2569317,2,0,122,121,:108:121:122,----:Cache.stream_sync
376762413,377224941,462528,385490,77038,:Task.execute,2569287,2569316,0,9,123,,:123,:Task.execute
376763026,376763320,294,0,294,:Cache.getCacheData,2569287,2569316,1,0,124,123,:123:124,--:Cache.getCacheData
376763393,376809821,46428,0,46428,:Frame.H2D.submit_with_staging,2569287,2569316,1,0,125,123,:123:125,--:Frame.H2D.submit_with_staging
376768547,376772250,3703,0,3703,:Cel.kernels.submit,2569287,2569318,1,0,126,116,:116:126,--:Cel.kernels.submit
376772444,376774952,2508,0,2508,:Cel.D2H.submit,2569287,2569318,1,0,127,116,:116:127,--:Cel.D2H.submit
376775082,376778070,2988,0,2988,:Sdd.kernels.submit,2569287,2569318,1,0,128,116,:116:128,--:Sdd.kernels.submit
376778295,376781246,2951,0,2951,:Sdd.D2H.submit,2569287,2569318,1,0,129,116,:116:129,--:Sdd.D2H.submit
376781471,376784656,3185,0,3185,:Mi.kernels.submit,2569287,2569318,1,0,130,116,:116:130,--:Mi.kernels.submit
376784796,376786761,1965,0,1965,:Mi.D2H.submit,2569287,2569318,1,0,131,116,:116:131,--:Mi.D2H.submit
376786848,377080198,293350,292960,390,:Cache.freeCacheData,2569287,2569318,1,2,132,116,:116:132,--:Cache.freeCacheData
376786943,377079573,292630,0,292630,:Cache.stream_sync,2569287,2569318,2,0,133,132,:116:132:133,----:Cache.stream_sync
376809918,376813346,3428,0,3428,:Cel.kernels.submit,2569287,2569316,1,0,134,123,:123:134,--:Cel.kernels.submit
376813494,376815863,2369,0,2369,:Cel.D2H.submit,2569287,2569316,1,0,135,123,:123:135,--:Cel.D2H.submit
376816075,376818992,2917,0,2917,:Sdd.kernels.submit,2569287,2569316,1,0,136,123,:123:136,--:Sdd.kernels.submit
376819193,376821381,2188,0,2188,:Sdd.D2H.submit,2569287,2569316,1,0,137,123,:123:137,--:Sdd.D2H.submit
376821585,376824474,2889,0,2889,:Mi.kernels.submit,2569287,2569316,1,0,138,123,:123:138,--:Mi.kernels.submit
376824902,376827054,2152,0,2152,:Mi.D2H.submit,2569287,2569316,1,0,139,123,:123:139,--:Mi.D2H.submit
376827152,377149977,322825,322554,271,:Cache.freeCacheData,2569287,2569316,1,2,140,123,:123:140,--:Cache.freeCacheData
376827249,377149605,322356,0,322356,:Cache.stream_sync,2569287,2569316,2,0,141,140,:123:140:141,----:Cache.stream_sync
376831665,376831830,165,0,165,:Cache.publish_release,2569287,2569315,2,0,142,104,:95:104:142,----:Cache.publish_release
376886353,377274635,388282,310745,77537,:Task.execute,2569287,2569315,0,9,143,,:143,:Task.execute
376886990,376887353,363,0,363,:Cache.getCacheData,2569287,2569315,1,0,144,143,:143:144,--:Cache.getCacheData
376887424,376914614,27190,0,27190,:Frame.H2D.submit_with_staging,2569287,2569315,1,0,145,143,:143:145,--:Frame.H2D.submit_with_staging
376914722,376917933,3211,0,3211,:Cel.kernels.submit,2569287,2569315,1,0,146,143,:143:146,--:Cel.kernels.submit
376918278,376920483,2205,0,2205,:Cel.D2H.submit,2569287,2569315,1,0,147,143,:143:147,--:Cel.D2H.submit
376920589,376923691,3102,0,3102,:Sdd.kernels.submit,2569287,2569315,1,0,148,143,:143:148,--:Sdd.kernels.submit
376923908,376926161,2253,0,2253,:Sdd.D2H.submit,2569287,2569315,1,0,149,143,:143:149,--:Sdd.D2H.submit
376926362,376928929,2567,0,2567,:Mi.kernels.submit,2569287,2569315,1,0,150,143,:143:150,--:Mi.kernels.submit
376929074,376931078,2004,0,2004,:Mi.D2H.submit,2569287,2569315,1,0,151,143,:143:151,--:Mi.D2H.submit
376931197,377199047,267850,267483,367,:Cache.freeCacheData,2569287,2569315,1,2,152,143,:143:152,--:Cache.freeCacheData
376931295,377198344,267049,0,267049,:Cache.stream_sync,2569287,2569315,2,0,153,152,:143:152:153,----:Cache.stream_sync
377025706,377025955,249,0,249,:Cache.publish_release,2569287,2569317,2,0,154,121,:108:121:154,----:Cache.publish_release
377062152,377443432,381280,344080,37200,:Task.execute,2569287,2569317,0,9,155,,:155,:Task.execute
377062666,377063067,401,0,401,:Cache.getCacheData,2569287,2569317,1,0,156,155,:155:156,--:Cache.getCacheData
377063145,377107483,44338,0,44338,:Frame.H2D.submit_with_staging,2569287,2569317,1,0,157,155,:155:157,--:Frame.H2D.submit_with_staging
377079653,377079983,330,0,330,:Cache.publish_release,2569287,2569318,2,0,158,132,:116:132:158,----:Cache.publish_release
377107592,377111256,3664,0,3664,:Cel.kernels.submit,2569287,2569317,1,0,159,155,:155:159,--:Cel.kernels.submit
377111553,377115031,3478,0,3478,:Cel.D2H.submit,2569287,2569317,1,0,160,155,:155:160,--:Cel.D2H.submit
377115139,377118094,2955,0,2955,:Sdd.kernels.submit,2569287,2569317,1,0,161,155,:155:161,--:Sdd.kernels.submit
377118238,377120396,2158,0,2158,:Sdd.D2H.submit,2569287,2569317,1,0,162,155,:155:162,--:Sdd.D2H.submit
377120528,377123110,2582,0,2582,:Mi.kernels.submit,2569287,2569317,1,0,163,155,:155:163,--:Mi.kernels.submit
377123238,377125355,2117,0,2117,:Mi.D2H.submit,2569287,2569317,1,0,164,155,:155:164,--:Mi.D2H.submit
377125454,377407841,282387,282135,252,:Cache.freeCacheData,2569287,2569317,1,2,165,155,:155:165,--:Cache.freeCacheData
377125549,377407467,281918,0,281918,:Cache.stream_sync,2569287,2569317,2,0,166,165,:155:165:166,----:Cache.stream_sync
377137502,377562845,425343,374067,51276,:Task.execute,2569287,2569318,0,9,167,,:167,:Task.execute
377138124,377138642,518,0,518,:Cache.getCacheData,2569287,2569318,1,0,168,167,:167:168,--:Cache.getCacheData
377138812,377197115,58303,0,58303,:Frame.H2D.submit_with_staging,2569287,2569318,1,0,169,167,:167:169,--:Frame.H2D.submit_with_staging
377149711,377149909,198,0,198,:Cache.publish_release,2569287,2569316,2,0,170,140,:123:140:170,----:Cache.publish_release
377197388,377201143,3755,0,3755,:Cel.kernels.submit,2569287,2569318,1,0,171,167,:167:171,--:Cel.kernels.submit
377198438,377198872,434,0,434,:Cache.publish_release,2569287,2569315,2,0,172,152,:143:152:172,----:Cache.publish_release
377201362,377204119,2757,0,2757,:Cel.D2H.submit,2569287,2569318,1,0,173,167,:167:173,--:Cel.D2H.submit
377204484,377207358,2874,0,2874,:Sdd.kernels.submit,2569287,2569318,1,0,174,167,:167:174,--:Sdd.kernels.submit
377207513,377209785,2272,0,2272,:Sdd.D2H.submit,2569287,2569318,1,0,175,167,:167:175,--:Sdd.D2H.submit
377209910,377212617,2707,0,2707,:Mi.kernels.submit,2569287,2569318,1,0,176,167,:167:176,--:Mi.kernels.submit
377212764,377215109,2345,0,2345,:Mi.D2H.submit,2569287,2569318,1,0,177,167,:167:177,--:Mi.D2H.submit
377215199,377513735,298536,298072,464,:Cache.freeCacheData,2569287,2569318,1,2,178,167,:167:178,--:Cache.freeCacheData
377215347,377512916,297569,0,297569,:Cache.stream_sync,2569287,2569318,2,0,179,178,:167:178:179,----:Cache.stream_sync
377225277,377619341,394064,337583,56481,:Task.execute,2569287,2569316,0,9,180,,:180,:Task.execute
377226343,377226765,422,0,422,:Cache.getCacheData,2569287,2569316,1,0,181,180,:180:181,--:Cache.getCacheData
377226835,377281895,55060,0,55060,:Frame.H2D.submit_with_staging,2569287,2569316,1,0,182,180,:180:182,--:Frame.H2D.submit_with_staging
377274990,377694503,419513,345173,74340,:Task.execute,2569287,2569315,0,9,183,,:183,:Task.execute
377275667,377276094,427,0,427,:Cache.getCacheData,2569287,2569315,1,0,184,183,:183:184,--:Cache.getCacheData
377276262,377320292,44030,0,44030,:Frame.H2D.submit_with_staging,2569287,2569315,1,0,185,183,:183:185,--:Frame.H2D.submit_with_staging
377282066,377285261,3195,0,3195,:Cel.kernels.submit,2569287,2569316,1,0,186,180,:180:186,--:Cel.kernels.submit
377285390,377287928,2538,0,2538,:Cel.D2H.submit,2569287,2569316,1,0,187,180,:180:187,--:Cel.D2H.submit
377288032,377290930,2898,0,2898,:Sdd.kernels.submit,2569287,2569316,1,0,188,180,:180:188,--:Sdd.kernels.submit
377291408,377293631,2223,0,2223,:Sdd.D2H.submit,2569287,2569316,1,0,189,180,:180:189,--:Sdd.D2H.submit
377293732,377296160,2428,0,2428,:Mi.kernels.submit,2569287,2569316,1,0,190,180,:180:190,--:Mi.kernels.submit
377296281,377298599,2318,0,2318,:Mi.D2H.submit,2569287,2569316,1,0,191,180,:180:191,--:Mi.D2H.submit
377298703,377565204,266501,266134,367,:Cache.freeCacheData,2569287,2569316,1,2,192,180,:180:192,--:Cache.freeCacheData
377298802,377564729,265927,0,265927,:Cache.stream_sync,2569287,2569316,2,0,193,192,:180:192:193,----:Cache.stream_sync
377320403,377323938,3535,0,3535,:Cel.kernels.submit,2569287,2569315,1,0,194,183,:183:194,--:Cel.kernels.submit
377324148,377326550,2402,0,2402,:Cel.D2H.submit,2569287,2569315,1,0,195,183,:183:195,--:Cel.D2H.submit
377326789,377329675,2886,0,2886,:Sdd.kernels.submit,2569287,2569315,1,0,196,183,:183:196,--:Sdd.kernels.submit
377329774,377331811,2037,0,2037,:Sdd.D2H.submit,2569287,2569315,1,0,197,183,:183:197,--:Sdd.D2H.submit
377331904,377334537,2633,0,2633,:Mi.kernels.submit,2569287,2569315,1,0,198,183,:183:198,--:Mi.kernels.submit
377334639,377336714,2075,0,2075,:Mi.D2H.submit,2569287,2569315,1,0,199,183,:183:199,--:Mi.D2H.submit
377337015,377622163,285148,284778,370,:Cache.freeCacheData,2569287,2569315,1,2,200,183,:183:200,--:Cache.freeCacheData
377337177,377621740,284563,0,284563,:Cache.stream_sync,2569287,2569315,2,0,201,200,:183:200:201,----:Cache.stream_sync
377407556,377407773,217,0,217,:Cache.publish_release,2569287,2569317,2,0,202,165,:155:165:202,----:Cache.publish_release
377443718,377785107,341389,303093,38296,:Task.execute,2569287,2569317,0,9,203,,:203,:Task.execute
377444264,377444623,359,0,359,:Cache.getCacheData,2569287,2569317,1,0,204,203,:203:204,--:Cache.getCacheData
377444808,377479919,35111,0,35111,:Frame.H2D.submit_with_staging,2569287,2569317,1,0,205,203,:203:205,--:Frame.H2D.submit_with_staging
377480288,377484009,3721,0,3721,:Cel.kernels.submit,2569287,2569317,1,0,206,203,:203:206,--:Cel.kernels.submit
377484207,377486807,2600,0,2600,:Cel.D2H.submit,2569287,2569317,1,0,207,203,:203:207,--:Cel.D2H.submit
377487091,377489799,2708,0,2708,:Sdd.kernels.submit,2569287,2569317,1,0,208,203,:203:208,--:Sdd.kernels.submit
377489901,377491975,2074,0,2074,:Sdd.D2H.submit,2569287,2569317,1,0,209,203,:203:209,--:Sdd.D2H.submit
377492077,377494909,2832,0,2832,:Mi.kernels.submit,2569287,2569317,1,0,210,203,:203:210,--:Mi.kernels.submit
377495012,377497090,2078,0,2078,:Mi.D2H.submit,2569287,2569317,1,0,211,203,:203:211,--:Mi.D2H.submit
377497193,377748803,251610,251117,493,:Cache.freeCacheData,2569287,2569317,1,2,212,203,:203:212,--:Cache.freeCacheData
377497424,377748203,250779,0,250779,:Cache.stream_sync,2569287,2569317,2,0,213,212,:203:212:213,----:Cache.stream_sync
377513076,377513579,503,0,503,:Cache.publish_release,2569287,2569318,2,0,214,178,:167:178:214,----:Cache.publish_release
377563152,377922984,359832,315310,44522,:Task.execute,2569287,2569318,0,9,215,,:215,:Task.execute
377564368,377564876,508,0,508,:Cache.getCacheData,2569287,2569318,1,0,216,215,:215:216,--:Cache.getCacheData
377564911,377565118,207,0,207,:Cache.publish_release,2569287,2569316,2,0,217,192,:180:192:217,----:Cache.publish_release
377565067,377609414,44347,0,44347,:Frame.H2D.submit_with_staging,2569287,2569318,1,0,218,215,:215:218,--:Frame.H2D.submit_with_staging
377609618,377613813,4195,0,4195,:Cel.kernels.submit,2569287,2569318,1,0,219,215,:215:219,--:Cel.kernels.submit
377613933,377616760,2827,0,2827,:Cel.D2H.submit,2569287,2569318,1,0,220,215,:215:220,--:Cel.D2H.submit
377617084,377619953,2869,0,2869,:Sdd.kernels.submit,2569287,2569318,1,0,221,215,:215:221,--:Sdd.kernels.submit
377619569,377947266,327697,284366,43331,:Task.execute,2569287,2569316,0,9,222,,:222,:Task.execute
377620235,377620560,325,0,325,:Cache.getCacheData,2569287,2569316,1,0,223,222,:222:223,--:Cache.getCacheData
377620459,377622755,2296,0,2296,:Sdd.D2H.submit,2569287,2569318,1,0,224,215,:215:224,--:Sdd.D2H.submit
377620693,377685063,64370,0,64370,:Frame.H2D.submit_with_staging,2569287,2569316,1,0,225,222,:222:225,--:Frame.H2D.submit_with_staging
377621869,377622084,215,0,215,:Cache.publish_release,2569287,2569315,2,0,226,200,:183:200:226,----:Cache.publish_release
377623341,377626165,2824,0,2824,:Mi.kernels.submit,2569287,2569318,1,0,227,215,:215:227,--:Mi.kernels.submit
377626614,377629202,2588,0,2588,:Mi.D2H.submit,2569287,2569318,1,0,228,215,:215:228,--:Mi.D2H.submit
377629386,377882242,252856,252199,657,:Cache.freeCacheData,2569287,2569318,1,2,229,215,:215:229,--:Cache.freeCacheData
377629876,377881608,251732,0,251732,:Cache.stream_sync,2569287,2569318,2,0,230,229,:215:229:230,----:Cache.stream_sync
377685170,377688925,3755,0,3755,:Cel.kernels.submit,2569287,2569316,1,0,231,222,:222:231,--:Cel.kernels.submit
377689167,377691697,2530,0,2530,:Cel.D2H.submit,2569287,2569316,1,0,232,222,:222:232,--:Cel.D2H.submit
377691997,377694815,2818,0,2818,:Sdd.kernels.submit,2569287,2569316,1,0,233,222,:222:233,--:Sdd.kernels.submit
377695026,377697258,2232,0,2232,:Sdd.D2H.submit,2569287,2569316,1,0,234,222,:222:234,--:Sdd.D2H.submit
377697718,377700628,2910,0,2910,:Mi.kernels.submit,2569287,2569316,1,0,235,222,:222:235,--:Mi.kernels.submit
377700752,377707603,6851,0,6851,:Mi.D2H.submit,2569287,2569316,1,0,236,222,:222:236,--:Mi.D2H.submit
377707731,377906306,198575,198304,271,:Cache.freeCacheData,2569287,2569316,1,2,237,222,:222:237,--:Cache.freeCacheData
377707839,377905903,198064,0,198064,:Cache.stream_sync,2569287,2569316,2,0,238,237,:222:237:238,----:Cache.stream_sync
377748300,377748638,338,0,338,:Cache.publish_release,2569287,2569317,2,0,239,212,:203:212:239,----:Cache.publish_release
377881710,377882177,467,0,467,:Cache.publish_release,2569287,2569318,2,0,240,229,:215:229:240,----:Cache.publish_release
377905999,377906239,240,0,240,:Cache.publish_release,2569287,2569316,2,0,241,237,:222:237:241,----:Cache.publish_release
378001309,398390545,20389236,0,20389236,:Phase.timed,2569287,2569287,0,0,242,,:242,:Phase.timed
378012339,378359766,347427,306253,41174,:Task.execute,2569287,2569317,0,9,243,,:243,:Task.execute
378012623,378419853,407230,344189,63041,:Task.execute,2569287,2569318,0,9,244,,:244,:Task.execute
378013148,378019226,6078,0,6078,:Cache.getCacheData,2569287,2569317,1,0,245,243,:243:245,--:Cache.getCacheData
378013612,378021603,7991,0,7991,:Cache.getCacheData,2569287,2569318,1,0,246,244,:244:246,--:Cache.getCacheData
378016276,378493885,477609,400349,77260,:Task.execute,2569287,2569315,0,9,247,,:247,:Task.execute
378019381,378074752,55371,0,55371,:Frame.H2D.submit_with_staging,2569287,2569317,1,0,248,243,:243:248,--:Frame.H2D.submit_with_staging
378021850,378023029,1179,0,1179,:Cache.getCacheData,2569287,2569315,1,0,249,247,:247:249,--:Cache.getCacheData
378021866,378079335,57469,0,57469,:Frame.H2D.submit_with_staging,2569287,2569318,1,0,250,244,:244:250,--:Frame.H2D.submit_with_staging
378023191,378092490,69299,0,69299,:Frame.H2D.submit_with_staging,2569287,2569315,1,0,251,247,:247:251,--:Frame.H2D.submit_with_staging
378058757,378572355,513598,429039,84559,:Task.execute,2569287,2569316,0,9,252,,:252,:Task.execute
378063678,378064811,1133,0,1133,:Cache.getCacheData,2569287,2569316,1,0,253,252,:252:253,--:Cache.getCacheData
378065037,378133838,68801,0,68801,:Frame.H2D.submit_with_staging,2569287,2569316,1,0,254,252,:252:254,--:Frame.H2D.submit_with_staging
378075090,378079237,4147,0,4147,:Cel.kernels.submit,2569287,2569317,1,0,255,243,:243:255,--:Cel.kernels.submit
378079450,378085898,6448,0,6448,:Cel.kernels.submit,2569287,2569318,1,0,256,244,:244:256,--:Cel.kernels.submit
378079589,378087214,7625,0,7625,:Cel.D2H.submit,2569287,2569317,1,0,257,243,:243:257,--:Cel.D2H.submit
378087601,378092384,4783,0,4783,:Sdd.kernels.submit,2569287,2569317,1,0,258,243,:243:258,--:Sdd.kernels.submit
378089770,378094532,4762,0,4762,:Cel.D2H.submit,2569287,2569318,1,0,259,244,:244:259,--:Cel.D2H.submit
378092539,378096230,3691,0,3691,:Sdd.D2H.submit,2569287,2569317,1,0,260,243,:243:260,--:Sdd.D2H.submit
378092779,378106240,13461,0,13461,:Cel.kernels.submit,2569287,2569315,1,0,261,247,:247:261,--:Cel.kernels.submit
378094776,378098257,3481,0,3481,:Sdd.kernels.submit,2569287,2569318,1,0,262,244,:244:262,--:Sdd.kernels.submit
378096870,378100531,3661,0,3661,:Mi.kernels.submit,2569287,2569317,1,0,263,243,:243:263,--:Mi.kernels.submit
378098544,378101691,3147,0,3147,:Sdd.D2H.submit,2569287,2569318,1,0,264,244,:244:264,--:Sdd.D2H.submit
378101350,378104004,2654,0,2654,:Mi.D2H.submit,2569287,2569317,1,0,265,243,:243:265,--:Mi.D2H.submit
378101962,378105513,3551,0,3551,:Mi.kernels.submit,2569287,2569318,1,0,266,244,:244:266,--:Mi.kernels.submit
378104107,378322350,218243,217970,273,:Cache.freeCacheData,2569287,2569317,1,2,267,243,:243:267,--:Cache.freeCacheData
378104225,378321988,217763,0,217763,:Cache.stream_sync,2569287,2569317,2,0,268,267,:243:267:268,----:Cache.stream_sync
378105655,378108059,2404,0,2404,:Mi.D2H.submit,2569287,2569318,1,0,269,244,:244:269,--:Mi.D2H.submit
378106569,378120747,14178,0,14178,:Cel.D2H.submit,2569287,2569315,1,0,270,247,:247:270,--:Cel.D2H.submit
378108163,378363099,254936,254454,482,:Cache.freeCacheData,2569287,2569318,1,2,271,244,:244:271,--:Cache.freeCacheData
378108338,378362580,254242,0,254242,:Cache.stream_sync,2569287,2569318,2,0,272,271,:244:271:272,----:Cache.stream_sync
378121252,378125574,4322,0,4322,:Sdd.kernels.submit,2569287,2569315,1,0,273,247,:247:273,--:Sdd.kernels.submit
378125832,378128386,2554,0,2554,:Sdd.D2H.submit,2569287,2569315,1,0,274,247,:247:274,--:Sdd.D2H.submit
378128624,378132834,4210,0,4210,:Mi.kernels.submit,2569287,2569315,1,0,275,247,:247:275,--:Mi.kernels.submit
378132977,378135423,2446,0,2446,:Mi.D2H.submit,2569287,2569315,1,0,276,247,:247:276,--:Mi.D2H.submit
378134182,378147644,13462,0,13462,:Cel.kernels.submit,2569287,2569316,1,0,277,252,:252:277,--:Cel.kernels.submit
378135569,378424269,288700,287930,770,:Cache.freeCacheData,2569287,2569315,1,2,278,247,:247:278,--:Cache.freeCacheData
378135754,378423209,287455,0,287455,:Cache.stream_sync,2569287,2569315,2,0,279,278,:247:278:279,----:Cache.stream_sync
378148038,378157343,9305,0,9305,:Cel.D2H.submit,2569287,2569316,1,0,280,252,:252:280,--:Cel.D2H.submit
378157545,378162084,4539,0,4539,:Sdd.kernels.submit,2569287,2569316,1,0,281,252,:252:281,--:Sdd.kernels.submit
378162646,378165460,2814,0,2814,:Sdd.D2H.submit,2569287,2569316,1,0,282,252,:252:282,--:Sdd.D2H.submit
378165788,378169390,3602,0,3602,:Mi.kernels.submit,2569287,2569316,1,0,283,252,:252:283,--:Mi.kernels.submit
378169729,378172443,2714,0,2714,:Mi.D2H.submit,2569287,2569316,1,0,284,252,:252:284,--:Mi.D2H.submit
378172602,378495271,322669,322193,476,:Cache.freeCacheData,2569287,2569316,1,2,285,252,:252:285,--:Cache.freeCacheData
378172762,378494405,321643,0,321643,:Cache.stream_sync,2569287,2569316,2,0,286,285,:252:285:286,----:Cache.stream_sync
378322074,378322281,207,0,207,:Cache.publish_release,2569287,2569317,2,0,287,267,:243:267:287,----:Cache.publish_release
378360101,378776966,416865,369814,47051,:Task.execute,2569287,2569317,0,9,288,,:288,:Task.execute
378360662,378360947,285,0,285,:Cache.getCacheData,2569287,2569317,1,0,289,288,:288:289,--:Cache.getCacheData
378361034,378412690,51656,0,51656,:Frame.H2D.submit_with_staging,2569287,2569317,1,0,290,288,:288:290,--:Frame.H2D.submit_with_staging
378362686,378362898,212,0,212,:Cache.publish_release,2569287,2569318,2,0,291,271,:244:271:291,----:Cache.publish_release
378412803,378415959,3156,0,3156,:Cel.kernels.submit,2569287,2569317,1,0,292,288,:288:292,--:Cel.kernels.submit
378416088,378418603,2515,0,2515,:Cel.D2H.submit,2569287,2569317,1,0,293,288,:288:293,--:Cel.D2H.submit
378418708,378421574,2866,0,2866,:Sdd.kernels.submit,2569287,2569317,1,0,294,288,:288:294,--:Sdd.kernels.submit
378420292,378842232,421940,356440,65500,:Task.execute,2569287,2569318,0,9,295,,:295,:Task.execute
378420964,378421258,294,0,294,:Cache.getCacheData,2569287,2569318,1,0,296,295,:295:296,--:Cache.getCacheData
378421344,378487557,66213,0,66213,:Frame.H2D.submit_with_staging,2569287,2569318,1,0,297,295,:295:297,--:Frame.H2D.submit_with_staging
378421676,378424081,2405,0,2405,:Sdd.D2H.submit,2569287,2569317,1,0,298,288,:288:298,--:Sdd.D2H.submit
378423316,378423791,475,0,475,:Cache.publish_release,2569287,2569315,2,0,299,278,:247:278:299,----:Cache.publish_release
378424181,378427389,3208,0,3208,:Mi.kernels.submit,2569287,2569317,1,0,300,288,:288:300,--:Mi.kernels.submit
378427494,378429684,2190,0,2190,:Mi.D2H.submit,2569287,2569317,1,0,301,288,:288:301,--:Mi.D2H.submit
378429795,378731328,301533,301155,378,:Cache.freeCacheData,2569287,2569317,1,2,302,288,:288:302,--:Cache.freeCacheData
378429898,378730420,300522,0,300522,:Cache.stream_sync,2569287,2569317,2,0,303,302,:288:302:303,----:Cache.stream_sync
378487796,378492393,4597,0,4597,:Cel.kernels.submit,2569287,2569318,1,0,304,295,:295:304,--:Cel.kernels.submit
378492551,378495200,2649,0,2649,:Cel.D2H.submit,2569287,2569318,1,0,305,295,:295:305,--:Cel.D2H.submit
378494506,378495056,550,0,550,:Cache.publish_release,2569287,2569316,2,0,306,285,:252:285:306,----:Cache.publish_release
378494579,378963732,469153,403817,65336,:Task.execute,2569287,2569315,0,9,307,,:307,:Task.execute
378495434,378495954,520,0,520,:Cache.getCacheData,2569287,2569315,1,0,308,307,:307:308,--:Cache.getCacheData
378495886,378499353,3467,0,3467,:Sdd.kernels.submit,2569287,2569318,1,0,309,295,:295:309,--:Sdd.kernels.submit
378496053,378568406,72353,0,72353,:Frame.H2D.submit_with_staging,2569287,2569315,1,0,310,307,:307:310,--:Frame.H2D.submit_with_staging
378499686,378502241,2555,0,2555,:Sdd.D2H.submit,2569287,2569318,1,0,311,295,:295:311,--:Sdd.D2H.submit
378502570,378505729,3159,0,3159,:Mi.kernels.submit,2569287,2569318,1,0,312,295,:295:312,--:Mi.kernels.submit
378506155,378508562,2407,0,2407,:Mi.D2H.submit,2569287,2569318,1,0,313,295,:295:313,--:Mi.D2H.submit
378508740,378779839,271099,270048,1051,:Cache.freeCacheData,2569287,2569318,1,2,314,295,:295:314,--:Cache.freeCacheData
378509083,378778818,269735,0,269735,:Cache.stream_sync,2569287,2569318,2,0,315,314,:295:314:315,----:Cache.stream_sync
378568610,378573016,4406,0,4406,:Cel.kernels.submit,2569287,2569315,1,0,316,307,:307:316,--:Cel.kernels.submit
378573182,378576576,3394,0,3394,:Cel.D2H.submit,2569287,2569315,1,0,317,307,:307:317,--:Cel.D2H.submit
378573327,379003056,429729,365475,64254,:Task.execute,2569287,2569316,0,9,318,,:318,:Task.execute
378574279,378574671,392,0,392,:Cache.getCacheData,2569287,2569316,1,0,319,318,:318:319,--:Cache.getCacheData
378574759,378631673,56914,0,56914,:Frame.H2D.submit_with_staging,2569287,2569316,1,0,320,318,:318:320,--:Frame.H2D.submit_with_staging
378576740,378580271,3531,0,3531,:Sdd.kernels.submit,2569287,2569315,1,0,321,307,:307:321,--:Sdd.kernels.submit
378580644,378583448,2804,0,2804,:Sdd.D2H.submit,2569287,2569315,1,0,322,307,:307:322,--:Sdd.D2H.submit
378583875,378588083,4208,0,4208,:Mi.kernels.submit,2569287,2569315,1,0,323,307,:307:323,--:Mi.kernels.submit
378588227,378590804,2577,0,2577,:Mi.D2H.submit,2569287,2569315,1,0,324,307,:307:324,--:Mi.D2H.submit
378590936,378900960,310024,309571,453,:Cache.freeCacheData,2569287,2569315,1,2,325,307,:307:325,--:Cache.freeCacheData
378591065,378900110,309045,0,309045,:Cache.stream_sync,2569287,2569315,2,0,326,325,:307:325:326,----:Cache.stream_sync
378631847,378635452,3605,0,3605,:Cel.kernels.submit,2569287,2569316,1,0,327,318,:318:327,--:Cel.kernels.submit
378635552,378638016,2464,0,2464,:Cel.D2H.submit,2569287,2569316,1,0,328,318,:318:328,--:Cel.D2H.submit
378638332,378641360,3028,0,3028,:Sdd.kernels.submit,2569287,2569316,1,0,329,318,:318:329,--:Sdd.kernels.submit
378641518,378643773,2255,0,2255,:Sdd.D2H.submit,2569287,2569316,1,0,330,318,:318:330,--:Sdd.D2H.submit
378643895,378647239,3344,0,3344,:Mi.kernels.submit,2569287,2569316,1,0,331,318,:318:331,--:Mi.kernels.submit
378647373,378649762,2389,0,2389,:Mi.D2H.submit,2569287,2569316,1,0,332,318,:318:332,--:Mi.D2H.submit
378649865,378940949,291084,290711,373,:Cache.freeCacheData,2569287,2569316,1,2,333,318,:318:333,--:Cache.freeCacheData
378649990,378940013,290023,0,290023,:Cache.stream_sync,2569287,2569316,2,0,334,333,:318:333:334,----:Cache.stream_sync
378730558,378731191,633,0,633,:Cache.publish_release,2569287,2569317,2,0,335,302,:288:302:335,----:Cache.publish_release
378777259,379189066,411807,371846,39961,:Task.execute,2569287,2569317,0,9,336,,:336,:Task.execute
378778297,378778916,619,0,619,:Cache.getCacheData,2569287,2569317,1,0,337,336,:336:337,--:Cache.getCacheData
378778993,378830231,51238,0,51238,:Frame.H2D.submit_with_staging,2569287,2569317,1,0,338,336,:336:338,--:Frame.H2D.submit_with_staging
378779365,378779678,313,0,313,:Cache.publish_release,2569287,2569318,2,0,339,314,:295:314:339,----:Cache.publish_release
378830337,378833848,3511,0,3511,:Cel.kernels.submit,2569287,2569317,1,0,340,336,:336:340,--:Cel.kernels.submit
378833969,378837221,3252,0,3252,:Cel.D2H.submit,2569287,2569317,1,0,341,336,:336:341,--:Cel.D2H.submit
378837424,378839991,2567,0,2567,:Sdd.kernels.submit,2569287,2569317,1,0,342,336,:336:342,--:Sdd.kernels.submit
378840105,378843051,2946,0,2946,:Sdd.D2H.submit,2569287,2569317,1,0,343,336,:336:343,--:Sdd.D2H.submit
378842828,379248178,405350,344746,60604,:Task.execute,2569287,2569318,0,9,344,,:344,:Task.execute
378843145,378845904,2759,0,2759,:Mi.kernels.submit,2569287,2569317,1,0,345,336,:336:345,--:Mi.kernels.submit
378844781,378845461,680,0,680,:Cache.getCacheData,2569287,2569318,1,0,346,344,:344:346,--:Cache.getCacheData
378845615,378898261,52646,0,52646,:Frame.H2D.submit_with_staging,2569287,2569318,1,0,347,344,:344:347,--:Frame.H2D.submit_with_staging
378846052,378848167,2115,0,2115,:Mi.D2H.submit,2569287,2569317,1,0,348,336,:336:348,--:Mi.D2H.submit
378848740,379151579,302839,302249,590,:Cache.freeCacheData,2569287,2569317,1,2,349,336,:336:349,--:Cache.freeCacheData
378849165,379151202,302037,0,302037,:Cache.stream_sync,2569287,2569317,2,0,350,349,:336:349:350,----:Cache.stream_sync
378898476,378902496,4020,0,4020,:Cel.kernels.submit,2569287,2569318,1,0,351,344,:344:351,--:Cel.kernels.submit
378900336,378900862,526,0,526,:Cache.publish_release,2569287,2569315,2,0,352,325,:307:325:352,----:Cache.publish_release
378902965,378906020,3055,0,3055,:Cel.D2H.submit,2569287,2569318,1,0,353,344,:344:353,--:Cel.D2H.submit
378906306,378909103,2797,0,2797,:Sdd.kernels.submit,2569287,2569318,1,0,354,344,:344:354,--:Sdd.kernels.submit
378909383,378911387,2004,0,2004,:Sdd.D2H.submit,2569287,2569318,1,0,355,344,:344:355,--:Sdd.D2H.submit
378911583,378914576,2993,0,2993,:Mi.kernels.submit,2569287,2569318,1,0,356,344,:344:356,--:Mi.kernels.submit
378914829,378917065,2236,0,2236,:Mi.D2H.submit,2569287,2569318,1,0,357,344,:344:357,--:Mi.D2H.submit
378917249,379191564,274315,273563,752,:Cache.freeCacheData,2569287,2569318,1,2,358,344,:344:358,--:Cache.freeCacheData
378917626,379190075,272449,0,272449,:Cache.stream_sync,2569287,2569318,2,0,359,358,:344:358:359,----:Cache.stream_sync
378940181,378940869,688,0,688,:Cache.publish_release,2569287,2569316,2,0,360,333,:318:333:360,----:Cache.publish_release
378964188,379368211,404023,339608,64415,:Task.execute,2569287,2569315,0,9,361,,:361,:Task.execute
378965225,378966075,850,0,850,:Cache.getCacheData,2569287,2569315,1,0,362,361,:361:362,--:Cache.getCacheData
378966221,379016888,50667,0,50667,:Frame.H2D.submit_with_staging,2569287,2569315,1,0,363,361,:361:363,--:Frame.H2D.submit_with_staging
379003379,379405382,402003,339898,62105,:Task.execute,2569287,2569316,0,9,364,,:364,:Task.execute
379003951,379004426,475,0,475,:Cache.getCacheData,2569287,2569316,1,0,365,364,:364:365,--:Cache.getCacheData
379004676,379046781,42105,0,42105,:Frame.H2D.submit_with_staging,2569287,2569316,1,0,366,364,:364:366,--:Frame.H2D.submit_with_staging
379017020,379021758,4738,0,4738,:Cel.kernels.submit,2569287,2569315,1,0,367,361,:361:367,--:Cel.kernels.submit
379021887,379025043,3156,0,3156,:Cel.D2H.submit,2569287,2569315,1,0,368,361,:361:368,--:Cel.D2H.submit
379025141,379028297,3156,0,3156,:Sdd.kernels.submit,2569287,2569315,1,0,369,361,:361:369,--:Sdd.kernels.submit
379028413,379030484,2071,0,2071,:Sdd.D2H.submit,2569287,2569315,1,0,370,361,:361:370,--:Sdd.D2H.submit
379030578,379033260,2682,0,2682,:Mi.kernels.submit,2569287,2569315,1,0,371,361,:361:371,--:Mi.kernels.submit
379033362,379035382,2020,0,2020,:Mi.D2H.submit,2569287,2569315,1,0,372,361,:361:372,--:Mi.D2H.submit
379035494,379305762,270268,269310,958,:Cache.freeCacheData,2569287,2569315,1,2,373,361,:361:373,--:Cache.freeCacheData
379036276,379305254,268978,0,268978,:Cache.stream_sync,2569287,2569315,2,0,374,373,:361:373:374,----:Cache.stream_sync
379046890,379051126,4236,0,4236,:Cel.kernels.submit,2569287,2569316,1,0,375,364,:364:375,--:Cel.kernels.submit
379051227,379053802,2575,0,2575,:Cel.D2H.submit,2569287,2569316,1,0,376,364,:364:376,--:Cel.D2H.submit
379054083,379056690,2607,0,2607,:Sdd.kernels.submit,2569287,2569316,1,0,377,364,:364:377,--:Sdd.kernels.submit
379056809,379059017,2208,0,2208,:Sdd.D2H.submit,2569287,2569316,1,0,378,364,:364:378,--:Sdd.D2H.submit
379059122,379061988,2866,0,2866,:Mi.kernels.submit,2569287,2569316,1,0,379,364,:364:379,--:Mi.kernels.submit
379062101,379064048,1947,0,1947,:Mi.D2H.submit,2569287,2569316,1,0,380,364,:364:380,--:Mi.D2H.submit
379064257,379345136,280879,280352,527,:Cache.freeCacheData,2569287,2569316,1,2,381,364,:364:381,--:Cache.freeCacheData
379064618,379344555,279937,0,279937,:Cache.stream_sync,2569287,2569316,2,0,382,381,:364:381:382,----:Cache.stream_sync
379151283,379151495,212,0,212,:Cache.publish_release,2569287,2569317,2,0,383,349,:336:349:383,----:Cache.publish_release
379189346,379620809,431463,376009,55454,:Task.execute,2569287,2569317,0,9,384,,:384,:Task.execute
379190139,379191205,1066,0,1066,:Cache.getCacheData,2569287,2569317,1,0,385,384,:384:385,--:Cache.getCacheData
379190197,379191311,1114,0,1114,:Cache.publish_release,2569287,2569318,2,0,386,358,:344:358:386,----:Cache.publish_release
379191417,379242272,50855,0,50855,:Frame.H2D.submit_with_staging,2569287,2569317,1,0,387,384,:384:387,--:Frame.H2D.submit_with_staging
379242498,379245685,3187,0,3187,:Cel.kernels.submit,2569287,2569317,1,0,388,384,:384:388,--:Cel.kernels.submit
379245807,379248034,2227,0,2227,:Cel.D2H.submit,2569287,2569317,1,0,389,384,:384:389,--:Cel.D2H.submit
379248275,379251479,3204,0,3204,:Sdd.kernels.submit,2569287,2569317,1,0,390,384,:384:390,--:Sdd.kernels.submit
379248520,379686593,438073,372658,65415,:Task.execute,2569287,2569318,0,9,391,,:391,:Task.execute
379249361,379249918,557,0,557,:Cache.getCacheData,2569287,2569318,1,0,392,391,:391:392,--:Cache.getCacheData
379250000,379295019,45019,0,45019,:Frame.H2D.submit_with_staging,2569287,2569318,1,0,393,391,:391:393,--:Frame.H2D.submit_with_staging
379251611,379254039,2428,0,2428,:Sdd.D2H.submit,2569287,2569317,1,0,394,384,:384:394,--:Sdd.D2H.submit
379254154,379257328,3174,0,3174,:Mi.kernels.submit,2569287,2569317,1,0,395,384,:384:395,--:Mi.kernels.submit
379257580,379260337,2757,0,2757,:Mi.D2H.submit,2569287,2569317,1,0,396,384,:384:396,--:Mi.D2H.submit
379260436,379567547,307111,306359,752,:Cache.freeCacheData,2569287,2569317,1,2,397,384,:384:397,--:Cache.freeCacheData
379260623,379566752,306129,0,306129,:Cache.stream_sync,2569287,2569317,2,0,398,397,:384:397:398,----:Cache.stream_sync
379295136,379299158,4022,0,4022,:Cel.kernels.submit,2569287,2569318,1,0,399,391,:391:399,--:Cel.kernels.submit
379299291,379301756,2465,0,2465,:Cel.D2H.submit,2569287,2569318,1,0,400,391,:391:400,--:Cel.D2H.submit
379301874,379305022,3148,0,3148,:Sdd.kernels.submit,2569287,2569318,1,0,401,391,:391:401,--:Sdd.kernels.submit
379305339,379305671,332,0,332,:Cache.publish_release,2569287,2569315,2,0,402,373,:361:373:402,----:Cache.publish_release
379305709,379307774,2065,0,2065,:Sdd.D2H.submit,2569287,2569318,1,0,403,391,:391:403,--:Sdd.D2H.submit
379307988,379310797,2809,0,2809,:Mi.kernels.submit,2569287,2569318,1,0,404,391,:391:404,--:Mi.kernels.submit
379311291,379313545,2254,0,2254,:Mi.D2H.submit,2569287,2569318,1,0,405,391,:391:405,--:Mi.D2H.submit
379313654,379623973,310319,309870,449,:Cache.freeCacheData,2569287,2569318,1,2,406,391,:391:406,--:Cache.freeCacheData
379313845,379623323,309478,0,309478,:Cache.stream_sync,2569287,2569318,2,0,407,406,:391:406:407,----:Cache.stream_sync
379344645,379345060,415,0,415,:Cache.publish_release,2569287,2569316,2,0,408,381,:364:381:408,----:Cache.publish_release
379368560,379761500,392940,314898,78042,:Task.execute,2569287,2569315,0,9,409,,:409,:Task.execute
379369353,379369782,429,0,429,:Cache.getCacheData,2569287,2569315,1,0,410,409,:409:410,--:Cache.getCacheData
379370013,379415769,45756,0,45756,:Frame.H2D.submit_with_staging,2569287,2569315,1,0,411,409,:409:411,--:Frame.H2D.submit_with_staging
379405798,379835134,429336,355525,73811,:Task.execute,2569287,2569316,0,9,412,,:412,:Task.execute
379406509,379407113,604,0,604,:Cache.getCacheData,2569287,2569316,1,0,413,412,:412:413,--:Cache.getCacheData
379407311,379453441,46130,0,46130,:Frame.H2D.submit_with_staging,2569287,2569316,1,0,414,412,:412:414,--:Frame.H2D.submit_with_staging
379415879,379419423,3544,0,3544,:Cel.kernels.submit,2569287,2569315,1,0,415,409,:409:415,--:Cel.kernels.submit
379419546,379422139,2593,0,2593,:Cel.D2H.submit,2569287,2569315,1,0,416,409,:409:416,--:Cel.D2H.submit
379422607,379425788,3181,0,3181,:Sdd.kernels.submit,2569287,2569315,1,0,417,409,:409:417,--:Sdd.kernels.submit
379425915,379428041,2126,0,2126,:Sdd.D2H.submit,2569287,2569315,1,0,418,409,:409:418,--:Sdd.D2H.submit
379428441,379431501,3060,0,3060,:Mi.kernels.submit,2569287,2569315,1,0,419,409,:409:419,--:Mi.kernels.submit
379431622,379434002,2380,0,2380,:Mi.D2H.submit,2569287,2569315,1,0,420,409,:409:420,--:Mi.D2H.submit
379434100,379685929,251829,250983,846,:Cache.freeCacheData,2569287,2569315,1,2,421,409,:409:421,--:Cache.freeCacheData
379434461,379685135,250674,0,250674,:Cache.stream_sync,2569287,2569315,2,0,422,421,:409:421:422,----:Cache.stream_sync
379453710,379456939,3229,0,3229,:Cel.kernels.submit,2569287,2569316,1,0,423,412,:412:423,--:Cel.kernels.submit
379457065,379459494,2429,0,2429,:Cel.D2H.submit,2569287,2569316,1,0,424,412,:412:424,--:Cel.D2H.submit
379459708,379462644,2936,0,2936,:Sdd.kernels.submit,2569287,2569316,1,0,425,412,:412:425,--:Sdd.kernels.submit
379462854,379465137,2283,0,2283,:Sdd.D2H.submit,2569287,2569316,1,0,426,412,:412:426,--:Sdd.D2H.submit
379465399,379468253,2854,0,2854,:Mi.kernels.submit,2569287,2569316,1,0,427,412,:412:427,--:Mi.kernels.submit
379468459,379470585,2126,0,2126,:Mi.D2H.submit,2569287,2569316,1,0,428,412,:412:428,--:Mi.D2H.submit
379470708,379763642,292934,292308,626,:Cache.freeCacheData,2569287,2569316,1,2,429,412,:412:429,--:Cache.freeCacheData
379470813,379762799,291986,0,291986,:Cache.stream_sync,2569287,2569316,2,0,430,429,:412:429:430,----:Cache.stream_sync
379566839,379567069,230,0,230,:Cache.publish_release,2569287,2569317,2,0,431,397,:384:397:431,----:Cache.publish_release
379621166,380030111,408945,349926,59019,:Task.execute,2569287,2569317,0,9,432,,:432,:Task.execute
379621837,379622110,273,0,273,:Cache.getCacheData,2569287,2569317,1,0,433,432,:432:433,--:Cache.getCacheData
379622190,379676818,54628,0,54628,:Frame.H2D.submit_with_staging,2569287,2569317,1,0,434,432,:432:434,--:Frame.H2D.submit_with_staging
379623411,379623803,392,0,392,:Cache.publish_release,2569287,2569318,2,0,435,406,:391:406:435,----:Cache.publish_release
379676934,379680333,3399,0,3399,:Cel.kernels.submit,2569287,2569317,1,0,436,432,:432:436,--:Cel.kernels.submit
379680432,379682768,2336,0,2336,:Cel.D2H.submit,2569287,2569317,1,0,437,432,:432:437,--:Cel.D2H.submit
379682865,379685521,2656,0,2656,:Sdd.kernels.submit,2569287,2569317,1,0,438,432,:432:438,--:Sdd.kernels.submit
379685331,379685640,309,0,309,:Cache.publish_release,2569287,2569315,2,0,439,421,:409:421:439,----:Cache.publish_release
379685688,379688017,2329,0,2329,:Sdd.D2H.submit,2569287,2569317,1,0,440,432,:432:440,--:Sdd.D2H.submit
379687278,380144254,456976,394186,62790,:Task.execute,2569287,2569318,0,9,441,,:441,:Task.execute
379688148,379690865,2717,0,2717,:Mi.kernels.submit,2569287,2569317,1,0,442,432,:432:442,--:Mi.kernels.submit
379688665,379688987,322,0,322,:Cache.getCacheData,2569287,2569318,1,0,443,441,:441:443,--:Cache.getCacheData
379689073,379754642,65569,0,65569,:Frame.H2D.submit_with_staging,2569287,2569318,1,0,444,441,:441:444,--:Frame.H2D.submit_with_staging
379690973,379694089,3116,0,3116,:Mi.D2H.submit,2569287,2569317,1,0,445,432,:432:445,--:Mi.D2H.submit
379694259,379972731,278472,278058,414,:Cache.freeCacheData,2569287,2569317,1,2,446,432,:432:446,--:Cache.freeCacheData
379694413,379971863,277450,0,277450,:Cache.stream_sync,2569287,2569317,2,0,447,446,:432:446:447,----:Cache.stream_sync
379754775,379758680,3905,0,3905,:Cel.kernels.submit,2569287,2569318,1,0,448,441,:441:448,--:Cel.kernels.submit
379758800,379761720,2920,0,2920,:Cel.D2H.submit,2569287,2569318,1,0,449,441,:441:449,--:Cel.D2H.submit
379761947,380231748,469801,396630,73171,:Task.execute,2569287,2569315,0,9,450,,:450,:Task.execute
379762297,379765634,3337,0,3337,:Sdd.kernels.submit,2569287,2569318,1,0,451,441,:441:451,--:Sdd.kernels.submit
379762843,379763207,364,0,364,:Cache.getCacheData,2569287,2569315,1,0,452,450,:450:452,--:Cache.getCacheData
379763168,379763490,322,0,322,:Cache.publish_release,2569287,2569316,2,0,453,429,:412:429:453,----:Cache.publish_release
379763276,379825863,62587,0,62587,:Frame.H2D.submit_with_staging,2569287,2569315,1,0,454,450,:450:454,--:Frame.H2D.submit_with_staging
379765917,379768668,2751,0,2751,:Sdd.D2H.submit,2569287,2569318,1,0,455,441,:441:455,--:Sdd.D2H.submit
379768816,379772084,3268,0,3268,:Mi.kernels.submit,2569287,2569318,1,0,456,441,:441:456,--:Mi.kernels.submit
379772224,379774337,2113,0,2113,:Mi.D2H.submit,2569287,2569318,1,0,457,441,:441:457,--:Mi.D2H.submit
379774487,380084488,310001,309531,470,:Cache.freeCacheData,2569287,2569318,1,2,458,441,:441:458,--:Cache.freeCacheData
379774601,380083759,309158,0,309158,:Cache.stream_sync,2569287,2569318,2,0,459,458,:441:458:459,----:Cache.stream_sync
379825974,379829363,3389,0,3389,:Cel.kernels.submit,2569287,2569315,1,0,460,450,:450:460,--:Cel.kernels.submit
379829882,379832574,2692,0,2692,:Cel.D2H.submit,2569287,2569315,1,0,461,450,:450:461,--:Cel.D2H.submit
379832674,379835388,2714,0,2714,:Sdd.kernels.submit,2569287,2569315,1,0,462,450,:450:462,--:Sdd.kernels.submit
379835437,380281870,446433,367804,78629,:Task.execute,2569287,2569316,0,9,463,,:463,:Task.execute
379835524,379837647,2123,0,2123,:Sdd.D2H.submit,2569287,2569315,1,0,464,450,:450:464,--:Sdd.D2H.submit
379836059,379836296,237,0,237,:Cache.getCacheData,2569287,2569316,1,0,465,463,:463:465,--:Cache.getCacheData
379836368,379883003,46635,0,46635,:Frame.H2D.submit_with_staging,2569287,2569316,1,0,466,463,:463:466,--:Frame.H2D.submit_with_staging
379837938,379841222,3284,0,3284,:Mi.kernels.submit,2569287,2569315,1,0,467,450,:450:467,--:Mi.kernels.submit
379841342,379843287,1945,0,1945,:Mi.D2H.submit,2569287,2569315,1,0,468,450,:450:468,--:Mi.D2H.submit
379843397,380160929,317532,317054,478,:Cache.freeCacheData,2569287,2569315,1,2,469,450,:450:469,--:Cache.freeCacheData
379843493,380160195,316702,0,316702,:Cache.stream_sync,2569287,2569315,2,0,470,469,:450:469:470,----:Cache.stream_sync
379883112,379886454,3342,0,3342,:Cel.kernels.submit,2569287,2569316,1,0,471,463,:463:471,--:Cel.kernels.submit
379886570,379889320,2750,0,2750,:Cel.D2H.submit,2569287,2569316,1,0,472,463,:463:472,--:Cel.D2H.submit
379889417,379892188,2771,0,2771,:Sdd.kernels.submit,2569287,2569316,1,0,473,463,:463:473,--:Sdd.kernels.submit
379892415,379894657,2242,0,2242,:Sdd.D2H.submit,2569287,2569316,1,0,474,463,:463:474,--:Sdd.D2H.submit
379895012,379898254,3242,0,3242,:Mi.kernels.submit,2569287,2569316,1,0,475,463,:463:475,--:Mi.kernels.submit
379898366,379900366,2000,0,2000,:Mi.D2H.submit,2569287,2569316,1,0,476,463,:463:476,--:Mi.D2H.submit
379900464,380205049,304585,303710,875,:Cache.freeCacheData,2569287,2569316,1,2,477,463,:463:477,--:Cache.freeCacheData
379900560,380203746,303186,0,303186,:Cache.stream_sync,2569287,2569316,2,0,478,477,:463:477:478,----:Cache.stream_sync
379972050,379972658,608,0,608,:Cache.publish_release,2569287,2569317,2,0,479,446,:432:446:479,----:Cache.publish_release
380030441,380430180,399739,357557,42182,:Task.execute,2569287,2569317,0,9,480,,:480,:Task.execute
380031266,380031516,250,0,250,:Cache.getCacheData,2569287,2569317,1,0,481,480,:480:481,--:Cache.getCacheData
380031593,380065302,33709,0,33709,:Frame.H2D.submit_with_staging,2569287,2569317,1,0,482,480,:480:482,--:Frame.H2D.submit_with_staging
380065423,380068765,3342,0,3342,:Cel.kernels.submit,2569287,2569317,1,0,483,480,:480:483,--:Cel.kernels.submit
380068893,380075003,6110,0,6110,:Cel.D2H.submit,2569287,2569317,1,0,484,480,:480:484,--:Cel.D2H.submit
380075388,380078278,2890,0,2890,:Sdd.kernels.submit,2569287,2569317,1,0,485,480,:480:485,--:Sdd.kernels.submit
380078471,380080821,2350,0,2350,:Sdd.D2H.submit,2569287,2569317,1,0,486,480,:480:486,--:Sdd.D2H.submit
380081069,380083696,2627,0,2627,:Mi.kernels.submit,2569287,2569317,1,0,487,480,:480:487,--:Mi.kernels.submit
380083970,380084343,373,0,373,:Cache.publish_release,2569287,2569318,2,0,488,458,:441:458:488,----:Cache.publish_release
380083999,380088237,4238,0,4238,:Mi.D2H.submit,2569287,2569317,1,0,489,480,:480:489,--:Mi.D2H.submit
380088523,380390564,302041,301607,434,:Cache.freeCacheData,2569287,2569317,1,2,490,480,:480:490,--:Cache.freeCacheData
380088744,380390033,301289,0,301289,:Cache.stream_sync,2569287,2569317,2,0,491,490,:480:490:491,----:Cache.stream_sync
380144605,380537799,393194,334643,58551,:Task.execute,2569287,2569318,0,9,492,,:492,:Task.execute
380145341,380145881,540,0,540,:Cache.getCacheData,2569287,2569318,1,0,493,492,:492:493,--:Cache.getCacheData
380146173,380195454,49281,0,49281,:Frame.H2D.submit_with_staging,2569287,2569318,1,0,494,492,:492:494,--:Frame.H2D.submit_with_staging
380160412,380160764,352,0,352,:Cache.publish_release,2569287,2569315,2,0,495,469,:450:469:495,----:Cache.publish_release
380195607,380199467,3860,0,3860,:Cel.kernels.submit,2569287,2569318,1,0,496,492,:492:496,--:Cel.kernels.submit
380199602,380202671,3069,0,3069,:Cel.D2H.submit,2569287,2569318,1,0,497,492,:492:497,--:Cel.D2H.submit
380202853,380206302,3449,0,3449,:Sdd.kernels.submit,2569287,2569318,1,0,498,492,:492:498,--:Sdd.kernels.submit
380203956,380204480,524,0,524,:Cache.publish_release,2569287,2569316,2,0,499,477,:463:477:499,----:Cache.publish_release
380206548,380209324,2776,0,2776,:Sdd.D2H.submit,2569287,2569318,1,0,500,492,:492:500,--:Sdd.D2H.submit
380210021,380213035,3014,0,3014,:Mi.kernels.submit,2569287,2569318,1,0,501,492,:492:501,--:Mi.kernels.submit
380216174,380218356,2182,0,2182,:Mi.D2H.submit,2569287,2569318,1,0,502,492,:492:502,--:Mi.D2H.submit
380218713,380485185,266472,265776,696,:Cache.freeCacheData,2569287,2569318,1,2,503,492,:492:503,--:Cache.freeCacheData
380219075,380484454,265379,0,265379,:Cache.stream_sync,2569287,2569318,2,0,504,503,:492:503:504,----:Cache.stream_sync
380232030,380679154,447124,393604,53520,:Task.execute,2569287,2569315,0,9,505,,:505,:Task.execute
380233007,380233532,525,0,525,:Cache.getCacheData,2569287,2569315,1,0,506,505,:505:506,--:Cache.getCacheData
380233792,380294953,61161,0,61161,:Frame.H2D.submit_with_staging,2569287,2569315,1,0,507,505,:505:507,--:Frame.H2D.submit_with_staging
380282418,380707098,424680,363883,60797,:Task.execute,2569287,2569316,0,9,508,,:508,:Task.execute
380283292,380283749,457,0,457,:Cache.getCacheData,2569287,2569316,1,0,509,508,:508:509,--:Cache.getCacheData
380284158,380332076,47918,0,47918,:Frame.H2D.submit_with_staging,2569287,2569316,1,0,510,508,:508:510,--:Frame.H2D.submit_with_staging
380295161,380299304,4143,0,4143,:Cel.kernels.submit,2569287,2569315,1,0,511,505,:505:511,--:Cel.kernels.submit
380299407,380302729,3322,0,3322,:Cel.D2H.submit,2569287,2569315,1,0,512,505,:505:512,--:Cel.D2H.submit
380302832,380305940,3108,0,3108,:Sdd.kernels.submit,2569287,2569315,1,0,513,505,:505:513,--:Sdd.kernels.submit
380306063,380308158,2095,0,2095,:Sdd.D2H.submit,2569287,2569315,1,0,514,505,:505:514,--:Sdd.D2H.submit
380308262,380311441,3179,0,3179,:Mi.kernels.submit,2569287,2569315,1,0,515,505,:505:515,--:Mi.kernels.submit
380311550,380317879,6329,0,6329,:Mi.D2H.submit,2569287,2569315,1,0,516,505,:505:516,--:Mi.D2H.submit
380318358,380628100,309742,309121,621,:Cache.freeCacheData,2569287,2569315,1,2,517,505,:505:517,--:Cache.freeCacheData
380318787,380627657,308870,0,308870,:Cache.stream_sync,2569287,2569315,2,0,518,517,:505:517:518,----:Cache.stream_sync
380332193,380335537,3344,0,3344,:Cel.kernels.submit,2569287,2569316,1,0,519,508,:508:519,--:Cel.kernels.submit
380335764,380338711,2947,0,2947,:Cel.D2H.submit,2569287,2569316,1,0,520,508,:508:520,--:Cel.D2H.submit
380339026,380341865,2839,0,2839,:Sdd.kernels.submit,2569287,2569316,1,0,521,508,:508:521,--:Sdd.kernels.submit
380341988,380344138,2150,0,2150,:Sdd.D2H.submit,2569287,2569316,1,0,522,508,:508:522,--:Sdd.D2H.submit
380344240,380346842,2602,0,2602,:Mi.kernels.submit,2569287,2569316,1,0,523,508,:508:523,--:Mi.kernels.submit
380346979,380350991,4012,0,4012,:Mi.D2H.submit,2569287,2569316,1,0,524,508,:508:524,--:Mi.D2H.submit
380351129,380648743,297614,297003,611,:Cache.freeCacheData,2569287,2569316,1,2,525,508,:508:525,--:Cache.freeCacheData
380351362,380648128,296766,0,296766,:Cache.stream_sync,2569287,2569316,2,0,526,525,:508:525:526,----:Cache.stream_sync
380390174,380390492,318,0,318,:Cache.publish_release,2569287,2569317,2,0,527,490,:480:490:527,----:Cache.publish_release
380430467,380806906,376439,319202,57237,:Task.execute,2569287,2569317,0,9,528,,:528,:Task.execute
380431098,380431454,356,0,356,:Cache.getCacheData,2569287,2569317,1,0,529,528,:528:529,--:Cache.getCacheData
380431646,380460032,28386,0,28386,:Frame.H2D.submit_with_staging,2569287,2569317,1,0,530,528,:528:530,--:Frame.H2D.submit_with_staging
380460189,380463773,3584,0,3584,:Cel.kernels.submit,2569287,2569317,1,0,531,528,:528:531,--:Cel.kernels.submit
380463900,380466269,2369,0,2369,:Cel.D2H.submit,2569287,2569317,1,0,532,528,:528:532,--:Cel.D2H.submit
380466473,380469367,2894,0,2894,:Sdd.kernels.submit,2569287,2569317,1,0,533,528,:528:533,--:Sdd.kernels.submit
380469502,380472053,2551,0,2551,:Sdd.D2H.submit,2569287,2569317,1,0,534,528,:528:534,--:Sdd.D2H.submit
380472303,380475110,2807,0,2807,:Mi.kernels.submit,2569287,2569317,1,0,535,528,:528:535,--:Mi.kernels.submit
380475330,380477591,2261,0,2261,:Mi.D2H.submit,2569287,2569317,1,0,536,528,:528:536,--:Mi.D2H.submit
380477697,380751691,273994,273676,318,:Cache.freeCacheData,2569287,2569317,1,2,537,528,:528:537,--:Cache.freeCacheData
380477842,380751213,273371,0,273371,:Cache.stream_sync,2569287,2569317,2,0,538,537,:528:537:538,----:Cache.stream_sync
380484720,380485117,397,0,397,:Cache.publish_release,2569287,2569318,2,0,539,503,:492:503:539,----:Cache.publish_release
380538128,380939678,401550,359364,42186,:Task.execute,2569287,2569318,0,9,540,,:540,:Task.execute
380538971,380539387,416,0,416,:Cache.getCacheData,2569287,2569318,1,0,541,540,:540:541,--:Cache.getCacheData
380539466,380579409,39943,0,39943,:Frame.H2D.submit_with_staging,2569287,2569318,1,0,542,540,:540:542,--:Frame.H2D.submit_with_staging
380579611,380583693,4082,0,4082,:Cel.kernels.submit,2569287,2569318,1,0,543,540,:540:543,--:Cel.kernels.submit
380583830,380586758,2928,0,2928,:Cel.D2H.submit,2569287,2569318,1,0,544,540,:540:544,--:Cel.D2H.submit
380587015,380590044,3029,0,3029,:Sdd.kernels.submit,2569287,2569318,1,0,545,540,:540:545,--:Sdd.kernels.submit
380590186,380592328,2142,0,2142,:Sdd.D2H.submit,2569287,2569318,1,0,546,540,:540:546,--:Sdd.D2H.submit
380592540,380595357,2817,0,2817,:Mi.kernels.submit,2569287,2569318,1,0,547,540,:540:547,--:Mi.kernels.submit
380595567,380597561,1994,0,1994,:Mi.D2H.submit,2569287,2569318,1,0,548,540,:540:548,--:Mi.D2H.submit
380597676,380899689,302013,301599,414,:Cache.freeCacheData,2569287,2569318,1,2,549,540,:540:549,--:Cache.freeCacheData
380597807,380899168,301361,0,301361,:Cache.stream_sync,2569287,2569318,2,0,550,549,:540:549:550,----:Cache.stream_sync
380627774,380628025,251,0,251,:Cache.publish_release,2569287,2569315,2,0,551,517,:505:517:551,----:Cache.publish_release
380648346,380648583,237,0,237,:Cache.publish_release,2569287,2569316,2,0,552,525,:508:525:552,----:Cache.publish_release
380679424,381063215,383791,342626,41165,:Task.execute,2569287,2569315,0,9,553,,:553,:Task.execute
380680088,380680414,326,0,326,:Cache.getCacheData,2569287,2569315,1,0,554,553,:553:554,--:Cache.getCacheData
380680488,380726495,46007,0,46007,:Frame.H2D.submit_with_staging,2569287,2569315,1,0,555,553,:553:555,--:Frame.H2D.submit_with_staging
380707430,381130729,423299,356443,66856,:Task.execute,2569287,2569316,0,9,556,,:556,:Task.execute
380708185,380708727,542,0,542,:Cache.getCacheData,2569287,2569316,1,0,557,556,:556:557,--:Cache.getCacheData
380708926,380756736,47810,0,47810,:Frame.H2D.submit_with_staging,2569287,2569316,1,0,558,556,:556:558,--:Frame.H2D.submit_with_staging
380726614,380730587,3973,0,3973,:Cel.kernels.submit,2569287,2569315,1,0,559,553,:553:559,--:Cel.kernels.submit
380730698,380733270,2572,0,2572,:Cel.D2H.submit,2569287,2569315,1,0,560,553,:553:560,--:Cel.D2H.submit
380733656,380736443,2787,0,2787,:Sdd.kernels.submit,2569287,2569315,1,0,561,553,:553:561,--:Sdd.kernels.submit
380736563,380738807,2244,0,2244,:Sdd.D2H.submit,2569287,2569315,1,0,562,553,:553:562,--:Sdd.D2H.submit
380739003,380741806,2803,0,2803,:Mi.kernels.submit,2569287,2569315,1,0,563,553,:553:563,--:Mi.kernels.submit
380741929,380744207,2278,0,2278,:Mi.D2H.submit,2569287,2569315,1,0,564,553,:553:564,--:Mi.D2H.submit
380744304,381023940,279636,279249,387,:Cache.freeCacheData,2569287,2569315,1,2,565,553,:553:565,--:Cache.freeCacheData
380744537,381023568,279031,0,279031,:Cache.stream_sync,2569287,2569315,2,0,566,565,:553:565:566,----:Cache.stream_sync
380751321,380751626,305,0,305,:Cache.publish_release,2569287,2569317,2,0,567,537,:528:537:567,----:Cache.publish_release
380756848,380760459,3611,0,3611,:Cel.kernels.submit,2569287,2569316,1,0,568,556,:556:568,--:Cel.kernels.submit
380760591,380763517,2926,0,2926,:Cel.D2H.submit,2569287,2569316,1,0,569,556,:556:569,--:Cel.D2H.submit
380764139,380767340,3201,0,3201,:Sdd.kernels.submit,2569287,2569316,1,0,570,556,:556:570,--:Sdd.kernels.submit
380767548,380769655,2107,0,2107,:Sdd.D2H.submit,2569287,2569316,1,0,571,556,:556:571,--:Sdd.D2H.submit
380769892,380772973,3081,0,3081,:Mi.kernels.submit,2569287,2569316,1,0,572,556,:556:572,--:Mi.kernels.submit
380773437,380775681,2244,0,2244,:Mi.D2H.submit,2569287,2569316,1,0,573,556,:556:573,--:Mi.D2H.submit
380775960,381066881,290921,290414,507,:Cache.freeCacheData,2569287,2569316,1,2,574,556,:556:574,--:Cache.freeCacheData
380776196,381066366,290170,0,290170,:Cache.stream_sync,2569287,2569316,2,0,575,574,:556:574:575,----:Cache.stream_sync
380807180,381188113,380933,302909,78024,:Task.execute,2569287,2569317,0,9,576,,:576,:Task.execute
380807956,380808234,278,0,278,:Cache.getCacheData,2569287,2569317,1,0,577,576,:576:577,--:Cache.getCacheData
380808333,380855010,46677,0,46677,:Frame.H2D.submit_with_staging,2569287,2569317,1,0,578,576,:576:578,--:Frame.H2D.submit_with_staging
380855131,380858380,3249,0,3249,:Cel.kernels.submit,2569287,2569317,1,0,579,576,:576:579,--:Cel.kernels.submit
380858499,380860725,2226,0,2226,:Cel.D2H.submit,2569287,2569317,1,0,580,576,:576:580,--:Cel.D2H.submit
380860846,380863418,2572,0,2572,:Sdd.kernels.submit,2569287,2569317,1,0,581,576,:576:581,--:Sdd.kernels.submit
380863562,380865826,2264,0,2264,:Sdd.D2H.submit,2569287,2569317,1,0,582,576,:576:582,--:Sdd.D2H.submit
380865959,380868672,2713,0,2713,:Mi.kernels.submit,2569287,2569317,1,0,583,576,:576:583,--:Mi.kernels.submit
380868772,380870793,2021,0,2021,:Mi.D2H.submit,2569287,2569317,1,0,584,576,:576:584,--:Mi.D2H.submit
380870897,381111806,240909,240587,322,:Cache.freeCacheData,2569287,2569317,1,2,585,576,:576:585,--:Cache.freeCacheData
380871021,381111286,240265,0,240265,:Cache.stream_sync,2569287,2569317,2,0,586,585,:576:585:586,----:Cache.stream_sync
380899247,380899485,238,0,238,:Cache.publish_release,2569287,2569318,2,0,587,549,:540:549:587,----:Cache.publish_release
380940010,381312610,372600,321386,51214,:Task.execute,2569287,2569318,0,9,588,,:588,:Task.execute
380940721,380940941,220,0,220,:Cache.getCacheData,2569287,2569318,1,0,589,588,:588:589,--:Cache.getCacheData
380941201,380971526,30325,0,30325,:Frame.H2D.submit_with_staging,2569287,2569318,1,0,590,588,:588:590,--:Frame.H2D.submit_with_staging
380971642,380975100,3458,0,3458,:Cel.kernels.submit,2569287,2569318,1,0,591,588,:588:591,--:Cel.kernels.submit
380975211,380977433,2222,0,2222,:Cel.D2H.submit,2569287,2569318,1,0,592,588,:588:592,--:Cel.D2H.submit
380977639,380980671,3032,0,3032,:Sdd.kernels.submit,2569287,2569318,1,0,593,588,:588:593,--:Sdd.kernels.submit
380980904,380982897,1993,0,1993,:Sdd.D2H.submit,2569287,2569318,1,0,594,588,:588:594,--:Sdd.D2H.submit
380983016,380986066,3050,0,3050,:Mi.kernels.submit,2569287,2569318,1,0,595,588,:588:595,--:Mi.kernels.submit
380986212,380988175,1963,0,1963,:Mi.D2H.submit,2569287,2569318,1,0,596,588,:588:596,--:Mi.D2H.submit
380988260,381263383,275123,274714,409,:Cache.freeCacheData,2569287,2569318,1,2,597,588,:588:597,--:Cache.freeCacheData
380988355,381262712,274357,0,274357,:Cache.stream_sync,2569287,2569318,2,0,598,597,:588:597:598,----:Cache.stream_sync
381023655,381023873,218,0,218,:Cache.publish_release,2569287,2569315,2,0,599,565,:553:565:599,----:Cache.publish_release
381063520,381489173,425653,388594,37059,:Task.execute,2569287,2569315,0,9,600,,:600,:Task.execute
381064540,381064806,266,0,266,:Cache.getCacheData,2569287,2569315,1,0,601,600,:600:601,--:Cache.getCacheData
381064881,381111644,46763,0,46763,:Frame.H2D.submit_with_staging,2569287,2569315,1,0,602,600,:600:602,--:Frame.H2D.submit_with_staging
381066468,381066712,244,0,244,:Cache.publish_release,2569287,2569316,2,0,603,574,:556:574:603,----:Cache.publish_release
381111392,381111714,322,0,322,:Cache.publish_release,2569287,2569317,2,0,604,585,:576:585:604,----:Cache.publish_release
381111914,381115049,3135,0,3135,:Cel.kernels.submit,2569287,2569315,1,0,605,600,:600:605,--:Cel.kernels.submit
381115158,381118156,2998,0,2998,:Cel.D2H.submit,2569287,2569315,1,0,606,600,:600:606,--:Cel.D2H.submit
381118251,381121114,2863,0,2863,:Sdd.kernels.submit,2569287,2569315,1,0,607,600,:600:607,--:Sdd.kernels.submit
381121300,381123687,2387,0,2387,:Sdd.D2H.submit,2569287,2569315,1,0,608,600,:600:608,--:Sdd.D2H.submit
381123796,381127091,3295,0,3295,:Mi.kernels.submit,2569287,2569315,1,0,609,600,:600:609,--:Mi.kernels.submit
381127191,381129400,2209,0,2209,:Mi.D2H.submit,2569287,2569315,1,0,610,600,:600:610,--:Mi.D2H.submit
381129504,381454182,324678,324412,266,:Cache.freeCacheData,2569287,2569315,1,2,611,600,:600:611,--:Cache.freeCacheData
381129603,381453684,324081,0,324081,:Cache.stream_sync,2569287,2569315,2,0,612,611,:600:611:612,----:Cache.stream_sync
381131769,381553831,422062,355085,66977,:Task.execute,2569287,2569316,0,9,613,,:613,:Task.execute
381132857,381133654,797,0,797,:Cache.getCacheData,2569287,2569316,1,0,614,613,:613:614,--:Cache.getCacheData
381133731,381193334,59603,0,59603,:Frame.H2D.submit_with_staging,2569287,2569316,1,0,615,613,:613:615,--:Frame.H2D.submit_with_staging
381188427,381632524,444097,350258,93839,:Task.execute,2569287,2569317,0,9,616,,:616,:Task.execute
381189826,381190138,312,0,312,:Cache.getCacheData,2569287,2569317,1,0,617,616,:616:617,--:Cache.getCacheData
381190378,381234042,43664,0,43664,:Frame.H2D.submit_with_staging,2569287,2569317,1,0,618,616,:616:618,--:Frame.H2D.submit_with_staging
381193494,381196748,3254,0,3254,:Cel.kernels.submit,2569287,2569316,1,0,619,613,:613:619,--:Cel.kernels.submit
381196856,381199910,3054,0,3054,:Cel.D2H.submit,2569287,2569316,1,0,620,613,:613:620,--:Cel.D2H.submit
381200020,381202747,2727,0,2727,:Sdd.kernels.submit,2569287,2569316,1,0,621,613,:613:621,--:Sdd.kernels.submit
381202941,381205130,2189,0,2189,:Sdd.D2H.submit,2569287,2569316,1,0,622,613,:613:622,--:Sdd.D2H.submit
381205332,381208177,2845,0,2845,:Mi.kernels.submit,2569287,2569316,1,0,623,613,:613:623,--:Mi.kernels.submit
381208305,381210318,2013,0,2013,:Mi.D2H.submit,2569287,2569316,1,0,624,613,:613:624,--:Mi.D2H.submit
381210416,381489019,278603,278263,340,:Cache.freeCacheData,2569287,2569316,1,2,625,613,:613:625,--:Cache.freeCacheData
381210513,381488394,277881,0,277881,:Cache.stream_sync,2569287,2569316,2,0,626,625,:613:625:626,----:Cache.stream_sync
381234147,381237601,3454,0,3454,:Cel.kernels.submit,2569287,2569317,1,0,627,616,:616:627,--:Cel.kernels.submit
381237724,381240093,2369,0,2369,:Cel.D2H.submit,2569287,2569317,1,0,628,616,:616:628,--:Cel.D2H.submit
381240647,381243203,2556,0,2556,:Sdd.kernels.submit,2569287,2569317,1,0,629,616,:616:629,--:Sdd.kernels.submit
381243338,381245438,2100,0,2100,:Sdd.D2H.submit,2569287,2569317,1,0,630,616,:616:630,--:Sdd.D2H.submit
381245557,381247880,2323,0,2323,:Mi.kernels.submit,2569287,2569317,1,0,631,616,:616:631,--:Mi.kernels.submit
381248003,381250053,2050,0,2050,:Mi.D2H.submit,2569287,2569317,1,0,632,616,:616:632,--:Mi.D2H.submit
381250150,381541580,291430,290830,600,:Cache.freeCacheData,2569287,2569317,1,2,633,616,:616:633,--:Cache.freeCacheData
381250341,381540800,290459,0,290459,:Cache.stream_sync,2569287,2569317,2,0,634,633,:616:633:634,----:Cache.stream_sync
381262884,381263241,357,0,357,:Cache.publish_release,2569287,2569318,2,0,635,597,:588:597:635,----:Cache.publish_release
381312840,381708958,396118,318997,77121,:Task.execute,2569287,2569318,0,9,636,,:636,:Task.execute
381313749,381314123,374,0,374,:Cache.getCacheData,2569287,2569318,1,0,637,636,:636:637,--:Cache.getCacheData
381314199,381343283,29084,0,29084,:Frame.H2D.submit_with_staging,2569287,2569318,1,0,638,636,:636:638,--:Frame.H2D.submit_with_staging
381343410,381346710,3300,0,3300,:Cel.kernels.submit,2569287,2569318,1,0,639,636,:636:639,--:Cel.kernels.submit
381347322,381349768,2446,0,2446,:Cel.D2H.submit,2569287,2569318,1,0,640,636,:636:640,--:Cel.D2H.submit
381349950,381352687,2737,0,2737,:Sdd.kernels.submit,2569287,2569318,1,0,641,636,:636:641,--:Sdd.kernels.submit
381352798,381354914,2116,0,2116,:Sdd.D2H.submit,2569287,2569318,1,0,642,636,:636:642,--:Sdd.D2H.submit
381355115,381357817,2702,0,2702,:Mi.kernels.submit,2569287,2569318,1,0,643,636,:636:643,--:Mi.kernels.submit
381358019,381359962,1943,0,1943,:Mi.D2H.submit,2569287,2569318,1,0,644,636,:636:644,--:Mi.D2H.submit
381360146,381634441,274295,273708,587,:Cache.freeCacheData,2569287,2569318,1,2,645,636,:636:645,--:Cache.freeCacheData
381360418,381633646,273228,0,273228,:Cache.stream_sync,2569287,2569318,2,0,646,645,:636:645:646,----:Cache.stream_sync
381453773,381454104,331,0,331,:Cache.publish_release,2569287,2569315,2,0,647,611,:600:611:647,----:Cache.publish_release
381488497,381488879,382,0,382,:Cache.publish_release,2569287,2569316,2,0,648,625,:613:625:648,----:Cache.publish_release
381489468,381868901,379433,341267,38166,:Task.execute,2569287,2569315,0,9,649,,:649,:Task.execute
381490204,381490554,350,0,350,:Cache.getCacheData,2569287,2569315,1,0,650,649,:649:650,--:Cache.getCacheData
381490820,381545037,54217,0,54217,:Frame.H2D.submit_with_staging,2569287,2569315,1,0,651,649,:649:651,--:Frame.H2D.submit_with_staging
381541123,381541494,371,0,371,:Cache.publish_release,2569287,2569317,2,0,652,633,:616:633:652,----:Cache.publish_release
381545148,381548608,3460,0,3460,:Cel.kernels.submit,2569287,2569315,1,0,653,649,:649:653,--:Cel.kernels.submit
381548880,381554307,5427,0,5427,:Cel.D2H.submit,2569287,2569315,1,0,654,649,:649:654,--:Cel.D2H.submit
381554230,381988872,434642,394140,40502,:Task.execute,2569287,2569316,0,9,655,,:655,:Task.execute
381554485,381557612,3127,0,3127,:Sdd.kernels.submit,2569287,2569315,1,0,656,649,:649:656,--:Sdd.kernels.submit
381555182,381555606,424,0,424,:Cache.getCacheData,2569287,2569316,1,0,657,655,:655:657,--:Cache.getCacheData
381555768,381636732,80964,0,80964,:Frame.H2D.submit_with_staging,2569287,2569316,1,0,658,655,:655:658,--:Frame.H2D.submit_with_staging
381557710,381559848,2138,0,2138,:Sdd.D2H.submit,2569287,2569315,1,0,659,649,:649:659,--:Sdd.D2H.submit
381560144,381562824,2680,0,2680,:Mi.kernels.submit,2569287,2569315,1,0,660,649,:649:660,--:Mi.kernels.submit
381562920,381565171,2251,0,2251,:Mi.D2H.submit,2569287,2569315,1,0,661,649,:649:661,--:Mi.D2H.submit
381565276,381832893,267617,267040,577,:Cache.freeCacheData,2569287,2569315,1,2,662,649,:649:662,--:Cache.freeCacheData
381565472,381832273,266801,0,266801,:Cache.stream_sync,2569287,2569315,2,0,663,662,:649:662:663,----:Cache.stream_sync
381632897,382059783,426886,372514,54372,:Task.execute,2569287,2569317,0,9,664,,:664,:Task.execute
381633809,381634289,480,0,480,:Cache.publish_release,2569287,2569318,2,0,665,645,:636:645:665,----:Cache.publish_release
381634028,381634495,467,0,467,:Cache.getCacheData,2569287,2569317,1,0,666,664,:664:666,--:Cache.getCacheData
381634682,381701195,66513,0,66513,:Frame.H2D.submit_with_staging,2569287,2569317,1,0,667,664,:664:667,--:Frame.H2D.submit_with_staging
381636903,381640512,3609,0,3609,:Cel.kernels.submit,2569287,2569316,1,0,668,655,:655:668,--:Cel.kernels.submit
381640889,381644061,3172,0,3172,:Cel.D2H.submit,2569287,2569316,1,0,669,655,:655:669,--:Cel.D2H.submit
381644167,381646917,2750,0,2750,:Sdd.kernels.submit,2569287,2569316,1,0,670,655,:655:670,--:Sdd.kernels.submit
381647053,381649922,2869,0,2869,:Sdd.D2H.submit,2569287,2569316,1,0,671,655,:655:671,--:Sdd.D2H.submit
381650028,381653282,3254,0,3254,:Mi.kernels.submit,2569287,2569316,1,0,672,655,:655:672,--:Mi.kernels.submit
381653406,381655471,2065,0,2065,:Mi.D2H.submit,2569287,2569316,1,0,673,655,:655:673,--:Mi.D2H.submit
381655575,381950608,295033,294410,623,:Cache.freeCacheData,2569287,2569316,1,2,674,655,:655:674,--:Cache.freeCacheData
381655943,381950039,294096,0,294096,:Cache.stream_sync,2569287,2569316,2,0,675,674,:655:674:675,----:Cache.stream_sync
381701534,381705784,4250,0,4250,:Cel.kernels.submit,2569287,2569317,1,0,676,664,:664:676,--:Cel.kernels.submit
381705913,381708611,2698,0,2698,:Cel.D2H.submit,2569287,2569317,1,0,677,664,:664:677,--:Cel.D2H.submit
381709120,381712441,3321,0,3321,:Sdd.kernels.submit,2569287,2569317,1,0,678,664,:664:678,--:Sdd.kernels.submit
381709461,382127418,417957,344977,72980,:Task.execute,2569287,2569318,0,9,679,,:679,:Task.execute
381710567,381711063,496,0,496,:Cache.getCacheData,2569287,2569318,1,0,680,679,:679:680,--:Cache.getCacheData
381711598,381758299,46701,0,46701,:Frame.H2D.submit_with_staging,2569287,2569318,1,0,681,679,:679:681,--:Frame.H2D.submit_with_staging
381712680,381715232,2552,0,2552,:Sdd.D2H.submit,2569287,2569317,1,0,682,664,:664:682,--:Sdd.D2H.submit
381715663,381718571,2908,0,2908,:Mi.kernels.submit,2569287,2569317,1,0,683,664,:664:683,--:Mi.kernels.submit
381718694,381721210,2516,0,2516,:Mi.D2H.submit,2569287,2569317,1,0,684,664,:664:684,--:Mi.D2H.submit
381721314,382008603,287289,286895,394,:Cache.freeCacheData,2569287,2569317,1,2,685,664,:664:685,--:Cache.freeCacheData
381721453,382008084,286631,0,286631,:Cache.stream_sync,2569287,2569317,2,0,686,685,:664:685:686,----:Cache.stream_sync
381758510,381762351,3841,0,3841,:Cel.kernels.submit,2569287,2569318,1,0,687,679,:679:687,--:Cel.kernels.submit
381762490,381764856,2366,0,2366,:Cel.D2H.submit,2569287,2569318,1,0,688,679,:679:688,--:Cel.D2H.submit
381765036,381767863,2827,0,2827,:Sdd.kernels.submit,2569287,2569318,1,0,689,679,:679:689,--:Sdd.kernels.submit
381768093,381770218,2125,0,2125,:Sdd.D2H.submit,2569287,2569318,1,0,690,679,:679:690,--:Sdd.D2H.submit
381770419,381773278,2859,0,2859,:Mi.kernels.submit,2569287,2569318,1,0,691,679,:679:691,--:Mi.kernels.submit
381773460,381775581,2121,0,2121,:Mi.D2H.submit,2569287,2569318,1,0,692,679,:679:692,--:Mi.D2H.submit
381775748,382057389,281641,281171,470,:Cache.freeCacheData,2569287,2569318,1,2,693,679,:679:693,--:Cache.freeCacheData
381775955,382056819,280864,0,280864,:Cache.stream_sync,2569287,2569318,2,0,694,693,:679:693:694,----:Cache.stream_sync
381832548,381832787,239,0,239,:Cache.publish_release,2569287,2569315,2,0,695,662,:649:662:695,----:Cache.publish_release
381869150,382278314,409164,356838,52326,:Task.execute,2569287,2569315,0,9,696,,:696,:Task.execute
381869941,381870258,317,0,317,:Cache.getCacheData,2569287,2569315,1,0,697,696,:696:697,--:Cache.getCacheData
381870476,381904582,34106,0,34106,:Frame.H2D.submit_with_staging,2569287,2569315,1,0,698,696,:696:698,--:Frame.H2D.submit_with_staging
381904788,381909002,4214,0,4214,:Cel.kernels.submit,2569287,2569315,1,0,699,696,:696:699,--:Cel.kernels.submit
381909120,381911616,2496,0,2496,:Cel.D2H.submit,2569287,2569315,1,0,700,696,:696:700,--:Cel.D2H.submit
381911718,381914587,2869,0,2869,:Sdd.kernels.submit,2569287,2569315,1,0,701,696,:696:701,--:Sdd.kernels.submit
381914703,381916932,2229,0,2229,:Sdd.D2H.submit,2569287,2569315,1,0,702,696,:696:702,--:Sdd.D2H.submit
381917062,381920051,2989,0,2989,:Mi.kernels.submit,2569287,2569315,1,0,703,696,:696:703,--:Mi.kernels.submit
381920179,381922566,2387,0,2387,:Mi.D2H.submit,2569287,2569315,1,0,704,696,:696:704,--:Mi.D2H.submit
381922667,382227898,305231,304869,362,:Cache.freeCacheData,2569287,2569315,1,2,705,696,:696:705,--:Cache.freeCacheData
381922767,382227159,304392,0,304392,:Cache.stream_sync,2569287,2569315,2,0,706,705,:696:705:706,----:Cache.stream_sync
381950190,381950504,314,0,314,:Cache.publish_release,2569287,2569316,2,0,707,674,:655:674:707,----:Cache.publish_release
381989208,382423393,434185,369086,65099,:Task.execute,2569287,2569316,0,9,708,,:708,:Task.execute
381990019,381990433,414,0,414,:Cache.getCacheData,2569287,2569316,1,0,709,708,:708:709,--:Cache.getCacheData
381990665,382030902,40237,0,40237,:Frame.H2D.submit_with_staging,2569287,2569316,1,0,710,708,:708:710,--:Frame.H2D.submit_with_staging
382008193,382008457,264,0,264,:Cache.publish_release,2569287,2569317,2,0,711,685,:664:685:711,----:Cache.publish_release
382031343,382035001,3658,0,3658,:Cel.kernels.submit,2569287,2569316,1,0,712,708,:708:712,--:Cel.kernels.submit
382035128,382037785,2657,0,2657,:Cel.D2H.submit,2569287,2569316,1,0,713,708,:708:713,--:Cel.D2H.submit
382037895,382040873,2978,0,2978,:Sdd.kernels.submit,2569287,2569316,1,0,714,708,:708:714,--:Sdd.kernels.submit
382041059,382043327,2268,0,2268,:Sdd.D2H.submit,2569287,2569316,1,0,715,708,:708:715,--:Sdd.D2H.submit
382043772,382046819,3047,0,3047,:Mi.kernels.submit,2569287,2569316,1,0,716,708,:708:716,--:Mi.kernels.submit
382047007,382049510,2503,0,2503,:Mi.D2H.submit,2569287,2569316,1,0,717,708,:708:717,--:Mi.D2H.submit
382049629,382360953,311324,310934,390,:Cache.freeCacheData,2569287,2569316,1,2,718,708,:708:718,--:Cache.freeCacheData
382049840,382360559,310719,0,310719,:Cache.stream_sync,2569287,2569316,2,0,719,718,:708:718:719,----:Cache.stream_sync
382056927,382057234,307,0,307,:Cache.publish_release,2569287,2569318,2,0,720,693,:679:693:720,----:Cache.publish_release
382060319,382460515,400196,336855,63341,:Task.execute,2569287,2569317,0,9,721,,:721,:Task.execute
382061254,382062478,1224,0,1224,:Cache.getCacheData,2569287,2569317,1,0,722,721,:721:722,--:Cache.getCacheData
382062579,382123994,61415,0,61415,:Frame.H2D.submit_with_staging,2569287,2569317,1,0,723,721,:721:723,--:Frame.H2D.submit_with_staging
382124099,382127515,3416,0,3416,:Cel.kernels.submit,2569287,2569317,1,0,724,721,:721:724,--:Cel.kernels.submit
382127682,382130225,2543,0,2543,:Cel.D2H.submit,2569287,2569317,1,0,725,721,:721:725,--:Cel.D2H.submit
382127893,382594675,466782,393222,73560,:Task.execute,2569287,2569318,0,9,726,,:726,:Task.execute
382129171,382129485,314,0,314,:Cache.getCacheData,2569287,2569318,1,0,727,726,:726:727,--:Cache.getCacheData
382129565,382179523,49958,0,49958,:Frame.H2D.submit_with_staging,2569287,2569318,1,0,728,726,:726:728,--:Frame.H2D.submit_with_staging
382130333,382133480,3147,0,3147,:Sdd.kernels.submit,2569287,2569317,1,0,729,721,:721:729,--:Sdd.kernels.submit
382133754,382136161,2407,0,2407,:Sdd.D2H.submit,2569287,2569317,1,0,730,721,:721:730,--:Sdd.D2H.submit
382136377,382139202,2825,0,2825,:Mi.kernels.submit,2569287,2569317,1,0,731,721,:721:731,--:Mi.kernels.submit
382139328,382141496,2168,0,2168,:Mi.D2H.submit,2569287,2569317,1,0,732,721,:721:732,--:Mi.D2H.submit
382141613,382399323,257710,257453,257,:Cache.freeCacheData,2569287,2569317,1,2,733,721,:721:733,--:Cache.freeCacheData
382141719,382398924,257205,0,257205,:Cache.stream_sync,2569287,2569317,2,0,734,733,:721:733:734,----:Cache.stream_sync
382179641,382183627,3986,0,3986,:Cel.kernels.submit,2569287,2569318,1,0,735,726,:726:735,--:Cel.kernels.submit
382183758,382186273,2515,0,2515,:Cel.D2H.submit,2569287,2569318,1,0,736,726,:726:736,--:Cel.D2H.submit
382186403,382189665,3262,0,3262,:Sdd.kernels.submit,2569287,2569318,1,0,737,726,:726:737,--:Sdd.kernels.submit
382189989,382192352,2363,0,2363,:Sdd.D2H.submit,2569287,2569318,1,0,738,726,:726:738,--:Sdd.D2H.submit
382192450,382195203,2753,0,2753,:Mi.kernels.submit,2569287,2569318,1,0,739,726,:726:739,--:Mi.kernels.submit
382195339,382197442,2103,0,2103,:Mi.D2H.submit,2569287,2569318,1,0,740,726,:726:740,--:Mi.D2H.submit
382197544,382523512,325968,325348,620,:Cache.freeCacheData,2569287,2569318,1,2,741,726,:726:741,--:Cache.freeCacheData
382197642,382522319,324677,0,324677,:Cache.stream_sync,2569287,2569318,2,0,742,741,:726:741:742,----:Cache.stream_sync
382227251,382227728,477,0,477,:Cache.publish_release,2569287,2569315,2,0,743,705,:696:705:743,----:Cache.publish_release
382278554,382707809,429255,364172,65083,:Task.execute,2569287,2569315,0,9,744,,:744,:Task.execute
382279291,382280021,730,0,730,:Cache.getCacheData,2569287,2569315,1,0,745,744,:744:745,--:Cache.getCacheData
382280102,382321689,41587,0,41587,:Frame.H2D.submit_with_staging,2569287,2569315,1,0,746,744,:744:746,--:Frame.H2D.submit_with_staging
382321808,382325674,3866,0,3866,:Cel.kernels.submit,2569287,2569315,1,0,747,744,:744:747,--:Cel.kernels.submit
382325801,382328442,2641,0,2641,:Cel.D2H.submit,2569287,2569315,1,0,748,744,:744:748,--:Cel.D2H.submit
382328546,382331933,3387,0,3387,:Sdd.kernels.submit,2569287,2569315,1,0,749,744,:744:749,--:Sdd.kernels.submit
382332121,382334406,2285,0,2285,:Sdd.D2H.submit,2569287,2569315,1,0,750,744,:744:750,--:Sdd.D2H.submit
382334510,382337518,3008,0,3008,:Mi.kernels.submit,2569287,2569315,1,0,751,744,:744:751,--:Mi.kernels.submit
382337643,382340116,2473,0,2473,:Mi.D2H.submit,2569287,2569315,1,0,752,744,:744:752,--:Mi.D2H.submit
382340220,382644415,304195,303852,343,:Cache.freeCacheData,2569287,2569315,1,2,753,744,:744:753,--:Cache.freeCacheData
382340318,382643539,303221,0,303221,:Cache.stream_sync,2569287,2569315,2,0,754,753,:744:753:754,----:Cache.stream_sync
382360667,382360882,215,0,215,:Cache.publish_release,2569287,2569316,2,0,755,718,:708:718:755,----:Cache.publish_release
382399007,382399255,248,0,248,:Cache.publish_release,2569287,2569317,2,0,756,733,:721:733:756,----:Cache.publish_release
382423699,382871476,447777,385678,62099,:Task.execute,2569287,2569316,0,9,757,,:757,:Task.execute
382424882,382425537,655,0,655,:Cache.getCacheData,2569287,2569316,1,0,758,757,:757:758,--:Cache.getCacheData
382425625,382476138,50513,0,50513,:Frame.H2D.submit_with_staging,2569287,2569316,1,0,759,757,:757:759,--:Frame.H2D.submit_with_staging
382462963,382897188,434225,374026,60199,:Task.execute,2569287,2569317,0,9,760,,:760,:Task.execute
382464448,382464932,484,0,484,:Cache.getCacheData,2569287,2569317,1,0,761,760,:760:761,--:Cache.getCacheData
382465103,382520149,55046,0,55046,:Frame.H2D.submit_with_staging,2569287,2569317,1,0,762,760,:760:762,--:Frame.H2D.submit_with_staging
382476358,382480472,4114,0,4114,:Cel.kernels.submit,2569287,2569316,1,0,763,757,:757:763,--:Cel.kernels.submit
382480600,382483891,3291,0,3291,:Cel.D2H.submit,2569287,2569316,1,0,764,757,:757:764,--:Cel.D2H.submit
382484275,382487745,3470,0,3470,:Sdd.kernels.submit,2569287,2569316,1,0,765,757,:757:765,--:Sdd.kernels.submit
382488457,382491193,2736,0,2736,:Sdd.D2H.submit,2569287,2569316,1,0,766,757,:757:766,--:Sdd.D2H.submit
382491775,382495029,3254,0,3254,:Mi.kernels.submit,2569287,2569316,1,0,767,757,:757:767,--:Mi.kernels.submit
382495177,382498442,3265,0,3265,:Mi.D2H.submit,2569287,2569316,1,0,768,757,:757:768,--:Mi.D2H.submit
382498592,382812972,314380,313935,445,:Cache.freeCacheData,2569287,2569316,1,2,769,757,:757:769,--:Cache.freeCacheData
382498720,382812343,313623,0,313623,:Cache.stream_sync,2569287,2569316,2,0,770,769,:757:769:770,----:Cache.stream_sync
382520358,382523800,3442,0,3442,:Cel.kernels.submit,2569287,2569317,1,0,771,760,:760:771,--:Cel.kernels.submit
382522624,382523295,671,0,671,:Cache.publish_release,2569287,2569318,2,0,772,741,:726:741:772,----:Cache.publish_release
382523912,382527170,3258,0,3258,:Cel.D2H.submit,2569287,2569317,1,0,773,760,:760:773,--:Cel.D2H.submit
382527618,382530579,2961,0,2961,:Sdd.kernels.submit,2569287,2569317,1,0,774,760,:760:774,--:Sdd.kernels.submit
382530702,382532986,2284,0,2284,:Sdd.D2H.submit,2569287,2569317,1,0,775,760,:760:775,--:Sdd.D2H.submit
382533091,382535814,2723,0,2723,:Mi.kernels.submit,2569287,2569317,1,0,776,760,:760:776,--:Mi.kernels.submit
382535970,382538150,2180,0,2180,:Mi.D2H.submit,2569287,2569317,1,0,777,760,:760:777,--:Mi.D2H.submit
382538247,382839895,301648,300629,1019,:Cache.freeCacheData,2569287,2569317,1,2,778,760,:760:778,--:Cache.freeCacheData
382538851,382839175,300324,0,300324,:Cache.stream_sync,2569287,2569317,2,0,779,778,:760:778:779,----:Cache.stream_sync
382595150,382999825,404675,346272,58403,:Task.execute,2569287,2569318,0,9,780,,:780,:Task.execute
382596449,382596845,396,0,396,:Cache.getCacheData,2569287,2569318,1,0,781,780,:780:781,--:Cache.getCacheData
382597070,382646897,49827,0,49827,:Frame.H2D.submit_with_staging,2569287,2569318,1,0,782,780,:780:782,--:Frame.H2D.submit_with_staging
382643709,382644340,631,0,631,:Cache.publish_release,2569287,2569315,2,0,783,753,:744:753:783,----:Cache.publish_release
382647015,382658714,11699,0,11699,:Cel.kernels.submit,2569287,2569318,1,0,784,780,:780:784,--:Cel.kernels.submit
382658848,382662816,3968,0,3968,:Cel.D2H.submit,2569287,2569318,1,0,785,780,:780:785,--:Cel.D2H.submit
382662998,382666741,3743,0,3743,:Sdd.kernels.submit,2569287,2569318,1,0,786,780,:780:786,--:Sdd.kernels.submit
382666872,382669010,2138,0,2138,:Sdd.D2H.submit,2569287,2569318,1,0,787,780,:780:787,--:Sdd.D2H.submit
382669118,382673161,4043,0,4043,:Mi.kernels.submit,2569287,2569318,1,0,788,780,:780:788,--:Mi.kernels.submit
382673290,382675544,2254,0,2254,:Mi.D2H.submit,2569287,2569318,1,0,789,780,:780:789,--:Mi.D2H.submit
382675966,382944170,268204,267673,531,:Cache.freeCacheData,2569287,2569318,1,2,790,780,:780:790,--:Cache.freeCacheData
382676342,382943446,267104,0,267104,:Cache.stream_sync,2569287,2569318,2,0,791,790,:780:790:791,----:Cache.stream_sync
382709842,383116355,406513,351717,54796,:Task.execute,2569287,2569315,0,9,792,,:792,:Task.execute
382710531,382710926,395,0,395,:Cache.getCacheData,2569287,2569315,1,0,793,792,:792:793,--:Cache.getCacheData
382711149,382753871,42722,0,42722,:Frame.H2D.submit_with_staging,2569287,2569315,1,0,794,792,:792:794,--:Frame.H2D.submit_with_staging
382754086,382758420,4334,0,4334,:Cel.kernels.submit,2569287,2569315,1,0,795,792,:792:795,--:Cel.kernels.submit
382758607,382761492,2885,0,2885,:Cel.D2H.submit,2569287,2569315,1,0,796,792,:792:796,--:Cel.D2H.submit
382761688,382764998,3310,0,3310,:Sdd.kernels.submit,2569287,2569315,1,0,797,792,:792:797,--:Sdd.kernels.submit
382765141,382767587,2446,0,2446,:Sdd.D2H.submit,2569287,2569315,1,0,798,792,:792:798,--:Sdd.D2H.submit
382767711,382771284,3573,0,3573,:Mi.kernels.submit,2569287,2569315,1,0,799,792,:792:799,--:Mi.kernels.submit
382771435,382773793,2358,0,2358,:Mi.D2H.submit,2569287,2569315,1,0,800,792,:792:800,--:Mi.D2H.submit
382773958,383063652,289694,289157,537,:Cache.freeCacheData,2569287,2569315,1,2,801,792,:792:801,--:Cache.freeCacheData
382774316,383063195,288879,0,288879,:Cache.stream_sync,2569287,2569315,2,0,802,801,:792:801:802,----:Cache.stream_sync
382812430,382812742,312,0,312,:Cache.publish_release,2569287,2569316,2,0,803,769,:757:769:803,----:Cache.publish_release
382839356,382839661,305,0,305,:Cache.publish_release,2569287,2569317,2,0,804,778,:760:778:804,----:Cache.publish_release
382873850,383234656,360806,321402,39404,:Task.execute,2569287,2569316,0,9,805,,:805,:Task.execute
382874760,382875557,797,0,797,:Cache.getCacheData,2569287,2569316,1,0,806,805,:805:806,--:Cache.getCacheData
382875759,382920675,44916,0,44916,:Frame.H2D.submit_with_staging,2569287,2569316,1,0,807,805,:805:807,--:Frame.H2D.submit_with_staging
382897587,383348426,450839,394339,56500,:Task.execute,2569287,2569317,0,9,808,,:808,:Task.execute
382898681,382899047,366,0,366,:Cache.getCacheData,2569287,2569317,1,0,809,808,:808:809,--:Cache.getCacheData
382899234,382942138,42904,0,42904,:Frame.H2D.submit_with_staging,2569287,2569317,1,0,810,808,:808:810,--:Frame.H2D.submit_with_staging
382920861,382924152,3291,0,3291,:Cel.kernels.submit,2569287,2569316,1,0,811,805,:805:811,--:Cel.kernels.submit
382924262,382927696,3434,0,3434,:Cel.D2H.submit,2569287,2569316,1,0,812,805,:805:812,--:Cel.D2H.submit
382928000,382930781,2781,0,2781,:Sdd.kernels.submit,2569287,2569316,1,0,813,805,:805:813,--:Sdd.kernels.submit
382930912,382932998,2086,0,2086,:Sdd.D2H.submit,2569287,2569316,1,0,814,805,:805:814,--:Sdd.D2H.submit
382933111,382936189,3078,0,3078,:Mi.kernels.submit,2569287,2569316,1,0,815,805,:805:815,--:Mi.kernels.submit
382936328,382938479,2151,0,2151,:Mi.D2H.submit,2569287,2569316,1,0,816,805,:805:816,--:Mi.D2H.submit
382938584,383197452,258868,258396,472,:Cache.freeCacheData,2569287,2569316,1,2,817,805,:805:817,--:Cache.freeCacheData
382938804,383196924,258120,0,258120,:Cache.stream_sync,2569287,2569316,2,0,818,817,:805:817:818,----:Cache.stream_sync
382942286,382946125,3839,0,3839,:Cel.kernels.submit,2569287,2569317,1,0,819,808,:808:819,--:Cel.kernels.submit
382943536,382944105,569,0,569,:Cache.publish_release,2569287,2569318,2,0,820,790,:780:790:820,----:Cache.publish_release
382946269,382948902,2633,0,2633,:Cel.D2H.submit,2569287,2569317,1,0,821,808,:808:821,--:Cel.D2H.submit
382949007,382951794,2787,0,2787,:Sdd.kernels.submit,2569287,2569317,1,0,822,808,:808:822,--:Sdd.kernels.submit
382951920,382954387,2467,0,2467,:Sdd.D2H.submit,2569287,2569317,1,0,823,808,:808:823,--:Sdd.D2H.submit
382954507,382957516,3009,0,3009,:Mi.kernels.submit,2569287,2569317,1,0,824,808,:808:824,--:Mi.kernels.submit
382957647,382960184,2537,0,2537,:Mi.D2H.submit,2569287,2569317,1,0,825,808,:808:825,--:Mi.D2H.submit
382960305,383294102,333797,332949,848,:Cache.freeCacheData,2569287,2569317,1,2,826,808,:808:826,--:Cache.freeCacheData
382960817,383293616,332799,0,332799,:Cache.stream_sync,2569287,2569317,2,0,827,826,:808:826:827,----:Cache.stream_sync
383000096,383387455,387359,325245,62114,:Task.execute,2569287,2569318,0,9,828,,:828,:Task.execute
383000803,383001044,241,0,241,:Cache.getCacheData,2569287,2569318,1,0,829,828,:828:829,--:Cache.getCacheData
383001280,383046154,44874,0,44874,:Frame.H2D.submit_with_staging,2569287,2569318,1,0,830,828,:828:830,--:Frame.H2D.submit_with_staging
383046318,383050020,3702,0,3702,:Cel.kernels.submit,2569287,2569318,1,0,831,828,:828:831,--:Cel.kernels.submit
383050171,383052611,2440,0,2440,:Cel.D2H.submit,2569287,2569318,1,0,832,828,:828:832,--:Cel.D2H.submit
383052776,383055666,2890,0,2890,:Sdd.kernels.submit,2569287,2569318,1,0,833,828,:828:833,--:Sdd.kernels.submit
383055797,383057973,2176,0,2176,:Sdd.D2H.submit,2569287,2569318,1,0,834,828,:828:834,--:Sdd.D2H.submit
383058097,383061485,3388,0,3388,:Mi.kernels.submit,2569287,2569318,1,0,835,828,:828:835,--:Mi.kernels.submit
383061684,383064010,2326,0,2326,:Mi.D2H.submit,2569287,2569318,1,0,836,828,:828:836,--:Mi.D2H.submit
383063279,383063557,278,0,278,:Cache.publish_release,2569287,2569315,2,0,837,801,:792:801:837,----:Cache.publish_release
383064116,383327324,263208,262757,451,:Cache.freeCacheData,2569287,2569318,1,2,838,828,:828:838,--:Cache.freeCacheData
383064322,383326849,262527,0,262527,:Cache.stream_sync,2569287,2569318,2,0,839,838,:828:838:839,----:Cache.stream_sync
383116629,383497843,381214,328032,53182,:Task.execute,2569287,2569315,0,9,840,,:840,:Task.execute
383117300,383117577,277,0,277,:Cache.getCacheData,2569287,2569315,1,0,841,840,:840:841,--:Cache.getCacheData
383117774,383150674,32900,0,32900,:Frame.H2D.submit_with_staging,2569287,2569315,1,0,842,840,:840:842,--:Frame.H2D.submit_with_staging
383150850,383154334,3484,0,3484,:Cel.kernels.submit,2569287,2569315,1,0,843,840,:840:843,--:Cel.kernels.submit
383154581,383157265,2684,0,2684,:Cel.D2H.submit,2569287,2569315,1,0,844,840,:840:844,--:Cel.D2H.submit
383157394,383160368,2974,0,2974,:Sdd.kernels.submit,2569287,2569315,1,0,845,840,:840:845,--:Sdd.kernels.submit
383160489,383162538,2049,0,2049,:Sdd.D2H.submit,2569287,2569315,1,0,846,840,:840:846,--:Sdd.D2H.submit
383162644,383165361,2717,0,2717,:Mi.kernels.submit,2569287,2569315,1,0,847,840,:840:847,--:Mi.kernels.submit
383165584,383167814,2230,0,2230,:Mi.D2H.submit,2569287,2569315,1,0,848,840,:840:848,--:Mi.D2H.submit
383168015,383446732,278717,278332,385,:Cache.freeCacheData,2569287,2569315,1,2,849,840,:840:849,--:Cache.freeCacheData
383168169,383446237,278068,0,278068,:Cache.stream_sync,2569287,2569315,2,0,850,849,:840:849:850,----:Cache.stream_sync
383197099,383197375,276,0,276,:Cache.publish_release,2569287,2569316,2,0,851,817,:805:817:851,----:Cache.publish_release
383234947,383621835,386888,342010,44878,:Task.execute,2569287,2569316,0,9,852,,:852,:Task.execute
383235527,383235754,227,0,227,:Cache.getCacheData,2569287,2569316,1,0,853,852,:852:853,--:Cache.getCacheData
383235840,383265958,30118,0,30118,:Frame.H2D.submit_with_staging,2569287,2569316,1,0,854,852,:852:854,--:Frame.H2D.submit_with_staging
383266094,383269641,3547,0,3547,:Cel.kernels.submit,2569287,2569316,1,0,855,852,:852:855,--:Cel.kernels.submit
383269803,383272388,2585,0,2585,:Cel.D2H.submit,2569287,2569316,1,0,856,852,:852:856,--:Cel.D2H.submit
383272515,383275263,2748,0,2748,:Sdd.kernels.submit,2569287,2569316,1,0,857,852,:852:857,--:Sdd.kernels.submit
383275434,383277863,2429,0,2429,:Sdd.D2H.submit,2569287,2569316,1,0,858,852,:852:858,--:Sdd.D2H.submit
383278069,383280864,2795,0,2795,:Mi.kernels.submit,2569287,2569316,1,0,859,852,:852:859,--:Mi.kernels.submit
383281187,383283424,2237,0,2237,:Mi.D2H.submit,2569287,2569316,1,0,860,852,:852:860,--:Mi.D2H.submit
383283651,383578975,295324,294785,539,:Cache.freeCacheData,2569287,2569316,1,2,861,852,:852:861,--:Cache.freeCacheData
383283945,383578432,294487,0,294487,:Cache.stream_sync,2569287,2569316,2,0,862,861,:852:861:862,----:Cache.stream_sync
383293722,383293872,150,0,150,:Cache.publish_release,2569287,2569317,2,0,863,826,:808:826:863,----:Cache.publish_release
383326949,383327179,230,0,230,:Cache.publish_release,2569287,2569318,2,0,864,838,:828:838:864,----:Cache.publish_release
383348868,383723926,375058,321774,53284,:Task.execute,2569287,2569317,0,9,865,,:865,:Task.execute
383349519,383349815,296,0,296,:Cache.getCacheData,2569287,2569317,1,0,866,865,:865:866,--:Cache.getCacheData
383349937,383395865,45928,0,45928,:Frame.H2D.submit_with_staging,2569287,2569317,1,0,867,865,:865:867,--:Frame.H2D.submit_with_staging
383387772,383852929,465157,415746,49411,:Task.execute,2569287,2569318,0,9,868,,:868,:Task.execute
383388399,383388790,391,0,391,:Cache.getCacheData,2569287,2569318,1,0,869,868,:868:869,--:Cache.getCacheData
383388900,383430777,41877,0,41877,:Frame.H2D.submit_with_staging,2569287,2569318,1,0,870,868,:868:870,--:Frame.H2D.submit_with_staging
383395994,383399614,3620,0,3620,:Cel.kernels.submit,2569287,2569317,1,0,871,865,:865:871,--:Cel.kernels.submit
383399763,383403074,3311,0,3311,:Cel.D2H.submit,2569287,2569317,1,0,872,865,:865:872,--:Cel.D2H.submit
383403197,383406785,3588,0,3588,:Sdd.kernels.submit,2569287,2569317,1,0,873,865,:865:873,--:Sdd.kernels.submit
383406951,383409569,2618,0,2618,:Sdd.D2H.submit,2569287,2569317,1,0,874,865,:865:874,--:Sdd.D2H.submit
383410071,383413547,3476,0,3476,:Mi.kernels.submit,2569287,2569317,1,0,875,865,:865:875,--:Mi.kernels.submit
383413686,383416297,2611,0,2611,:Mi.D2H.submit,2569287,2569317,1,0,876,865,:865:876,--:Mi.D2H.submit
383416410,383672736,256326,255968,358,:Cache.freeCacheData,2569287,2569317,1,2,877,865,:865:877,--:Cache.freeCacheData
383416534,383672212,255678,0,255678,:Cache.stream_sync,2569287,2569317,2,0,878,877,:865:877:878,----:Cache.stream_sync
383430914,383434927,4013,0,4013,:Cel.kernels.submit,2569287,2569318,1,0,879,868,:868:879,--:Cel.kernels.submit
383435050,383437544,2494,0,2494,:Cel.D2H.submit,2569287,2569318,1,0,880,868,:868:880,--:Cel.D2H.submit
383437649,383440726,3077,0,3077,:Sdd.kernels.submit,2569287,2569318,1,0,881,868,:868:881,--:Sdd.kernels.submit
383440854,383443280,2426,0,2426,:Sdd.D2H.submit,2569287,2569318,1,0,882,868,:868:882,--:Sdd.D2H.submit
383443382,383446201,2819,0,2819,:Mi.kernels.submit,2569287,2569318,1,0,883,868,:868:883,--:Mi.kernels.submit
383446371,383448456,2085,0,2085,:Mi.D2H.submit,2569287,2569318,1,0,884,868,:868:884,--:Mi.D2H.submit
383446398,383446662,264,0,264,:Cache.publish_release,2569287,2569315,2,0,885,849,:840:849:885,----:Cache.publish_release
383448556,383805120,356564,356272,292,:Cache.freeCacheData,2569287,2569318,1,2,886,868,:868:886,--:Cache.freeCacheData
383448657,383804552,355895,0,355895,:Cache.stream_sync,2569287,2569318,2,0,887,886,:868:886:887,----:Cache.stream_sync
383498208,383887959,389751,329598,60153,:Task.execute,2569287,2569315,0,9,888,,:888,:Task.execute
383498953,383499167,214,0,214,:Cache.getCacheData,2569287,2569315,1,0,889,888,:888:889,--:Cache.getCacheData
383499245,383536361,37116,0,37116,:Frame.H2D.submit_with_staging,2569287,2569315,1,0,890,888,:888:890,--:Frame.H2D.submit_with_staging
383536523,383539770,3247,0,3247,:Cel.kernels.submit,2569287,2569315,1,0,891,888,:888:891,--:Cel.kernels.submit
383540037,383542574,2537,0,2537,:Cel.D2H.submit,2569287,2569315,1,0,892,888,:888:892,--:Cel.D2H.submit
383542680,383546114,3434,0,3434,:Sdd.kernels.submit,2569287,2569315,1,0,893,888,:888:893,--:Sdd.kernels.submit
383546366,383548549,2183,0,2183,:Sdd.D2H.submit,2569287,2569315,1,0,894,888,:888:894,--:Sdd.D2H.submit
383548655,383554177,5522,0,5522,:Mi.kernels.submit,2569287,2569315,1,0,895,888,:888:895,--:Mi.kernels.submit
383554323,383556738,2415,0,2415,:Mi.D2H.submit,2569287,2569315,1,0,896,888,:888:896,--:Mi.D2H.submit
383556847,383829777,272930,272408,522,:Cache.freeCacheData,2569287,2569315,1,2,897,888,:888:897,--:Cache.freeCacheData
383557122,383829067,271945,0,271945,:Cache.stream_sync,2569287,2569315,2,0,898,897,:888:897:898,----:Cache.stream_sync
383578517,383578815,298,0,298,:Cache.publish_release,2569287,2569316,2,0,899,861,:852:861:899,----:Cache.publish_release
383622131,383997886,375755,316372,59383,:Task.execute,2569287,2569316,0,9,900,,:900,:Task.execute
383622898,383623186,288,0,288,:Cache.getCacheData,2569287,2569316,1,0,901,900,:900:901,--:Cache.getCacheData
383623262,383650621,27359,0,27359,:Frame.H2D.submit_with_staging,2569287,2569316,1,0,902,900,:900:902,--:Frame.H2D.submit_with_staging
383650741,383654215,3474,0,3474,:Cel.kernels.submit,2569287,2569316,1,0,903,900,:900:903,--:Cel.kernels.submit
383654339,383656879,2540,0,2540,:Cel.D2H.submit,2569287,2569316,1,0,904,900,:900:904,--:Cel.D2H.submit
383657007,383660028,3021,0,3021,:Sdd.kernels.submit,2569287,2569316,1,0,905,900,:900:905,--:Sdd.kernels.submit
383660242,383662405,2163,0,2163,:Sdd.D2H.submit,2569287,2569316,1,0,906,900,:900:906,--:Sdd.D2H.submit
383662572,383665317,2745,0,2745,:Mi.kernels.submit,2569287,2569316,1,0,907,900,:900:907,--:Mi.kernels.submit
383665517,383667620,2103,0,2103,:Mi.D2H.submit,2569287,2569316,1,0,908,900,:900:908,--:Mi.D2H.submit
383667719,383940398,272679,272318,361,:Cache.freeCacheData,2569287,2569316,1,2,909,900,:900:909,--:Cache.freeCacheData
383667820,383939844,272024,0,272024,:Cache.stream_sync,2569287,2569316,2,0,910,909,:900:909:910,----:Cache.stream_sync
383672306,383672596,290,0,290,:Cache.publish_release,2569287,2569317,2,0,911,877,:865:877:911,----:Cache.publish_release
383724362,384118283,393921,343970,49951,:Task.execute,2569287,2569317,0,9,912,,:912,:Task.execute
383725100,383725463,363,0,363,:Cache.getCacheData,2569287,2569317,1,0,913,912,:912:913,--:Cache.getCacheData
383725625,383757730,32105,0,32105,:Frame.H2D.submit_with_staging,2569287,2569317,1,0,914,912,:912:914,--:Frame.H2D.submit_with_staging
383757888,383761444,3556,0,3556,:Cel.kernels.submit,2569287,2569317,1,0,915,912,:912:915,--:Cel.kernels.submit
383761571,383764145,2574,0,2574,:Cel.D2H.submit,2569287,2569317,1,0,916,912,:912:916,--:Cel.D2H.submit
383764244,383770690,6446,0,6446,:Sdd.kernels.submit,2569287,2569317,1,0,917,912,:912:917,--:Sdd.kernels.submit
383770886,383773215,2329,0,2329,:Sdd.D2H.submit,2569287,2569317,1,0,918,912,:912:918,--:Sdd.D2H.submit
383773454,383776449,2995,0,2995,:Mi.kernels.submit,2569287,2569317,1,0,919,912,:912:919,--:Mi.kernels.submit
383776593,383778964,2371,0,2371,:Mi.D2H.submit,2569287,2569317,1,0,920,912,:912:920,--:Mi.D2H.submit
383779202,384070433,291231,290674,557,:Cache.freeCacheData,2569287,2569317,1,2,921,912,:912:921,--:Cache.freeCacheData
383779478,384069918,290440,0,290440,:Cache.stream_sync,2569287,2569317,2,0,922,921,:912:921:922,----:Cache.stream_sync
383804665,383805042,377,0,377,:Cache.publish_release,2569287,2569318,2,0,923,886,:868:886:923,----:Cache.publish_release
383829157,383829620,463,0,463,:Cache.publish_release,2569287,2569315,2,0,924,897,:888:897:924,----:Cache.publish_release
383853454,384239259,385805,341266,44539,:Task.execute,2569287,2569318,0,9,925,,:925,:Task.execute
383854171,383854586,415,0,415,:Cache.getCacheData,2569287,2569318,1,0,926,925,:925:926,--:Cache.getCacheData
383854676,383902892,48216,0,48216,:Frame.H2D.submit_with_staging,2569287,2569318,1,0,927,925,:925:927,--:Frame.H2D.submit_with_staging
383888199,384339120,450921,395856,55065,:Task.execute,2569287,2569315,0,9,928,,:928,:Task.execute
383888903,383889339,436,0,436,:Cache.getCacheData,2569287,2569315,1,0,929,928,:928:929,--:Cache.getCacheData
383889523,383943001,53478,0,53478,:Frame.H2D.submit_with_staging,2569287,2569315,1,0,930,928,:928:930,--:Frame.H2D.submit_with_staging
383903074,383907165,4091,0,4091,:Cel.kernels.submit,2569287,2569318,1,0,931,925,:925:931,--:Cel.kernels.submit
383907409,383910389,2980,0,2980,:Cel.D2H.submit,2569287,2569318,1,0,932,925,:925:932,--:Cel.D2H.submit
383910583,383914012,3429,0,3429,:Sdd.kernels.submit,2569287,2569318,1,0,933,925,:925:933,--:Sdd.kernels.submit
383914158,383917263,3105,0,3105,:Sdd.D2H.submit,2569287,2569318,1,0,934,925,:925:934,--:Sdd.D2H.submit
383917395,383920984,3589,0,3589,:Mi.kernels.submit,2569287,2569318,1,0,935,925,:925:935,--:Mi.kernels.submit
383921104,383923401,2297,0,2297,:Mi.D2H.submit,2569287,2569318,1,0,936,925,:925:936,--:Mi.D2H.submit
383923641,384196785,273144,272692,452,:Cache.freeCacheData,2569287,2569318,1,2,937,925,:925:937,--:Cache.freeCacheData
383923894,384196329,272435,0,272435,:Cache.stream_sync,2569287,2569318,2,0,938,937,:925:937:938,----:Cache.stream_sync
383939934,383940228,294,0,294,:Cache.publish_release,2569287,2569316,2,0,939,909,:900:909:939,----:Cache.publish_release
383943255,383949209,5954,0,5954,:Cel.kernels.submit,2569287,2569315,1,0,940,928,:928:940,--:Cel.kernels.submit
383949374,383952902,3528,0,3528,:Cel.D2H.submit,2569287,2569315,1,0,941,928,:928:941,--:Cel.D2H.submit
383953162,383957870,4708,0,4708,:Sdd.kernels.submit,2569287,2569315,1,0,942,928,:928:942,--:Sdd.kernels.submit
383958256,383962202,3946,0,3946,:Sdd.D2H.submit,2569287,2569315,1,0,943,928,:928:943,--:Sdd.D2H.submit
383962449,383965996,3547,0,3547,:Mi.kernels.submit,2569287,2569315,1,0,944,928,:928:944,--:Mi.kernels.submit
383966186,383968919,2733,0,2733,:Mi.D2H.submit,2569287,2569315,1,0,945,928,:928:945,--:Mi.D2H.submit
383969036,384286562,317526,316818,708,:Cache.freeCacheData,2569287,2569315,1,2,946,928,:928:946,--:Cache.freeCacheData
383969556,384286046,316490,0,316490,:Cache.stream_sync,2569287,2569315,2,0,947,946,:928:946:947,----:Cache.stream_sync
383998206,384392323,394117,336755,57362,:Task.execute,2569287,2569316,0,9,948,,:948,:Task.execute
383999036,383999453,417,0,417,:Cache.getCacheData,2569287,2569316,1,0,949,948,:948:949,--:Cache.getCacheData
383999605,384043648,44043,0,44043,:Frame.H2D.submit_with_staging,2569287,2569316,1,0,950,948,:948:950,--:Frame.H2D.submit_with_staging
384043812,384047181,3369,0,3369,:Cel.kernels.submit,2569287,2569316,1,0,951,948,:948:951,--:Cel.kernels.submit
384047410,384049910,2500,0,2500,:Cel.D2H.submit,2569287,2569316,1,0,952,948,:948:952,--:Cel.D2H.submit
384050089,384053049,2960,0,2960,:Sdd.kernels.submit,2569287,2569316,1,0,953,948,:948:953,--:Sdd.kernels.submit
384053278,384055487,2209,0,2209,:Sdd.D2H.submit,2569287,2569316,1,0,954,948,:948:954,--:Sdd.D2H.submit
384055593,384058525,2932,0,2932,:Mi.kernels.submit,2569287,2569316,1,0,955,948,:948:955,--:Mi.kernels.submit
384058690,384060739,2049,0,2049,:Mi.D2H.submit,2569287,2569316,1,0,956,948,:948:956,--:Mi.D2H.submit
384060843,384337119,276276,275736,540,:Cache.freeCacheData,2569287,2569316,1,2,957,948,:948:957,--:Cache.freeCacheData
384061104,384336587,275483,0,275483,:Cache.stream_sync,2569287,2569316,2,0,958,957,:948:957:958,----:Cache.stream_sync
384070129,384070363,234,0,234,:Cache.publish_release,2569287,2569317,2,0,959,921,:912:921:959,----:Cache.publish_release
384118647,384505140,386493,329766,56727,:Task.execute,2569287,2569317,0,9,960,,:960,:Task.execute
384119228,384119555,327,0,327,:Cache.getCacheData,2569287,2569317,1,0,961,960,:960:961,--:Cache.getCacheData
384119735,384150337,30602,0,30602,:Frame.H2D.submit_with_staging,2569287,2569317,1,0,962,960,:960:962,--:Frame.H2D.submit_with_staging
384150761,384154353,3592,0,3592,:Cel.kernels.submit,2569287,2569317,1,0,963,960,:960:963,--:Cel.kernels.submit
384154478,384157060,2582,0,2582,:Cel.D2H.submit,2569287,2569317,1,0,964,960,:960:964,--:Cel.D2H.submit
384157188,384159790,2602,0,2602,:Sdd.kernels.submit,2569287,2569317,1,0,965,960,:960:965,--:Sdd.kernels.submit
384159893,384162021,2128,0,2128,:Sdd.D2H.submit,2569287,2569317,1,0,966,960,:960:966,--:Sdd.D2H.submit
384162128,384164839,2711,0,2711,:Mi.kernels.submit,2569287,2569317,1,0,967,960,:960:967,--:Mi.kernels.submit
384165085,384167501,2416,0,2416,:Mi.D2H.submit,2569287,2569317,1,0,968,960,:960:968,--:Mi.D2H.submit
384167716,384450522,282806,282463,343,:Cache.freeCacheData,2569287,2569317,1,2,969,960,:960:969,--:Cache.freeCacheData
384167906,384450107,282201,0,282201,:Cache.stream_sync,2569287,2569317,2,0,970,969,:960:969:970,----:Cache.stream_sync
384196413,384196670,257,0,257,:Cache.publish_release,2569287,2569318,2,0,971,937,:925:937:971,----:Cache.publish_release
384239594,384622430,382836,340250,42586,:Task.execute,2569287,2569318,0,9,972,,:972,:Task.execute
384240727,384240992,265,0,265,:Cache.getCacheData,2569287,2569318,1,0,973,972,:972:973,--:Cache.getCacheData
384241143,384268803,27660,0,27660,:Frame.H2D.submit_with_staging,2569287,2569318,1,0,974,972,:972:974,--:Frame.H2D.submit_with_staging
384268994,384273025,4031,0,4031,:Cel.kernels.submit,2569287,2569318,1,0,975,972,:972:975,--:Cel.kernels.submit
384273177,384275419,2242,0,2242,:Cel.D2H.submit,2569287,2569318,1,0,976,972,:972:976,--:Cel.D2H.submit
384275609,384278482,2873,0,2873,:Sdd.kernels.submit,2569287,2569318,1,0,977,972,:972:977,--:Sdd.kernels.submit
384278611,384280888,2277,0,2277,:Sdd.D2H.submit,2569287,2569318,1,0,978,972,:972:978,--:Sdd.D2H.submit
384281006,384284136,3130,0,3130,:Mi.kernels.submit,2569287,2569318,1,0,979,972,:972:979,--:Mi.kernels.submit
384284341,384286892,2551,0,2551,:Mi.D2H.submit,2569287,2569318,1,0,980,972,:972:980,--:Mi.D2H.submit
384286166,384286494,328,0,328,:Cache.publish_release,2569287,2569315,2,0,981,946,:928:946:981,----:Cache.publish_release
384286983,384582204,295221,294847,374,:Cache.freeCacheData,2569287,2569318,1,2,982,972,:972:982,--:Cache.freeCacheData
384287207,384581861,294654,0,294654,:Cache.stream_sync,2569287,2569318,2,0,983,982,:972:982:983,----:Cache.stream_sync
384336786,384337039,253,0,253,:Cache.publish_release,2569287,2569316,2,0,984,957,:948:957:984,----:Cache.publish_release
384339428,384741265,401837,357707,44130,:Task.execute,2569287,2569315,0,9,985,,:985,:Task.execute
384340276,384340810,534,0,534,:Cache.getCacheData,2569287,2569315,1,0,986,985,:985:986,--:Cache.getCacheData
384341125,384389954,48829,0,48829,:Frame.H2D.submit_with_staging,2569287,2569315,1,0,987,985,:985:987,--:Frame.H2D.submit_with_staging
384390124,384393534,3410,0,3410,:Cel.kernels.submit,2569287,2569315,1,0,988,985,:985:988,--:Cel.kernels.submit
384393145,384802556,409411,345405,64006,:Task.execute,2569287,2569316,0,9,989,,:989,:Task.execute
384393660,384396491,2831,0,2831,:Cel.D2H.submit,2569287,2569315,1,0,990,985,:985:990,--:Cel.D2H.submit
384394177,384394709,532,0,532,:Cache.getCacheData,2569287,2569316,1,0,991,989,:989:991,--:Cache.getCacheData
384394862,384438293,43431,0,43431,:Frame.H2D.submit_with_staging,2569287,2569316,1,0,992,989,:989:992,--:Frame.H2D.submit_with_staging
384396687,384399718,3031,0,3031,:Sdd.kernels.submit,2569287,2569315,1,0,993,985,:985:993,--:Sdd.kernels.submit
384399838,384402558,2720,0,2720,:Sdd.D2H.submit,2569287,2569315,1,0,994,985,:985:994,--:Sdd.D2H.submit
384402667,384405371,2704,0,2704,:Mi.kernels.submit,2569287,2569315,1,0,995,985,:985:995,--:Mi.kernels.submit
384405523,384407882,2359,0,2359,:Mi.D2H.submit,2569287,2569315,1,0,996,985,:985:996,--:Mi.D2H.submit
384407984,384699273,291289,290795,494,:Cache.freeCacheData,2569287,2569315,1,2,997,985,:985:997,--:Cache.freeCacheData
384408316,384698831,290515,0,290515,:Cache.stream_sync,2569287,2569315,2,0,998,997,:985:997:998,----:Cache.stream_sync
384438637,384445242,6605,0,6605,:Cel.kernels.submit,2569287,2569316,1,0,999,989,:989:999,--:Cel.kernels.submit
384445376,384447974,2598,0,2598,:Cel.D2H.submit,2569287,2569316,1,0,1000,989,:989:1000,--:Cel.D2H.submit
384448150,384451082,2932,0,2932,:Sdd.kernels.submit,2569287,2569316,1,0,1001,989,:989:1001,--:Sdd.kernels.submit
384450191,384450453,262,0,262,:Cache.publish_release,2569287,2569317,2,0,1002,969,:960:969:1002,----:Cache.publish_release
384451393,384453936,2543,0,2543,:Sdd.D2H.submit,2569287,2569316,1,0,1003,989,:989:1003,--:Sdd.D2H.submit
384454136,384457168,3032,0,3032,:Mi.kernels.submit,2569287,2569316,1,0,1004,989,:989:1004,--:Mi.kernels.submit
384457442,384459904,2462,0,2462,:Mi.D2H.submit,2569287,2569316,1,0,1005,989,:989:1005,--:Mi.D2H.submit
384460094,384741364,281270,280642,628,:Cache.freeCacheData,2569287,2569316,1,2,1006,989,:989:1006,--:Cache.freeCacheData
384460344,384740612,280268,0,280268,:Cache.stream_sync,2569287,2569316,2,0,1007,1006,:989:1006:1007,----:Cache.stream_sync
384505480,384860617,355137,280418,74719,:Task.execute,2569287,2569317,0,9,1008,,:1008,:Task.execute
384506201,384506501,300,0,300,:Cache.getCacheData,2569287,2569317,1,0,1009,1008,:1008:1009,--:Cache.getCacheData
384506583,384536812,30229,0,30229,:Frame.H2D.submit_with_staging,2569287,2569317,1,0,1010,1008,:1008:1010,--:Frame.H2D.submit_with_staging
384536915,384540491,3576,0,3576,:Cel.kernels.submit,2569287,2569317,1,0,1011,1008,:1008:1011,--:Cel.kernels.submit
384540630,384545371,4741,0,4741,:Cel.D2H.submit,2569287,2569317,1,0,1012,1008,:1008:1012,--:Cel.D2H.submit
384545497,384548411,2914,0,2914,:Sdd.kernels.submit,2569287,2569317,1,0,1013,1008,:1008:1013,--:Sdd.kernels.submit
384548693,384554729,6036,0,6036,:Sdd.D2H.submit,2569287,2569317,1,0,1014,1008,:1008:1014,--:Sdd.D2H.submit
384554916,384558951,4035,0,4035,:Mi.kernels.submit,2569287,2569317,1,0,1015,1008,:1008:1015,--:Mi.kernels.submit
384559199,384561547,2348,0,2348,:Mi.D2H.submit,2569287,2569317,1,0,1016,1008,:1008:1016,--:Mi.D2H.submit
384561655,384787894,226239,225776,463,:Cache.freeCacheData,2569287,2569317,1,2,1017,1008,:1008:1017,--:Cache.freeCacheData
384561862,384787385,225523,0,225523,:Cache.stream_sync,2569287,2569317,2,0,1018,1017,:1008:1017:1018,----:Cache.stream_sync
384581946,384582139,193,0,193,:Cache.publish_release,2569287,2569318,2,0,1019,982,:972:982:1019,----:Cache.publish_release
384622752,384989781,367029,315029,52000,:Task.execute,2569287,2569318,0,9,1020,,:1020,:Task.execute
384623406,384623653,247,0,247,:Cache.getCacheData,2569287,2569318,1,0,1021,1020,:1020:1021,--:Cache.getCacheData
384623734,384652004,28270,0,28270,:Frame.H2D.submit_with_staging,2569287,2569318,1,0,1022,1020,:1020:1022,--:Frame.H2D.submit_with_staging
384652118,384656052,3934,0,3934,:Cel.kernels.submit,2569287,2569318,1,0,1023,1020,:1020:1023,--:Cel.kernels.submit
384657935,384660494,2559,0,2559,:Cel.D2H.submit,2569287,2569318,1,0,1024,1020,:1020:1024,--:Cel.D2H.submit
384660643,384663485,2842,0,2842,:Sdd.kernels.submit,2569287,2569318,1,0,1025,1020,:1020:1025,--:Sdd.kernels.submit
384663672,384665720,2048,0,2048,:Sdd.D2H.submit,2569287,2569318,1,0,1026,1020,:1020:1026,--:Sdd.D2H.submit
384665821,384668559,2738,0,2738,:Mi.kernels.submit,2569287,2569318,1,0,1027,1020,:1020:1027,--:Mi.kernels.submit
384668684,384670791,2107,0,2107,:Mi.D2H.submit,2569287,2569318,1,0,1028,1020,:1020:1028,--:Mi.D2H.submit
384670884,384941168,270284,269956,328,:Cache.freeCacheData,2569287,2569318,1,2,1029,1020,:1020:1029,--:Cache.freeCacheData
384670983,384940662,269679,0,269679,:Cache.stream_sync,2569287,2569318,2,0,1030,1029,:1020:1029:1030,----:Cache.stream_sync
384698919,384699199,280,0,280,:Cache.publish_release,2569287,2569315,2,0,1031,997,:985:997:1031,----:Cache.publish_release
384740728,384741102,374,0,374,:Cache.publish_release,2569287,2569316,2,0,1032,1006,:989:1006:1032,----:Cache.publish_release
384741636,385134826,393190,356146,37044,:Task.execute,2569287,2569315,0,9,1033,,:1033,:Task.execute
384742445,384742812,367,0,367,:Cache.getCacheData,2569287,2569315,1,0,1034,1033,:1033:1034,--:Cache.getCacheData
384742894,384794873,51979,0,51979,:Frame.H2D.submit_with_staging,2569287,2569315,1,0,1035,1033,:1033:1035,--:Frame.H2D.submit_with_staging
384787494,384787747,253,0,253,:Cache.publish_release,2569287,2569317,2,0,1036,1017,:1008:1017:1036,----:Cache.publish_release
384795043,384798752,3709,0,3709,:Cel.kernels.submit,2569287,2569315,1,0,1037,1033,:1033:1037,--:Cel.kernels.submit
384798886,384803952,5066,0,5066,:Cel.D2H.submit,2569287,2569315,1,0,1038,1033,:1033:1038,--:Cel.D2H.submit
384802968,385215666,412698,358697,54001,:Task.execute,2569287,2569316,0,9,1039,,:1039,:Task.execute
384803819,384804363,544,0,544,:Cache.getCacheData,2569287,2569316,1,0,1040,1039,:1039:1040,--:Cache.getCacheData
384804146,384808241,4095,0,4095,:Sdd.kernels.submit,2569287,2569315,1,0,1041,1033,:1033:1041,--:Sdd.kernels.submit
384804456,384870585,66129,0,66129,:Frame.H2D.submit_with_staging,2569287,2569316,1,0,1042,1039,:1039:1042,--:Frame.H2D.submit_with_staging
384808402,384811082,2680,0,2680,:Sdd.D2H.submit,2569287,2569315,1,0,1043,1033,:1033:1043,--:Sdd.D2H.submit
384811552,384814568,3016,0,3016,:Mi.kernels.submit,2569287,2569315,1,0,1044,1033,:1033:1044,--:Mi.kernels.submit
384814702,384817752,3050,0,3050,:Mi.D2H.submit,2569287,2569315,1,0,1045,1033,:1033:1045,--:Mi.D2H.submit
384817856,385100040,282184,281669,515,:Cache.freeCacheData,2569287,2569315,1,2,1046,1033,:1033:1046,--:Cache.freeCacheData
384818192,385099617,281425,0,281425,:Cache.stream_sync,2569287,2569315,2,0,1047,1046,:1033:1046:1047,----:Cache.stream_sync
384860936,385289282,428346,369291,59055,:Task.execute,2569287,2569317,0,9,1048,,:1048,:Task.execute
384861921,384862190,269,0,269,:Cache.getCacheData,2569287,2569317,1,0,1049,1048,:1048:1049,--:Cache.getCacheData
384862270,384912237,49967,0,49967,:Frame.H2D.submit_with_staging,2569287,2569317,1,0,1050,1048,:1048:1050,--:Frame.H2D.submit_with_staging
384870701,384874380,3679,0,3679,:Cel.kernels.submit,2569287,2569316,1,0,1051,1039,:1039:1051,--:Cel.kernels.submit
384874555,384879570,5015,0,5015,:Cel.D2H.submit,2569287,2569316,1,0,1052,1039,:1039:1052,--:Cel.D2H.submit
384879844,384882635,2791,0,2791,:Sdd.kernels.submit,2569287,2569316,1,0,1053,1039,:1039:1053,--:Sdd.kernels.submit
384882930,384885590,2660,0,2660,:Sdd.D2H.submit,2569287,2569316,1,0,1054,1039,:1039:1054,--:Sdd.D2H.submit
384885793,384888586,2793,0,2793,:Mi.kernels.submit,2569287,2569316,1,0,1055,1039,:1039:1055,--:Mi.kernels.submit
384888714,384890846,2132,0,2132,:Mi.D2H.submit,2569287,2569316,1,0,1056,1039,:1039:1056,--:Mi.D2H.submit
384890952,385163906,272954,271780,1174,:Cache.freeCacheData,2569287,2569316,1,2,1057,1039,:1039:1057,--:Cache.freeCacheData
384891867,385163420,271553,0,271553,:Cache.stream_sync,2569287,2569316,2,0,1058,1057,:1039:1057:1058,----:Cache.stream_sync
384912337,384915645,3308,0,3308,:Cel.kernels.submit,2569287,2569317,1,0,1059,1048,:1048:1059,--:Cel.kernels.submit
384915772,384918319,2547,0,2547,:Cel.D2H.submit,2569287,2569317,1,0,1060,1048,:1048:1060,--:Cel.D2H.submit
384918820,384921734,2914,0,2914,:Sdd.kernels.submit,2569287,2569317,1,0,1061,1048,:1048:1061,--:Sdd.kernels.submit
384921841,384924035,2194,0,2194,:Sdd.D2H.submit,2569287,2569317,1,0,1062,1048,:1048:1062,--:Sdd.D2H.submit
384924160,384926974,2814,0,2814,:Mi.kernels.submit,2569287,2569317,1,0,1063,1048,:1048:1063,--:Mi.kernels.submit
384927107,384929239,2132,0,2132,:Mi.D2H.submit,2569287,2569317,1,0,1064,1048,:1048:1064,--:Mi.D2H.submit
384929350,385232496,303146,302806,340,:Cache.freeCacheData,2569287,2569317,1,2,1065,1048,:1048:1065,--:Cache.freeCacheData
384929453,385231634,302181,0,302181,:Cache.stream_sync,2569287,2569317,2,0,1066,1065,:1048:1065:1066,----:Cache.stream_sync
384940778,384941055,277,0,277,:Cache.publish_release,2569287,2569318,2,0,1067,1029,:1020:1029:1067,----:Cache.publish_release
384990422,385392860,402438,345891,56547,:Task.execute,2569287,2569318,0,9,1068,,:1068,:Task.execute
384991061,384991306,245,0,245,:Cache.getCacheData,2569287,2569318,1,0,1069,1068,:1068:1069,--:Cache.getCacheData
384991386,385019895,28509,0,28509,:Frame.H2D.submit_with_staging,2569287,2569318,1,0,1070,1068,:1068:1070,--:Frame.H2D.submit_with_staging
385020008,385023457,3449,0,3449,:Cel.kernels.submit,2569287,2569318,1,0,1071,1068,:1068:1071,--:Cel.kernels.submit
385023610,385025984,2374,0,2374,:Cel.D2H.submit,2569287,2569318,1,0,1072,1068,:1068:1072,--:Cel.D2H.submit
385026087,385028969,2882,0,2882,:Sdd.kernels.submit,2569287,2569318,1,0,1073,1068,:1068:1073,--:Sdd.kernels.submit
385029097,385031144,2047,0,2047,:Sdd.D2H.submit,2569287,2569318,1,0,1074,1068,:1068:1074,--:Sdd.D2H.submit
385031315,385034569,3254,0,3254,:Mi.kernels.submit,2569287,2569318,1,0,1075,1068,:1068:1075,--:Mi.kernels.submit
385034696,385036880,2184,0,2184,:Mi.D2H.submit,2569287,2569318,1,0,1076,1068,:1068:1076,--:Mi.D2H.submit
385036976,385337923,300947,300578,369,:Cache.freeCacheData,2569287,2569318,1,2,1077,1068,:1068:1077,--:Cache.freeCacheData
385037196,385337282,300086,0,300086,:Cache.stream_sync,2569287,2569318,2,0,1078,1077,:1068:1077:1078,----:Cache.stream_sync
385099726,385099970,244,0,244,:Cache.publish_release,2569287,2569315,2,0,1079,1046,:1033:1046:1079,----:Cache.publish_release
385135164,385515053,379889,336027,43862,:Task.execute,2569287,2569315,0,9,1080,,:1080,:Task.execute
385135786,385136057,271,0,271,:Cache.getCacheData,2569287,2569315,1,0,1081,1080,:1080:1081,--:Cache.getCacheData
385136215,385170831,34616,0,34616,:Frame.H2D.submit_with_staging,2569287,2569315,1,0,1082,1080,:1080:1082,--:Frame.H2D.submit_with_staging
385163503,385163730,227,0,227,:Cache.publish_release,2569287,2569316,2,0,1083,1057,:1039:1057:1083,----:Cache.publish_release
385171140,385175583,4443,0,4443,:Cel.kernels.submit,2569287,2569315,1,0,1084,1080,:1080:1084,--:Cel.kernels.submit
385175919,385178823,2904,0,2904,:Cel.D2H.submit,2569287,2569315,1,0,1085,1080,:1080:1085,--:Cel.D2H.submit
385179001,385182340,3339,0,3339,:Sdd.kernels.submit,2569287,2569315,1,0,1086,1080,:1080:1086,--:Sdd.kernels.submit
385182466,385185092,2626,0,2626,:Sdd.D2H.submit,2569287,2569315,1,0,1087,1080,:1080:1087,--:Sdd.D2H.submit
385185193,385188179,2986,0,2986,:Mi.kernels.submit,2569287,2569315,1,0,1088,1080,:1080:1088,--:Mi.kernels.submit
385188308,385190351,2043,0,2043,:Mi.D2H.submit,2569287,2569315,1,0,1089,1080,:1080:1089,--:Mi.D2H.submit
385190452,385473251,282799,282493,306,:Cache.freeCacheData,2569287,2569315,1,2,1090,1080,:1080:1090,--:Cache.freeCacheData
385190556,385472809,282253,0,282253,:Cache.stream_sync,2569287,2569315,2,0,1091,1090,:1080:1090:1091,----:Cache.stream_sync
385216141,385634716,418575,364104,54471,:Task.execute,2569287,2569316,0,9,1092,,:1092,:Task.execute
385217084,385217540,456,0,456,:Cache.getCacheData,2569287,2569316,1,0,1093,1092,:1092:1093,--:Cache.getCacheData
385217769,385267096,49327,0,49327,:Frame.H2D.submit_with_staging,2569287,2569316,1,0,1094,1092,:1092:1094,--:Frame.H2D.submit_with_staging
385231741,385232366,625,0,625,:Cache.publish_release,2569287,2569317,2,0,1095,1065,:1048:1065:1095,----:Cache.publish_release
385267626,385271427,3801,0,3801,:Cel.kernels.submit,2569287,2569316,1,0,1096,1092,:1092:1096,--:Cel.kernels.submit
385271868,385274542,2674,0,2674,:Cel.D2H.submit,2569287,2569316,1,0,1097,1092,:1092:1097,--:Cel.D2H.submit
385275263,385278629,3366,0,3366,:Sdd.kernels.submit,2569287,2569316,1,0,1098,1092,:1092:1098,--:Sdd.kernels.submit
385278910,385281312,2402,0,2402,:Sdd.D2H.submit,2569287,2569316,1,0,1099,1092,:1092:1099,--:Sdd.D2H.submit
385281422,385284368,2946,0,2946,:Mi.kernels.submit,2569287,2569316,1,0,1100,1092,:1092:1100,--:Mi.kernels.submit
385284475,385286958,2483,0,2483,:Mi.D2H.submit,2569287,2569316,1,0,1101,1092,:1092:1101,--:Mi.D2H.submit
385287064,385583713,296649,296092,557,:Cache.freeCacheData,2569287,2569316,1,2,1102,1092,:1092:1102,--:Cache.freeCacheData
385287165,385582917,295752,0,295752,:Cache.stream_sync,2569287,2569316,2,0,1103,1102,:1092:1102:1103,----:Cache.stream_sync
385289642,385667529,377887,316862,61025,:Task.execute,2569287,2569317,0,9,1104,,:1104,:Task.execute
385290296,385290576,280,0,280,:Cache.getCacheData,2569287,2569317,1,0,1105,1104,:1104:1105,--:Cache.getCacheData
385290669,385334525,43856,0,43856,:Frame.H2D.submit_with_staging,2569287,2569317,1,0,1106,1104,:1104:1106,--:Frame.H2D.submit_with_staging
385334627,385338201,3574,0,3574,:Cel.kernels.submit,2569287,2569317,1,0,1107,1104,:1104:1107,--:Cel.kernels.submit
385337366,385337858,492,0,492,:Cache.publish_release,2569287,2569318,2,0,1108,1077,:1068:1077:1108,----:Cache.publish_release
385338327,385340821,2494,0,2494,:Cel.D2H.submit,2569287,2569317,1,0,1109,1104,:1104:1109,--:Cel.D2H.submit
385340920,385343705,2785,0,2785,:Sdd.kernels.submit,2569287,2569317,1,0,1110,1104,:1104:1110,--:Sdd.kernels.submit
385343831,385347123,3292,0,3292,:Sdd.D2H.submit,2569287,2569317,1,0,1111,1104,:1104:1111,--:Sdd.D2H.submit
385347387,385350041,2654,0,2654,:Mi.kernels.submit,2569287,2569317,1,0,1112,1104,:1104:1112,--:Mi.kernels.submit
385350167,385352632,2465,0,2465,:Mi.D2H.submit,2569287,2569317,1,0,1113,1104,:1104:1113,--:Mi.D2H.submit
385353074,385608536,255462,254844,618,:Cache.freeCacheData,2569287,2569317,1,2,1114,1104,:1104:1114,--:Cache.freeCacheData
385353530,385608123,254593,0,254593,:Cache.stream_sync,2569287,2569317,2,0,1115,1114,:1104:1114:1115,----:Cache.stream_sync
385393086,385774859,381773,328902,52871,:Task.execute,2569287,2569318,0,9,1116,,:1116,:Task.execute
385393852,385394184,332,0,332,:Cache.getCacheData,2569287,2569318,1,0,1117,1116,:1116:1117,--:Cache.getCacheData
385394367,385425493,31126,0,31126,:Frame.H2D.submit_with_staging,2569287,2569318,1,0,1118,1116,:1116:1118,--:Frame.H2D.submit_with_staging
385425678,385429153,3475,0,3475,:Cel.kernels.submit,2569287,2569318,1,0,1119,1116,:1116:1119,--:Cel.kernels.submit
385429276,385431599,2323,0,2323,:Cel.D2H.submit,2569287,2569318,1,0,1120,1116,:1116:1120,--:Cel.D2H.submit
385431725,385434544,2819,0,2819,:Sdd.kernels.submit,2569287,2569318,1,0,1121,1116,:1116:1121,--:Sdd.kernels.submit
385434741,385436966,2225,0,2225,:Sdd.D2H.submit,2569287,2569318,1,0,1122,1116,:1116:1122,--:Sdd.D2H.submit
385437140,385440106,2966,0,2966,:Mi.kernels.submit,2569287,2569318,1,0,1123,1116,:1116:1123,--:Mi.kernels.submit
385440266,385442449,2183,0,2183,:Mi.D2H.submit,2569287,2569318,1,0,1124,1116,:1116:1124,--:Mi.D2H.submit
385442612,385724065,281453,281107,346,:Cache.freeCacheData,2569287,2569318,1,2,1125,1116,:1116:1125,--:Cache.freeCacheData
385442721,385723641,280920,0,280920,:Cache.stream_sync,2569287,2569318,2,0,1126,1125,:1116:1125:1126,----:Cache.stream_sync
385472900,385473140,240,0,240,:Cache.publish_release,2569287,2569315,2,0,1127,1090,:1080:1090:1127,----:Cache.publish_release
385515253,385881067,365814,309235,56579,:Task.execute,2569287,2569315,0,9,1128,,:1128,:Task.execute
385515926,385516561,635,0,635,:Cache.getCacheData,2569287,2569315,1,0,1129,1128,:1128:1129,--:Cache.getCacheData
385516708,385544020,27312,0,27312,:Frame.H2D.submit_with_staging,2569287,2569315,1,0,1130,1128,:1128:1130,--:Frame.H2D.submit_with_staging
385544199,385547637,3438,0,3438,:Cel.kernels.submit,2569287,2569315,1,0,1131,1128,:1128:1131,--:Cel.kernels.submit
385547757,385552317,4560,0,4560,:Cel.D2H.submit,2569287,2569315,1,0,1132,1128,:1128:1132,--:Cel.D2H.submit
385552559,385555495,2936,0,2936,:Sdd.kernels.submit,2569287,2569315,1,0,1133,1128,:1128:1133,--:Sdd.kernels.submit
385555698,385557985,2287,0,2287,:Sdd.D2H.submit,2569287,2569315,1,0,1134,1128,:1128:1134,--:Sdd.D2H.submit
385558197,385561217,3020,0,3020,:Mi.kernels.submit,2569287,2569315,1,0,1135,1128,:1128:1135,--:Mi.kernels.submit
385561452,385565866,4414,0,4414,:Mi.D2H.submit,2569287,2569315,1,0,1136,1128,:1128:1136,--:Mi.D2H.submit
385566086,385826719,260633,260169,464,:Cache.freeCacheData,2569287,2569315,1,2,1137,1128,:1128:1137,--:Cache.freeCacheData
385566336,385826282,259946,0,259946,:Cache.stream_sync,2569287,2569315,2,0,1138,1137,:1128:1137:1138,----:Cache.stream_sync
385583100,385583440,340,0,340,:Cache.publish_release,2569287,2569316,2,0,1139,1102,:1092:1102:1139,----:Cache.publish_release
385608216,385608467,251,0,251,:Cache.publish_release,2569287,2569317,2,0,1140,1114,:1104:1114:1140,----:Cache.publish_release
385635031,386016363,381332,346930,34402,:Task.execute,2569287,2569316,0,9,1141,,:1141,:Task.execute
385635704,385636195,491,0,491,:Cache.getCacheData,2569287,2569316,1,0,1142,1141,:1141:1142,--:Cache.getCacheData
385636362,385681755,45393,0,45393,:Frame.H2D.submit_with_staging,2569287,2569316,1,0,1143,1141,:1141:1143,--:Frame.H2D.submit_with_staging
385667950,386112503,444553,386720,57833,:Task.execute,2569287,2569317,0,9,1144,,:1144,:Task.execute
385668788,385669080,292,0,292,:Cache.getCacheData,2569287,2569317,1,0,1145,1144,:1144:1145,--:Cache.getCacheData
385669161,385710030,40869,0,40869,:Frame.H2D.submit_with_staging,2569287,2569317,1,0,1146,1144,:1144:1146,--:Frame.H2D.submit_with_staging
385681994,385685342,3348,0,3348,:Cel.kernels.submit,2569287,2569316,1,0,1147,1141,:1141:1147,--:Cel.kernels.submit
385685479,385688045,2566,0,2566,:Cel.D2H.submit,2569287,2569316,1,0,1148,1141,:1141:1148,--:Cel.D2H.submit
385688179,385691119,2940,0,2940,:Sdd.kernels.submit,2569287,2569316,1,0,1149,1141,:1141:1149,--:Sdd.kernels.submit
385691455,385693691,2236,0,2236,:Sdd.D2H.submit,2569287,2569316,1,0,1150,1141,:1141:1150,--:Sdd.D2H.submit
385693871,385696836,2965,0,2965,:Mi.kernels.submit,2569287,2569316,1,0,1151,1141,:1141:1151,--:Mi.kernels.submit
385697283,385699480,2197,0,2197,:Mi.D2H.submit,2569287,2569316,1,0,1152,1141,:1141:1152,--:Mi.D2H.submit
385699697,385984491,284794,284358,436,:Cache.freeCacheData,2569287,2569316,1,2,1153,1141,:1141:1153,--:Cache.freeCacheData
385699967,385984118,284151,0,284151,:Cache.stream_sync,2569287,2569316,2,0,1154,1153,:1141:1153:1154,----:Cache.stream_sync
385710138,385713754,3616,0,3616,:Cel.kernels.submit,2569287,2569317,1,0,1155,1144,:1144:1155,--:Cel.kernels.submit
385713890,385716238,2348,0,2348,:Cel.D2H.submit,2569287,2569317,1,0,1156,1144,:1144:1156,--:Cel.D2H.submit
385716409,385719090,2681,0,2681,:Sdd.kernels.submit,2569287,2569317,1,0,1157,1144,:1144:1157,--:Sdd.kernels.submit
385719214,385721573,2359,0,2359,:Sdd.D2H.submit,2569287,2569317,1,0,1158,1144,:1144:1158,--:Sdd.D2H.submit
385721691,385724426,2735,0,2735,:Mi.kernels.submit,2569287,2569317,1,0,1159,1144,:1144:1159,--:Mi.kernels.submit
385723739,385723926,187,0,187,:Cache.publish_release,2569287,2569318,2,0,1160,1125,:1116:1125:1160,----:Cache.publish_release
385724664,385726741,2077,0,2077,:Mi.D2H.submit,2569287,2569317,1,0,1161,1144,:1144:1161,--:Mi.D2H.submit
385726856,386056599,329743,329422,321,:Cache.freeCacheData,2569287,2569317,1,2,1162,1144,:1144:1162,--:Cache.freeCacheData
385726973,386056129,329156,0,329156,:Cache.stream_sync,2569287,2569317,2,0,1163,1162,:1144:1162:1163,----:Cache.stream_sync
385775130,386185473,410343,356937,53406,:Task.execute,2569287,2569318,0,9,1164,,:1164,:Task.execute
385776075,385776329,254,0,254,:Cache.getCacheData,2569287,2569318,1,0,1165,1164,:1164:1165,--:Cache.getCacheData
385776571,385820160,43589,0,43589,:Frame.H2D.submit_with_staging,2569287,2569318,1,0,1166,1164,:1164:1166,--:Frame.H2D.submit_with_staging
385820277,385824001,3724,0,3724,:Cel.kernels.submit,2569287,2569318,1,0,1167,1164,:1164:1167,--:Cel.kernels.submit
385824105,385826380,2275,0,2275,:Cel.D2H.submit,2569287,2569318,1,0,1168,1164,:1164:1168,--:Cel.D2H.submit
385826429,385826652,223,0,223,:Cache.publish_release,2569287,2569315,2,0,1169,1137,:1128:1137:1169,----:Cache.publish_release
385826494,385829320,2826,0,2826,:Sdd.kernels.submit,2569287,2569318,1,0,1170,1164,:1164:1170,--:Sdd.kernels.submit
385829442,385831850,2408,0,2408,:Sdd.D2H.submit,2569287,2569318,1,0,1171,1164,:1164:1171,--:Sdd.D2H.submit
385832069,385835038,2969,0,2969,:Mi.kernels.submit,2569287,2569318,1,0,1172,1164,:1164:1172,--:Mi.kernels.submit
385835145,385837048,1903,0,1903,:Mi.D2H.submit,2569287,2569318,1,0,1173,1164,:1164:1173,--:Mi.D2H.submit
385837142,386134131,296989,296621,368,:Cache.freeCacheData,2569287,2569318,1,2,1174,1164,:1164:1174,--:Cache.freeCacheData
385837254,386133460,296206,0,296206,:Cache.stream_sync,2569287,2569318,2,0,1175,1174,:1164:1174:1175,----:Cache.stream_sync
385881335,386277751,396416,340244,56172,:Task.execute,2569287,2569315,0,9,1176,,:1176,:Task.execute
385882175,385882623,448,0,448,:Cache.getCacheData,2569287,2569315,1,0,1177,1176,:1176:1177,--:Cache.getCacheData
385882842,385916000,33158,0,33158,:Frame.H2D.submit_with_staging,2569287,2569315,1,0,1178,1176,:1176:1178,--:Frame.H2D.submit_with_staging
385916119,385919826,3707,0,3707,:Cel.kernels.submit,2569287,2569315,1,0,1179,1176,:1176:1179,--:Cel.kernels.submit
385919961,385922269,2308,0,2308,:Cel.D2H.submit,2569287,2569315,1,0,1180,1176,:1176:1180,--:Cel.D2H.submit
385922452,385925253,2801,0,2801,:Sdd.kernels.submit,2569287,2569315,1,0,1181,1176,:1176:1181,--:Sdd.kernels.submit
385925517,385927841,2324,0,2324,:Sdd.D2H.submit,2569287,2569315,1,0,1182,1176,:1176:1182,--:Sdd.D2H.submit
385927941,385930808,2867,0,2867,:Mi.kernels.submit,2569287,2569315,1,0,1183,1176,:1176:1183,--:Mi.kernels.submit
385930933,385933236,2303,0,2303,:Mi.D2H.submit,2569287,2569315,1,0,1184,1176,:1176:1184,--:Mi.D2H.submit
385933342,386223670,290328,290044,284,:Cache.freeCacheData,2569287,2569315,1,2,1185,1176,:1176:1185,--:Cache.freeCacheData
385933448,386223279,289831,0,289831,:Cache.stream_sync,2569287,2569315,2,0,1186,1185,:1176:1185:1186,----:Cache.stream_sync
385984200,385984407,207,0,207,:Cache.publish_release,2569287,2569316,2,0,1187,1153,:1141:1153:1187,----:Cache.publish_release
386016639,386402160,385521,343322,42199,:Task.execute,2569287,2569316,0,9,1188,,:1188,:Task.execute
386017414,386017952,538,0,538,:Cache.getCacheData,2569287,2569316,1,0,1189,1188,:1188:1189,--:Cache.getCacheData
386018042,386052670,34628,0,34628,:Frame.H2D.submit_with_staging,2569287,2569316,1,0,1190,1188,:1188:1190,--:Frame.H2D.submit_with_staging
386052788,386056310,3522,0,3522,:Cel.kernels.submit,2569287,2569316,1,0,1191,1188,:1188:1191,--:Cel.kernels.submit
386056233,386056499,266,0,266,:Cache.publish_release,2569287,2569317,2,0,1192,1162,:1144:1162:1192,----:Cache.publish_release
386056565,386059168,2603,0,2603,:Cel.D2H.submit,2569287,2569316,1,0,1193,1188,:1188:1193,--:Cel.D2H.submit
386059409,386062375,2966,0,2966,:Sdd.kernels.submit,2569287,2569316,1,0,1194,1188,:1188:1194,--:Sdd.kernels.submit
386062569,386065143,2574,0,2574,:Sdd.D2H.submit,2569287,2569316,1,0,1195,1188,:1188:1195,--:Sdd.D2H.submit
386065550,386068285,2735,0,2735,:Mi.kernels.submit,2569287,2569316,1,0,1196,1188,:1188:1196,--:Mi.kernels.submit
386068640,386071106,2466,0,2466,:Mi.D2H.submit,2569287,2569316,1,0,1197,1188,:1188:1197,--:Mi.D2H.submit
386071211,386362501,291290,290698,592,:Cache.freeCacheData,2569287,2569316,1,2,1198,1188,:1188:1198,--:Cache.freeCacheData
386071306,386361796,290490,0,290490,:Cache.stream_sync,2569287,2569316,2,0,1199,1198,:1188:1198:1199,----:Cache.stream_sync
386112796,386522506,409710,367763,41947,:Task.execute,2569287,2569317,0,9,1200,,:1200,:Task.execute
386113432,386113942,510,0,510,:Cache.getCacheData,2569287,2569317,1,0,1201,1200,:1200:1201,--:Cache.getCacheData
386114019,386150835,36816,0,36816,:Frame.H2D.submit_with_staging,2569287,2569317,1,0,1202,1200,:1200:1202,--:Frame.H2D.submit_with_staging
386133570,386133985,415,0,415,:Cache.publish_release,2569287,2569318,2,0,1203,1174,:1164:1174:1203,----:Cache.publish_release
386151007,386154109,3102,0,3102,:Cel.kernels.submit,2569287,2569317,1,0,1204,1200,:1200:1204,--:Cel.kernels.submit
386154242,386156835,2593,0,2593,:Cel.D2H.submit,2569287,2569317,1,0,1205,1200,:1200:1205,--:Cel.D2H.submit
386156939,386159885,2946,0,2946,:Sdd.kernels.submit,2569287,2569317,1,0,1206,1200,:1200:1206,--:Sdd.kernels.submit
386160049,386162383,2334,0,2334,:Sdd.D2H.submit,2569287,2569317,1,0,1207,1200,:1200:1207,--:Sdd.D2H.submit
386162505,386165094,2589,0,2589,:Mi.kernels.submit,2569287,2569317,1,0,1208,1200,:1200:1208,--:Mi.kernels.submit
386165245,386167452,2207,0,2207,:Mi.D2H.submit,2569287,2569317,1,0,1209,1200,:1200:1209,--:Mi.D2H.submit
386167571,386482237,314666,314386,280,:Cache.freeCacheData,2569287,2569317,1,2,1210,1200,:1200:1210,--:Cache.freeCacheData
386167697,386481811,314114,0,314114,:Cache.stream_sync,2569287,2569317,2,0,1211,1210,:1200:1210:1211,----:Cache.stream_sync
386185889,386595713,409824,347565,62259,:Task.execute,2569287,2569318,0,9,1212,,:1212,:Task.execute
386186726,386187025,299,0,299,:Cache.getCacheData,2569287,2569318,1,0,1213,1212,:1212:1213,--:Cache.getCacheData
386187215,386227933,40718,0,40718,:Frame.H2D.submit_with_staging,2569287,2569318,1,0,1214,1212,:1212:1214,--:Frame.H2D.submit_with_staging
386223377,386223590,213,0,213,:Cache.publish_release,2569287,2569315,2,0,1215,1185,:1176:1185:1215,----:Cache.publish_release
386228089,386231579,3490,0,3490,:Cel.kernels.submit,2569287,2569318,1,0,1216,1212,:1212:1216,--:Cel.kernels.submit
386231709,386238518,6809,0,6809,:Cel.D2H.submit,2569287,2569318,1,0,1217,1212,:1212:1217,--:Cel.D2H.submit
386238688,386242167,3479,0,3479,:Sdd.kernels.submit,2569287,2569318,1,0,1218,1212,:1212:1218,--:Sdd.kernels.submit
386242370,386244566,2196,0,2196,:Sdd.D2H.submit,2569287,2569318,1,0,1219,1212,:1212:1219,--:Sdd.D2H.submit
386244857,386248045,3188,0,3188,:Mi.kernels.submit,2569287,2569318,1,0,1220,1212,:1212:1220,--:Mi.kernels.submit
386248154,386250464,2310,0,2310,:Mi.D2H.submit,2569287,2569318,1,0,1221,1212,:1212:1221,--:Mi.D2H.submit
386250648,386535724,285076,284096,980,:Cache.freeCacheData,2569287,2569318,1,2,1222,1212,:1212:1222,--:Cache.freeCacheData
386251383,386535198,283815,0,283815,:Cache.stream_sync,2569287,2569318,2,0,1223,1222,:1212:1222:1223,----:Cache.stream_sync
386278140,386652491,374351,296414,77937,:Task.execute,2569287,2569315,0,9,1224,,:1224,:Task.execute
386278769,386279062,293,0,293,:Cache.getCacheData,2569287,2569315,1,0,1225,1224,:1224:1225,--:Cache.getCacheData
386279249,386313483,34234,0,34234,:Frame.H2D.submit_with_staging,2569287,2569315,1,0,1226,1224,:1224:1226,--:Frame.H2D.submit_with_staging
386313691,386317334,3643,0,3643,:Cel.kernels.submit,2569287,2569315,1,0,1227,1224,:1224:1227,--:Cel.kernels.submit
386317472,386320045,2573,0,2573,:Cel.D2H.submit,2569287,2569315,1,0,1228,1224,:1224:1228,--:Cel.D2H.submit
386320303,386323465,3162,0,3162,:Sdd.kernels.submit,2569287,2569315,1,0,1229,1224,:1224:1229,--:Sdd.kernels.submit
386323571,386325782,2211,0,2211,:Sdd.D2H.submit,2569287,2569315,1,0,1230,1224,:1224:1230,--:Sdd.D2H.submit
386325886,386328587,2701,0,2701,:Mi.kernels.submit,2569287,2569315,1,0,1231,1224,:1224:1231,--:Mi.kernels.submit
386328693,386330664,1971,0,1971,:Mi.D2H.submit,2569287,2569315,1,0,1232,1224,:1224:1232,--:Mi.D2H.submit
386330770,386576396,245626,244853,773,:Cache.freeCacheData,2569287,2569315,1,2,1233,1224,:1224:1233,--:Cache.freeCacheData
386330887,386575375,244488,0,244488,:Cache.stream_sync,2569287,2569315,2,0,1234,1233,:1224:1233:1234,----:Cache.stream_sync
386361883,386362091,208,0,208,:Cache.publish_release,2569287,2569316,2,0,1235,1198,:1188:1198:1235,----:Cache.publish_release
386402537,386767998,365461,309577,55884,:Task.execute,2569287,2569316,0,9,1236,,:1236,:Task.execute
386403275,386403523,248,0,248,:Cache.getCacheData,2569287,2569316,1,0,1237,1236,:1236:1237,--:Cache.getCacheData
386403602,386432725,29123,0,29123,:Frame.H2D.submit_with_staging,2569287,2569316,1,0,1238,1236,:1236:1238,--:Frame.H2D.submit_with_staging
386432837,386436197,3360,0,3360,:Cel.kernels.submit,2569287,2569316,1,0,1239,1236,:1236:1239,--:Cel.kernels.submit
386436368,386438769,2401,0,2401,:Cel.D2H.submit,2569287,2569316,1,0,1240,1236,:1236:1240,--:Cel.D2H.submit
386439028,386442683,3655,0,3655,:Sdd.kernels.submit,2569287,2569316,1,0,1241,1236,:1236:1241,--:Sdd.kernels.submit
386442903,386445095,2192,0,2192,:Sdd.D2H.submit,2569287,2569316,1,0,1242,1236,:1236:1242,--:Sdd.D2H.submit
386445201,386448031,2830,0,2830,:Mi.kernels.submit,2569287,2569316,1,0,1243,1236,:1236:1243,--:Mi.kernels.submit
386448154,386450265,2111,0,2111,:Mi.D2H.submit,2569287,2569316,1,0,1244,1236,:1236:1244,--:Mi.D2H.submit
386450368,386714025,263657,262866,791,:Cache.freeCacheData,2569287,2569316,1,2,1245,1236,:1236:1245,--:Cache.freeCacheData
386450470,386713020,262550,0,262550,:Cache.stream_sync,2569287,2569316,2,0,1246,1245,:1236:1245:1246,----:Cache.stream_sync
386481895,386482167,272,0,272,:Cache.publish_release,2569287,2569317,2,0,1247,1210,:1200:1210:1247,----:Cache.publish_release
386522780,386905967,383187,347585,35602,:Task.execute,2569287,2569317,0,9,1248,,:1248,:Task.execute
386523480,386523774,294,0,294,:Cache.getCacheData,2569287,2569317,1,0,1249,1248,:1248:1249,--:Cache.getCacheData
386523854,386572815,48961,0,48961,:Frame.H2D.submit_with_staging,2569287,2569317,1,0,1250,1248,:1248:1250,--:Frame.H2D.submit_with_staging
386535308,386535589,281,0,281,:Cache.publish_release,2569287,2569318,2,0,1251,1222,:1212:1222:1251,----:Cache.publish_release
386572982,386576526,3544,0,3544,:Cel.kernels.submit,2569287,2569317,1,0,1252,1248,:1248:1252,--:Cel.kernels.submit
386575952,386576317,365,0,365,:Cache.publish_release,2569287,2569315,2,0,1253,1233,:1224:1233:1253,----:Cache.publish_release
386576746,386579159,2413,0,2413,:Cel.D2H.submit,2569287,2569317,1,0,1254,1248,:1248:1254,--:Cel.D2H.submit
386579481,386582253,2772,0,2772,:Sdd.kernels.submit,2569287,2569317,1,0,1255,1248,:1248:1255,--:Sdd.kernels.submit
386582373,386585091,2718,0,2718,:Sdd.D2H.submit,2569287,2569317,1,0,1256,1248,:1248:1256,--:Sdd.D2H.submit
386585621,386588849,3228,0,3228,:Mi.kernels.submit,2569287,2569317,1,0,1257,1248,:1248:1257,--:Mi.kernels.submit
386589050,386595157,6107,0,6107,:Mi.D2H.submit,2569287,2569317,1,0,1258,1248,:1248:1258,--:Mi.D2H.submit
386595589,386873137,277548,276977,571,:Cache.freeCacheData,2569287,2569317,1,2,1259,1248,:1248:1259,--:Cache.freeCacheData
386596002,386872335,276333,0,276333,:Cache.stream_sync,2569287,2569317,2,0,1260,1259,:1248:1259:1260,----:Cache.stream_sync
386596249,387001250,405001,342516,62485,:Task.execute,2569287,2569318,0,9,1261,,:1261,:Task.execute
386598009,386598589,580,0,580,:Cache.getCacheData,2569287,2569318,1,0,1262,1261,:1261:1262,--:Cache.getCacheData
386599557,386658946,59389,0,59389,:Frame.H2D.submit_with_staging,2569287,2569318,1,0,1263,1261,:1261:1263,--:Frame.H2D.submit_with_staging
386652869,387060011,407142,349881,57261,:Task.execute,2569287,2569315,0,9,1264,,:1264,:Task.execute
386653678,386653975,297,0,297,:Cache.getCacheData,2569287,2569315,1,0,1265,1264,:1264:1265,--:Cache.getCacheData
386654165,386698595,44430,0,44430,:Frame.H2D.submit_with_staging,2569287,2569315,1,0,1266,1264,:1264:1266,--:Frame.H2D.submit_with_staging
386659101,386662962,3861,0,3861,:Cel.kernels.submit,2569287,2569318,1,0,1267,1261,:1261:1267,--:Cel.kernels.submit
386663066,386665822,2756,0,2756,:Cel.D2H.submit,2569287,2569318,1,0,1268,1261,:1261:1268,--:Cel.D2H.submit
386665945,386668725,2780,0,2780,:Sdd.kernels.submit,2569287,2569318,1,0,1269,1261,:1261:1269,--:Sdd.kernels.submit
386668843,386670901,2058,0,2058,:Sdd.D2H.submit,2569287,2569318,1,0,1270,1261,:1261:1270,--:Sdd.D2H.submit
386671074,386674255,3181,0,3181,:Mi.kernels.submit,2569287,2569318,1,0,1271,1261,:1261:1271,--:Mi.kernels.submit
386677390,386680244,2854,0,2854,:Mi.D2H.submit,2569287,2569318,1,0,1272,1261,:1261:1272,--:Mi.D2H.submit
386680883,386945940,265057,264629,428,:Cache.freeCacheData,2569287,2569318,1,2,1273,1261,:1261:1273,--:Cache.freeCacheData
386681149,386945414,264265,0,264265,:Cache.stream_sync,2569287,2569318,2,0,1274,1273,:1261:1273:1274,----:Cache.stream_sync
386698774,386702368,3594,0,3594,:Cel.kernels.submit,2569287,2569315,1,0,1275,1264,:1264:1275,--:Cel.kernels.submit
386702570,386705692,3122,0,3122,:Cel.D2H.submit,2569287,2569315,1,0,1276,1264,:1264:1276,--:Cel.D2H.submit
386705886,386708802,2916,0,2916,:Sdd.kernels.submit,2569287,2569315,1,0,1277,1264,:1264:1277,--:Sdd.kernels.submit
386708909,386710964,2055,0,2055,:Sdd.D2H.submit,2569287,2569315,1,0,1278,1264,:1264:1278,--:Sdd.D2H.submit
386711064,386714306,3242,0,3242,:Mi.kernels.submit,2569287,2569315,1,0,1279,1264,:1264:1279,--:Mi.kernels.submit
386713535,386713851,316,0,316,:Cache.publish_release,2569287,2569316,2,0,1280,1245,:1236:1245:1280,----:Cache.publish_release
386714421,386718703,4282,0,4282,:Mi.D2H.submit,2569287,2569315,1,0,1281,1264,:1264:1281,--:Mi.D2H.submit
386718893,387004836,285943,285365,578,:Cache.freeCacheData,2569287,2569315,1,2,1282,1264,:1264:1282,--:Cache.freeCacheData
386719227,387004129,284902,0,284902,:Cache.stream_sync,2569287,2569315,2,0,1283,1282,:1264:1282:1283,----:Cache.stream_sync
386768374,387164308,395934,342532,53402,:Task.execute,2569287,2569316,0,9,1284,,:1284,:Task.execute
386769206,386769609,403,0,403,:Cache.getCacheData,2569287,2569316,1,0,1285,1284,:1284:1285,--:Cache.getCacheData
386769821,386802254,32433,0,32433,:Frame.H2D.submit_with_staging,2569287,2569316,1,0,1286,1284,:1284:1286,--:Frame.H2D.submit_with_staging
386802502,386806040,3538,0,3538,:Cel.kernels.submit,2569287,2569316,1,0,1287,1284,:1284:1287,--:Cel.kernels.submit
386806204,386808904,2700,0,2700,:Cel.D2H.submit,2569287,2569316,1,0,1288,1284,:1284:1288,--:Cel.D2H.submit
386809019,386811782,2763,0,2763,:Sdd.kernels.submit,2569287,2569316,1,0,1289,1284,:1284:1289,--:Sdd.kernels.submit
386811973,386814246,2273,0,2273,:Sdd.D2H.submit,2569287,2569316,1,0,1290,1284,:1284:1290,--:Sdd.D2H.submit
386814450,386817559,3109,0,3109,:Mi.kernels.submit,2569287,2569316,1,0,1291,1284,:1284:1291,--:Mi.kernels.submit
386818015,386822603,4588,0,4588,:Mi.D2H.submit,2569287,2569316,1,0,1292,1284,:1284:1292,--:Mi.D2H.submit
386822793,387113518,290725,289883,842,:Cache.freeCacheData,2569287,2569316,1,2,1293,1284,:1284:1293,--:Cache.freeCacheData
386823090,387112779,289689,0,289689,:Cache.stream_sync,2569287,2569316,2,0,1294,1293,:1284:1293:1294,----:Cache.stream_sync
386872425,386873069,644,0,644,:Cache.publish_release,2569287,2569317,2,0,1295,1259,:1248:1259:1295,----:Cache.publish_release
386906300,387273129,366829,316446,50383,:Task.execute,2569287,2569317,0,9,1296,,:1296,:Task.execute
386906926,386907269,343,0,343,:Cache.getCacheData,2569287,2569317,1,0,1297,1296,:1296:1297,--:Cache.getCacheData
386907345,386940701,33356,0,33356,:Frame.H2D.submit_with_staging,2569287,2569317,1,0,1298,1296,:1296:1298,--:Frame.H2D.submit_with_staging
386940900,386944278,3378,0,3378,:Cel.kernels.submit,2569287,2569317,1,0,1299,1296,:1296:1299,--:Cel.kernels.submit
386944409,386946939,2530,0,2530,:Cel.D2H.submit,2569287,2569317,1,0,1300,1296,:1296:1300,--:Cel.D2H.submit
386945501,386945865,364,0,364,:Cache.publish_release,2569287,2569318,2,0,1301,1273,:1261:1273:1301,----:Cache.publish_release
386947089,386950026,2937,0,2937,:Sdd.kernels.submit,2569287,2569317,1,0,1302,1296,:1296:1302,--:Sdd.kernels.submit
386950350,386952970,2620,0,2620,:Sdd.D2H.submit,2569287,2569317,1,0,1303,1296,:1296:1303,--:Sdd.D2H.submit
386953248,386956233,2985,0,2985,:Mi.kernels.submit,2569287,2569317,1,0,1304,1296,:1296:1304,--:Mi.kernels.submit
386956518,386958542,2024,0,2024,:Mi.D2H.submit,2569287,2569317,1,0,1305,1296,:1296:1305,--:Mi.D2H.submit
386958647,387224920,266273,266008,265,:Cache.freeCacheData,2569287,2569317,1,2,1306,1296,:1296:1306,--:Cache.freeCacheData
386958746,387224471,265725,0,265725,:Cache.stream_sync,2569287,2569317,2,0,1307,1306,:1296:1306:1307,----:Cache.stream_sync
387001768,387385874,384106,340077,44029,:Task.execute,2569287,2569318,0,9,1308,,:1308,:Task.execute
387002455,387002707,252,0,252,:Cache.getCacheData,2569287,2569318,1,0,1309,1308,:1308:1309,--:Cache.getCacheData
387003033,387052057,49024,0,49024,:Frame.H2D.submit_with_staging,2569287,2569318,1,0,1310,1308,:1308:1310,--:Frame.H2D.submit_with_staging
387004277,387004740,463,0,463,:Cache.publish_release,2569287,2569315,2,0,1311,1282,:1264:1282:1311,----:Cache.publish_release
387052183,387055680,3497,0,3497,:Cel.kernels.submit,2569287,2569318,1,0,1312,1308,:1308:1312,--:Cel.kernels.submit
387055813,387058104,2291,0,2291,:Cel.D2H.submit,2569287,2569318,1,0,1313,1308,:1308:1313,--:Cel.D2H.submit
387058211,387061094,2883,0,2883,:Sdd.kernels.submit,2569287,2569318,1,0,1314,1308,:1308:1314,--:Sdd.kernels.submit
387060273,387507224,446951,404575,42376,:Task.execute,2569287,2569315,0,9,1315,,:1315,:Task.execute
387060876,387061307,431,0,431,:Cache.getCacheData,2569287,2569315,1,0,1316,1315,:1315:1316,--:Cache.getCacheData
387061379,387063866,2487,0,2487,:Sdd.D2H.submit,2569287,2569318,1,0,1317,1308,:1308:1317,--:Sdd.D2H.submit
387061441,387107067,45626,0,45626,:Frame.H2D.submit_with_staging,2569287,2569315,1,0,1318,1315,:1315:1318,--:Frame.H2D.submit_with_staging
387064167,387067070,2903,0,2903,:Mi.kernels.submit,2569287,2569318,1,0,1319,1308,:1308:1319,--:Mi.kernels.submit
387067198,387069074,1876,0,1876,:Mi.D2H.submit,2569287,2569318,1,0,1320,1308,:1308:1320,--:Mi.D2H.submit
387069170,387344034,274864,274532,332,:Cache.freeCacheData,2569287,2569318,1,2,1321,1308,:1308:1321,--:Cache.freeCacheData
387069302,387343560,274258,0,274258,:Cache.stream_sync,2569287,2569318,2,0,1322,1321,:1308:1321:1322,----:Cache.stream_sync
387107247,387110695,3448,0,3448,:Cel.kernels.submit,2569287,2569315,1,0,1323,1315,:1315:1323,--:Cel.kernels.submit
387110828,387113782,2954,0,2954,:Cel.D2H.submit,2569287,2569315,1,0,1324,1315,:1315:1324,--:Cel.D2H.submit
387113251,387113445,194,0,194,:Cache.publish_release,2569287,2569316,2,0,1325,1293,:1284:1293:1325,----:Cache.publish_release
387113975,387116874,2899,0,2899,:Sdd.kernels.submit,2569287,2569315,1,0,1326,1315,:1315:1326,--:Sdd.kernels.submit
387116995,387119510,2515,0,2515,:Sdd.D2H.submit,2569287,2569315,1,0,1327,1315,:1315:1327,--:Sdd.D2H.submit
387119646,387122654,3008,0,3008,:Mi.kernels.submit,2569287,2569315,1,0,1328,1315,:1315:1328,--:Mi.kernels.submit
387122843,387125275,2432,0,2432,:Mi.D2H.submit,2569287,2569315,1,0,1329,1315,:1315:1329,--:Mi.D2H.submit
387125401,387466663,341262,340947,315,:Cache.freeCacheData,2569287,2569315,1,2,1330,1315,:1315:1330,--:Cache.freeCacheData
387125560,387466273,340713,0,340713,:Cache.stream_sync,2569287,2569315,2,0,1331,1330,:1315:1330:1331,----:Cache.stream_sync
387164732,387568038,403306,343381,59925,:Task.execute,2569287,2569316,0,9,1332,,:1332,:Task.execute
387165640,387166064,424,0,424,:Cache.getCacheData,2569287,2569316,1,0,1333,1332,:1332:1333,--:Cache.getCacheData
387166179,387199231,33052,0,33052,:Frame.H2D.submit_with_staging,2569287,2569316,1,0,1334,1332,:1332:1334,--:Frame.H2D.submit_with_staging
387199358,387202726,3368,0,3368,:Cel.kernels.submit,2569287,2569316,1,0,1335,1332,:1332:1335,--:Cel.kernels.submit
387202869,387205349,2480,0,2480,:Cel.D2H.submit,2569287,2569316,1,0,1336,1332,:1332:1336,--:Cel.D2H.submit
387205537,387208274,2737,0,2737,:Sdd.kernels.submit,2569287,2569316,1,0,1337,1332,:1332:1337,--:Sdd.kernels.submit
387208518,387210858,2340,0,2340,:Sdd.D2H.submit,2569287,2569316,1,0,1338,1332,:1332:1338,--:Sdd.D2H.submit
387211114,387213784,2670,0,2670,:Mi.kernels.submit,2569287,2569316,1,0,1339,1332,:1332:1339,--:Mi.kernels.submit
387213981,387216223,2242,0,2242,:Mi.D2H.submit,2569287,2569316,1,0,1340,1332,:1332:1340,--:Mi.D2H.submit
387216323,387510391,294068,293746,322,:Cache.freeCacheData,2569287,2569316,1,2,1341,1332,:1332:1341,--:Cache.freeCacheData
387216461,387509974,293513,0,293513,:Cache.stream_sync,2569287,2569316,2,0,1342,1341,:1332:1341:1342,----:Cache.stream_sync
387224566,387224849,283,0,283,:Cache.publish_release,2569287,2569317,2,0,1343,1306,:1296:1306:1343,----:Cache.publish_release
387273423,387641120,367697,292692,75005,:Task.execute,2569287,2569317,0,9,1344,,:1344,:Task.execute
387273954,387274176,222,0,222,:Cache.getCacheData,2569287,2569317,1,0,1345,1344,:1344:1345,--:Cache.getCacheData
387274255,387299973,25718,0,25718,:Frame.H2D.submit_with_staging,2569287,2569317,1,0,1346,1344,:1344:1346,--:Frame.H2D.submit_with_staging
387300076,387303214,3138,0,3138,:Cel.kernels.submit,2569287,2569317,1,0,1347,1344,:1344:1347,--:Cel.kernels.submit
387303344,387305646,2302,0,2302,:Cel.D2H.submit,2569287,2569317,1,0,1348,1344,:1344:1348,--:Cel.D2H.submit
387305746,387308790,3044,0,3044,:Sdd.kernels.submit,2569287,2569317,1,0,1349,1344,:1344:1349,--:Sdd.kernels.submit
387308937,387315425,6488,0,6488,:Sdd.D2H.submit,2569287,2569317,1,0,1350,1344,:1344:1350,--:Sdd.D2H.submit
387315534,387318245,2711,0,2711,:Mi.kernels.submit,2569287,2569317,1,0,1351,1344,:1344:1351,--:Mi.kernels.submit
387318350,387320749,2399,0,2399,:Mi.D2H.submit,2569287,2569317,1,0,1352,1344,:1344:1352,--:Mi.D2H.submit
387321030,387567700,246670,246162,508,:Cache.freeCacheData,2569287,2569317,1,2,1353,1344,:1344:1353,--:Cache.freeCacheData
387321322,387566924,245602,0,245602,:Cache.stream_sync,2569287,2569317,2,0,1354,1353,:1344:1353:1354,----:Cache.stream_sync
387343645,387343919,274,0,274,:Cache.publish_release,2569287,2569318,2,0,1355,1321,:1308:1321:1355,----:Cache.publish_release
387386189,387758953,372764,316999,55765,:Task.execute,2569287,2569318,0,9,1356,,:1356,:Task.execute
387386722,387387019,297,0,297,:Cache.getCacheData,2569287,2569318,1,0,1357,1356,:1356:1357,--:Cache.getCacheData
387387460,387412500,25040,0,25040,:Frame.H2D.submit_with_staging,2569287,2569318,1,0,1358,1356,:1356:1358,--:Frame.H2D.submit_with_staging
387412871,387416479,3608,0,3608,:Cel.kernels.submit,2569287,2569318,1,0,1359,1356,:1356:1359,--:Cel.kernels.submit
387416606,387418965,2359,0,2359,:Cel.D2H.submit,2569287,2569318,1,0,1360,1356,:1356:1360,--:Cel.D2H.submit
387419072,387422217,3145,0,3145,:Sdd.kernels.submit,2569287,2569318,1,0,1361,1356,:1356:1361,--:Sdd.kernels.submit
387422343,387424294,1951,0,1951,:Sdd.D2H.submit,2569287,2569318,1,0,1362,1356,:1356:1362,--:Sdd.D2H.submit
387424406,387427310,2904,0,2904,:Mi.kernels.submit,2569287,2569318,1,0,1363,1356,:1356:1363,--:Mi.kernels.submit
387427432,387429418,1986,0,1986,:Mi.D2H.submit,2569287,2569318,1,0,1364,1356,:1356:1364,--:Mi.D2H.submit
387429517,387705226,275709,274530,1179,:Cache.freeCacheData,2569287,2569318,1,2,1365,1356,:1356:1365,--:Cache.freeCacheData
387429755,387703295,273540,0,273540,:Cache.stream_sync,2569287,2569318,2,0,1366,1365,:1356:1365:1366,----:Cache.stream_sync
387466363,387466597,234,0,234,:Cache.publish_release,2569287,2569315,2,0,1367,1330,:1315:1330:1367,----:Cache.publish_release
387507527,387927276,419749,384176,35573,:Task.execute,2569287,2569315,0,9,1368,,:1368,:Task.execute
387508085,387508355,270,0,270,:Cache.getCacheData,2569287,2569315,1,0,1369,1368,:1368:1369,--:Cache.getCacheData
387508432,387557141,48709,0,48709,:Frame.H2D.submit_with_staging,2569287,2569315,1,0,1370,1368,:1368:1370,--:Frame.H2D.submit_with_staging
387510078,387510311,233,0,233,:Cache.publish_release,2569287,2569316,2,0,1371,1341,:1332:1341:1371,----:Cache.publish_release
387557735,387561161,3426,0,3426,:Cel.kernels.submit,2569287,2569315,1,0,1372,1368,:1368:1372,--:Cel.kernels.submit
387561295,387563694,2399,0,2399,:Cel.D2H.submit,2569287,2569315,1,0,1373,1368,:1368:1373,--:Cel.D2H.submit
387563849,387567070,3221,0,3221,:Sdd.kernels.submit,2569287,2569315,1,0,1374,1368,:1368:1374,--:Sdd.kernels.submit
387567011,387567571,560,0,560,:Cache.publish_release,2569287,2569317,2,0,1375,1353,:1344:1353:1375,----:Cache.publish_release
387567197,387569849,2652,0,2652,:Sdd.D2H.submit,2569287,2569315,1,0,1376,1368,:1368:1376,--:Sdd.D2H.submit
387568357,387993181,424824,367676,57148,:Task.execute,2569287,2569316,0,9,1377,,:1377,:Task.execute
387569746,387570230,484,0,484,:Cache.getCacheData,2569287,2569316,1,0,1378,1377,:1377:1378,--:Cache.getCacheData
387570002,387573118,3116,0,3116,:Mi.kernels.submit,2569287,2569315,1,0,1379,1368,:1368:1379,--:Mi.kernels.submit
387570334,387636828,66494,0,66494,:Frame.H2D.submit_with_staging,2569287,2569316,1,0,1380,1377,:1377:1380,--:Frame.H2D.submit_with_staging
387573235,387575315,2080,0,2080,:Mi.D2H.submit,2569287,2569315,1,0,1381,1368,:1368:1381,--:Mi.D2H.submit
387575416,387893719,318303,317979,324,:Cache.freeCacheData,2569287,2569315,1,2,1382,1368,:1368:1382,--:Cache.freeCacheData
387575556,387893250,317694,0,317694,:Cache.stream_sync,2569287,2569315,2,0,1383,1382,:1368:1382:1383,----:Cache.stream_sync
387636943,387640255,3312,0,3312,:Cel.kernels.submit,2569287,2569316,1,0,1384,1377,:1377:1384,--:Cel.kernels.submit
387640394,387643233,2839,0,2839,:Cel.D2H.submit,2569287,2569316,1,0,1385,1377,:1377:1385,--:Cel.D2H.submit
387641618,388111213,469595,406244,63351,:Task.execute,2569287,2569317,0,9,1386,,:1386,:Task.execute
387642276,387642659,383,0,383,:Cache.getCacheData,2569287,2569317,1,0,1387,1386,:1386:1387,--:Cache.getCacheData
387642820,387691426,48606,0,48606,:Frame.H2D.submit_with_staging,2569287,2569317,1,0,1388,1386,:1386:1388,--:Frame.H2D.submit_with_staging
387643729,387647447,3718,0,3718,:Sdd.kernels.submit,2569287,2569316,1,0,1389,1377,:1377:1389,--:Sdd.kernels.submit
387647664,387650275,2611,0,2611,:Sdd.D2H.submit,2569287,2569316,1,0,1390,1377,:1377:1390,--:Sdd.D2H.submit
387650460,387653240,2780,0,2780,:Mi.kernels.submit,2569287,2569316,1,0,1391,1377,:1377:1391,--:Mi.kernels.submit
387653371,387655587,2216,0,2216,:Mi.D2H.submit,2569287,2569316,1,0,1392,1377,:1377:1392,--:Mi.D2H.submit
387655688,387938910,283222,282784,438,:Cache.freeCacheData,2569287,2569316,1,2,1393,1377,:1377:1393,--:Cache.freeCacheData
387655801,387938256,282455,0,282455,:Cache.stream_sync,2569287,2569316,2,0,1394,1393,:1377:1393:1394,----:Cache.stream_sync
387691608,387695709,4101,0,4101,:Cel.kernels.submit,2569287,2569317,1,0,1395,1386,:1386:1395,--:Cel.kernels.submit
387695950,387699195,3245,0,3245,:Cel.D2H.submit,2569287,2569317,1,0,1396,1386,:1386:1396,--:Cel.D2H.submit
387699313,387702355,3042,0,3042,:Sdd.kernels.submit,2569287,2569317,1,0,1397,1386,:1386:1397,--:Sdd.kernels.submit
387702501,387704933,2432,0,2432,:Sdd.D2H.submit,2569287,2569317,1,0,1398,1386,:1386:1398,--:Sdd.D2H.submit
387703971,387704961,990,0,990,:Cache.publish_release,2569287,2569318,2,0,1399,1365,:1356:1365:1399,----:Cache.publish_release
387705126,387708413,3287,0,3287,:Mi.kernels.submit,2569287,2569317,1,0,1400,1386,:1386:1400,--:Mi.kernels.submit
387708549,387711141,2592,0,2592,:Mi.D2H.submit,2569287,2569317,1,0,1401,1386,:1386:1401,--:Mi.D2H.submit
387711261,388049817,338556,338018,538,:Cache.freeCacheData,2569287,2569317,1,2,1402,1386,:1386:1402,--:Cache.freeCacheData
387711622,388049362,337740,0,337740,:Cache.stream_sync,2569287,2569317,2,0,1403,1402,:1386:1402:1403,----:Cache.stream_sync
387759594,388154261,394667,327676,66991,:Task.execute,2569287,2569318,0,9,1404,,:1404,:Task.execute
387761647,387762559,912,0,912,:Cache.getCacheData,2569287,2569318,1,0,1405,1404,:1404:1405,--:Cache.getCacheData
387762714,387795710,32996,0,32996,:Frame.H2D.submit_with_staging,2569287,2569318,1,0,1406,1404,:1404:1406,--:Frame.H2D.submit_with_staging
387795969,387806755,10786,0,10786,:Cel.kernels.submit,2569287,2569318,1,0,1407,1404,:1404:1407,--:Cel.kernels.submit
387806982,387810774,3792,0,3792,:Cel.D2H.submit,2569287,2569318,1,0,1408,1404,:1404:1408,--:Cel.D2H.submit
387811035,387814345,3310,0,3310,:Sdd.kernels.submit,2569287,2569318,1,0,1409,1404,:1404:1409,--:Sdd.kernels.submit
387814557,387816805,2248,0,2248,:Sdd.D2H.submit,2569287,2569318,1,0,1410,1404,:1404:1410,--:Sdd.D2H.submit
387817075,387820373,3298,0,3298,:Mi.kernels.submit,2569287,2569318,1,0,1411,1404,:1404:1411,--:Mi.kernels.submit
387820648,387822903,2255,0,2255,:Mi.D2H.submit,2569287,2569318,1,0,1412,1404,:1404:1412,--:Mi.D2H.submit
387823102,388091181,268079,267501,578,:Cache.freeCacheData,2569287,2569318,1,2,1413,1404,:1404:1413,--:Cache.freeCacheData
387823260,388090502,267242,0,267242,:Cache.stream_sync,2569287,2569318,2,0,1414,1413,:1404:1413:1414,----:Cache.stream_sync
387893358,387893643,285,0,285,:Cache.publish_release,2569287,2569315,2,0,1415,1382,:1368:1382:1415,----:Cache.publish_release
387927539,388312869,385330,346412,38918,:Task.execute,2569287,2569315,0,9,1416,,:1416,:Task.execute
387928073,387928341,268,0,268,:Cache.getCacheData,2569287,2569315,1,0,1417,1416,:1416:1417,--:Cache.getCacheData
387928486,387977244,48758,0,48758,:Frame.H2D.submit_with_staging,2569287,2569315,1,0,1418,1416,:1416:1418,--:Frame.H2D.submit_with_staging
387938484,387938813,329,0,329,:Cache.publish_release,2569287,2569316,2,0,1419,1393,:1377:1393:1419,----:Cache.publish_release
387977429,387980993,3564,0,3564,:Cel.kernels.submit,2569287,2569315,1,0,1420,1416,:1416:1420,--:Cel.kernels.submit
387981318,387984833,3515,0,3515,:Cel.D2H.submit,2569287,2569315,1,0,1421,1416,:1416:1421,--:Cel.D2H.submit
387984928,387988055,3127,0,3127,:Sdd.kernels.submit,2569287,2569315,1,0,1422,1416,:1416:1422,--:Sdd.kernels.submit
387988248,387990368,2120,0,2120,:Sdd.D2H.submit,2569287,2569315,1,0,1423,1416,:1416:1423,--:Sdd.D2H.submit
387990465,387993461,2996,0,2996,:Mi.kernels.submit,2569287,2569315,1,0,1424,1416,:1416:1424,--:Mi.kernels.submit
387993506,388368815,375309,317477,57832,:Task.execute,2569287,2569316,0,9,1425,,:1425,:Task.execute
387993599,387995858,2259,0,2259,:Mi.D2H.submit,2569287,2569315,1,0,1426,1416,:1416:1426,--:Mi.D2H.submit
387994260,387994594,334,0,334,:Cache.getCacheData,2569287,2569316,1,0,1427,1425,:1425:1427,--:Cache.getCacheData
387994742,388042868,48126,0,48126,:Frame.H2D.submit_with_staging,2569287,2569316,1,0,1428,1425,:1425:1428,--:Frame.H2D.submit_with_staging
387995994,388275799,279805,279209,596,:Cache.freeCacheData,2569287,2569315,1,2,1429,1416,:1416:1429,--:Cache.freeCacheData
387996433,388275398,278965,0,278965,:Cache.stream_sync,2569287,2569315,2,0,1430,1429,:1416:1429:1430,----:Cache.stream_sync
388043078,388046370,3292,0,3292,:Cel.kernels.submit,2569287,2569316,1,0,1431,1425,:1425:1431,--:Cel.kernels.submit
388046573,388051396,4823,0,4823,:Cel.D2H.submit,2569287,2569316,1,0,1432,1425,:1425:1432,--:Cel.D2H.submit
388049446,388049724,278,0,278,:Cache.publish_release,2569287,2569317,2,0,1433,1402,:1386:1402:1433,----:Cache.publish_release
388051498,388054780,3282,0,3282,:Sdd.kernels.submit,2569287,2569316,1,0,1434,1425,:1425:1434,--:Sdd.kernels.submit
388055004,388057317,2313,0,2313,:Sdd.D2H.submit,2569287,2569316,1,0,1435,1425,:1425:1435,--:Sdd.D2H.submit
388057528,388060690,3162,0,3162,:Mi.kernels.submit,2569287,2569316,1,0,1436,1425,:1425:1436,--:Mi.kernels.submit
388060873,388063329,2456,0,2456,:Mi.D2H.submit,2569287,2569316,1,0,1437,1425,:1425:1437,--:Mi.D2H.submit
388063658,388313347,249689,249241,448,:Cache.freeCacheData,2569287,2569316,1,2,1438,1425,:1425:1438,--:Cache.freeCacheData
388063897,388312817,248920,0,248920,:Cache.stream_sync,2569287,2569316,2,0,1439,1438,:1425:1438:1439,----:Cache.stream_sync
388090589,388090848,259,0,259,:Cache.publish_release,2569287,2569318,2,0,1440,1413,:1404:1413:1440,----:Cache.publish_release
388111530,388493556,382026,330426,51600,:Task.execute,2569287,2569317,0,9,1441,,:1441,:Task.execute
388112217,388112551,334,0,334,:Cache.getCacheData,2569287,2569317,1,0,1442,1441,:1441:1442,--:Cache.getCacheData
388113020,388161044,48024,0,48024,:Frame.H2D.submit_with_staging,2569287,2569317,1,0,1443,1441,:1441:1443,--:Frame.H2D.submit_with_staging
388154695,388547845,393150,336820,56330,:Task.execute,2569287,2569318,0,9,1444,,:1444,:Task.execute
388156193,388156590,397,0,397,:Cache.getCacheData,2569287,2569318,1,0,1445,1444,:1444:1445,--:Cache.getCacheData
388156683,388201131,44448,0,44448,:Frame.H2D.submit_with_staging,2569287,2569318,1,0,1446,1444,:1444:1446,--:Frame.H2D.submit_with_staging
388161233,388164830,3597,0,3597,:Cel.kernels.submit,2569287,2569317,1,0,1447,1441,:1441:1447,--:Cel.kernels.submit
388164956,388167287,2331,0,2331,:Cel.D2H.submit,2569287,2569317,1,0,1448,1441,:1441:1448,--:Cel.D2H.submit
388167390,388170115,2725,0,2725,:Sdd.kernels.submit,2569287,2569317,1,0,1449,1441,:1441:1449,--:Sdd.kernels.submit
388170250,388172767,2517,0,2517,:Sdd.D2H.submit,2569287,2569317,1,0,1450,1441,:1441:1450,--:Sdd.D2H.submit
388173001,388175846,2845,0,2845,:Mi.kernels.submit,2569287,2569317,1,0,1451,1441,:1441:1451,--:Mi.kernels.submit
388175971,388178608,2637,0,2637,:Mi.D2H.submit,2569287,2569317,1,0,1452,1441,:1441:1452,--:Mi.D2H.submit
388178707,388444123,265416,265160,256,:Cache.freeCacheData,2569287,2569317,1,2,1453,1441,:1441:1453,--:Cache.freeCacheData
388178808,388443793,264985,0,264985,:Cache.stream_sync,2569287,2569317,2,0,1454,1453,:1441:1453:1454,----:Cache.stream_sync
388201312,388205429,4117,0,4117,:Cel.kernels.submit,2569287,2569318,1,0,1455,1444,:1444:1455,--:Cel.kernels.submit
388205580,388209147,3567,0,3567,:Cel.D2H.submit,2569287,2569318,1,0,1456,1444,:1444:1456,--:Cel.D2H.submit
388209274,388212570,3296,0,3296,:Sdd.kernels.submit,2569287,2569318,1,0,1457,1444,:1444:1457,--:Sdd.kernels.submit
388212809,388215162,2353,0,2353,:Sdd.D2H.submit,2569287,2569318,1,0,1458,1444,:1444:1458,--:Sdd.D2H.submit
388215375,388218609,3234,0,3234,:Mi.kernels.submit,2569287,2569318,1,0,1459,1444,:1444:1459,--:Mi.kernels.submit
388218738,388221292,2554,0,2554,:Mi.D2H.submit,2569287,2569318,1,0,1460,1444,:1444:1460,--:Mi.D2H.submit
388221425,388494279,272854,272565,289,:Cache.freeCacheData,2569287,2569318,1,2,1461,1444,:1444:1461,--:Cache.freeCacheData
388221537,388493822,272285,0,272285,:Cache.stream_sync,2569287,2569318,2,0,1462,1461,:1444:1461:1462,----:Cache.stream_sync
388275486,388275730,244,0,244,:Cache.publish_release,2569287,2569315,2,0,1463,1429,:1416:1429:1463,----:Cache.publish_release
388312918,388313239,321,0,321,:Cache.publish_release,2569287,2569316,2,0,1464,1438,:1425:1438:1464,----:Cache.publish_release
388313187,388707680,394493,356835,37658,:Task.execute,2569287,2569315,0,9,1465,,:1465,:Task.execute
388314053,388314431,378,0,378,:Cache.getCacheData,2569287,2569315,1,0,1466,1465,:1465:1466,--:Cache.getCacheData
388314630,388363620,48990,0,48990,:Frame.H2D.submit_with_staging,2569287,2569315,1,0,1467,1465,:1465:1467,--:Frame.H2D.submit_with_staging
388363788,388367106,3318,0,3318,:Cel.kernels.submit,2569287,2569315,1,0,1468,1465,:1465:1468,--:Cel.kernels.submit
388367239,388369945,2706,0,2706,:Cel.D2H.submit,2569287,2569315,1,0,1469,1465,:1465:1469,--:Cel.D2H.submit
388369051,388776656,407605,345345,62260,:Task.execute,2569287,2569316,0,9,1470,,:1470,:Task.execute
388369664,388370052,388,0,388,:Cache.getCacheData,2569287,2569316,1,0,1471,1470,:1470:1471,--:Cache.getCacheData
388370234,388373227,2993,0,2993,:Sdd.kernels.submit,2569287,2569315,1,0,1472,1465,:1465:1472,--:Sdd.kernels.submit
388370294,388417906,47612,0,47612,:Frame.H2D.submit_with_staging,2569287,2569316,1,0,1473,1470,:1470:1473,--:Frame.H2D.submit_with_staging
388373353,388375551,2198,0,2198,:Sdd.D2H.submit,2569287,2569315,1,0,1474,1465,:1465:1474,--:Sdd.D2H.submit
388375811,388378645,2834,0,2834,:Mi.kernels.submit,2569287,2569315,1,0,1475,1465,:1465:1475,--:Mi.kernels.submit
388378767,388381385,2618,0,2618,:Mi.D2H.submit,2569287,2569315,1,0,1476,1465,:1465:1476,--:Mi.D2H.submit
388381490,388672290,290800,290528,272,:Cache.freeCacheData,2569287,2569315,1,2,1477,1465,:1465:1477,--:Cache.freeCacheData
388381594,388671914,290320,0,290320,:Cache.stream_sync,2569287,2569315,2,0,1478,1477,:1465:1477:1478,----:Cache.stream_sync
388418137,388421519,3382,0,3382,:Cel.kernels.submit,2569287,2569316,1,0,1479,1470,:1470:1479,--:Cel.kernels.submit
388421632,388424135,2503,0,2503,:Cel.D2H.submit,2569287,2569316,1,0,1480,1470,:1470:1480,--:Cel.D2H.submit
388424397,388427134,2737,0,2737,:Sdd.kernels.submit,2569287,2569316,1,0,1481,1470,:1470:1481,--:Sdd.kernels.submit
388427336,388429666,2330,0,2330,:Sdd.D2H.submit,2569287,2569316,1,0,1482,1470,:1470:1482,--:Sdd.D2H.submit
388429896,388432625,2729,0,2729,:Mi.kernels.submit,2569287,2569316,1,0,1483,1470,:1470:1483,--:Mi.kernels.submit
388433393,388435776,2383,0,2383,:Mi.D2H.submit,2569287,2569316,1,0,1484,1470,:1470:1484,--:Mi.D2H.submit
388435879,388717160,281281,280912,369,:Cache.freeCacheData,2569287,2569316,1,2,1485,1470,:1470:1485,--:Cache.freeCacheData
388435982,388716668,280686,0,280686,:Cache.stream_sync,2569287,2569316,2,0,1486,1485,:1470:1485:1486,----:Cache.stream_sync
388443879,388444054,175,0,175,:Cache.publish_release,2569287,2569317,2,0,1487,1453,:1441:1453:1487,----:Cache.publish_release
388493903,388494183,280,0,280,:Cache.publish_release,2569287,2569318,2,0,1488,1461,:1444:1461:1488,----:Cache.publish_release
388494307,388881352,387045,331576,55469,:Task.execute,2569287,2569317,0,9,1489,,:1489,:Task.execute
388495157,388495465,308,0,308,:Cache.getCacheData,2569287,2569317,1,0,1490,1489,:1489:1490,--:Cache.getCacheData
388495544,388539457,43913,0,43913,:Frame.H2D.submit_with_staging,2569287,2569317,1,0,1491,1489,:1489:1491,--:Frame.H2D.submit_with_staging
388539559,388543125,3566,0,3566,:Cel.kernels.submit,2569287,2569317,1,0,1492,1489,:1489:1492,--:Cel.kernels.submit
388543255,388545474,2219,0,2219,:Cel.D2H.submit,2569287,2569317,1,0,1493,1489,:1489:1493,--:Cel.D2H.submit
388545594,388548325,2731,0,2731,:Sdd.kernels.submit,2569287,2569317,1,0,1494,1489,:1489:1494,--:Sdd.kernels.submit
388548079,388928602,380523,317074,63449,:Task.execute,2569287,2569318,0,9,1495,,:1495,:Task.execute
388548538,388553561,5023,0,5023,:Sdd.D2H.submit,2569287,2569317,1,0,1496,1489,:1489:1496,--:Sdd.D2H.submit
388548782,388549528,746,0,746,:Cache.getCacheData,2569287,2569318,1,0,1497,1495,:1495:1497,--:Cache.getCacheData
388549883,388603559,53676,0,53676,:Frame.H2D.submit_with_staging,2569287,2569318,1,0,1498,1495,:1495:1498,--:Frame.H2D.submit_with_staging
388553699,388556678,2979,0,2979,:Mi.kernels.submit,2569287,2569317,1,0,1499,1489,:1489:1499,--:Mi.kernels.submit
388556811,388559515,2704,0,2704,:Mi.D2H.submit,2569287,2569317,1,0,1500,1489,:1489:1500,--:Mi.D2H.submit
388559710,388827843,268133,266866,1267,:Cache.freeCacheData,2569287,2569317,1,2,1501,1489,:1489:1501,--:Cache.freeCacheData
388560368,388826636,266268,0,266268,:Cache.stream_sync,2569287,2569317,2,0,1502,1501,:1489:1501:1502,----:Cache.stream_sync
388603762,388607962,4200,0,4200,:Cel.kernels.submit,2569287,2569318,1,0,1503,1495,:1495:1503,--:Cel.kernels.submit
388608175,388610593,2418,0,2418,:Cel.D2H.submit,2569287,2569318,1,0,1504,1495,:1495:1504,--:Cel.D2H.submit
388610799,388613929,3130,0,3130,:Sdd.kernels.submit,2569287,2569318,1,0,1505,1495,:1495:1505,--:Sdd.kernels.submit
388614038,388616012,1974,0,1974,:Sdd.D2H.submit,2569287,2569318,1,0,1506,1495,:1495:1506,--:Sdd.D2H.submit
388616123,388618963,2840,0,2840,:Mi.kernels.submit,2569287,2569318,1,0,1507,1495,:1495:1507,--:Mi.kernels.submit
388619067,388620920,1853,0,1853,:Mi.D2H.submit,2569287,2569318,1,0,1508,1495,:1495:1508,--:Mi.D2H.submit
388621021,388867258,246237,245517,720,:Cache.freeCacheData,2569287,2569318,1,2,1509,1495,:1495:1509,--:Cache.freeCacheData
388621136,388866417,245281,0,245281,:Cache.stream_sync,2569287,2569318,2,0,1510,1509,:1495:1509:1510,----:Cache.stream_sync
388672012,388672220,208,0,208,:Cache.publish_release,2569287,2569315,2,0,1511,1477,:1465:1477:1511,----:Cache.publish_release
388708037,389078839,370802,334512,36290,:Task.execute,2569287,2569315,0,9,1512,,:1512,:Task.execute
388708606,388708849,243,0,243,:Cache.getCacheData,2569287,2569315,1,0,1513,1512,:1512:1513,--:Cache.getCacheData
388708927,388755818,46891,0,46891,:Frame.H2D.submit_with_staging,2569287,2569315,1,0,1514,1512,:1512:1514,--:Frame.H2D.submit_with_staging
388716763,388716989,226,0,226,:Cache.publish_release,2569287,2569316,2,0,1515,1485,:1470:1485:1515,----:Cache.publish_release
388755946,388767347,11401,0,11401,:Cel.kernels.submit,2569287,2569315,1,0,1516,1512,:1512:1516,--:Cel.kernels.submit
388767506,388769965,2459,0,2459,:Cel.D2H.submit,2569287,2569315,1,0,1517,1512,:1512:1517,--:Cel.D2H.submit
388770060,388772938,2878,0,2878,:Sdd.kernels.submit,2569287,2569315,1,0,1518,1512,:1512:1518,--:Sdd.kernels.submit
388773046,388775340,2294,0,2294,:Sdd.D2H.submit,2569287,2569315,1,0,1519,1512,:1512:1519,--:Sdd.D2H.submit
388775462,388778422,2960,0,2960,:Mi.kernels.submit,2569287,2569315,1,0,1520,1512,:1512:1520,--:Mi.kernels.submit
388777614,389229928,452314,404546,47768,:Task.execute,2569287,2569316,0,9,1521,,:1521,:Task.execute
388778375,388778700,325,0,325,:Cache.getCacheData,2569287,2569316,1,0,1522,1521,:1521:1522,--:Cache.getCacheData
388778551,388780844,2293,0,2293,:Mi.D2H.submit,2569287,2569315,1,0,1523,1512,:1512:1523,--:Mi.D2H.submit
388778777,388822789,44012,0,44012,:Frame.H2D.submit_with_staging,2569287,2569316,1,0,1524,1521,:1521:1524,--:Frame.H2D.submit_with_staging
388780948,389044041,263093,262831,262,:Cache.freeCacheData,2569287,2569315,1,2,1525,1512,:1512:1525,--:Cache.freeCacheData
388781050,389043590,262540,0,262540,:Cache.stream_sync,2569287,2569315,2,0,1526,1525,:1512:1525:1526,----:Cache.stream_sync
388822909,388826550,3641,0,3641,:Cel.kernels.submit,2569287,2569316,1,0,1527,1521,:1521:1527,--:Cel.kernels.submit
388826691,388829463,2772,0,2772,:Cel.D2H.submit,2569287,2569316,1,0,1528,1521,:1521:1528,--:Cel.D2H.submit
388826773,388827371,598,0,598,:Cache.publish_release,2569287,2569317,2,0,1529,1501,:1489:1501:1529,----:Cache.publish_release
388829572,388832901,3329,0,3329,:Sdd.kernels.submit,2569287,2569316,1,0,1530,1521,:1521:1530,--:Sdd.kernels.submit
388833286,388835966,2680,0,2680,:Sdd.D2H.submit,2569287,2569316,1,0,1531,1521,:1521:1531,--:Sdd.D2H.submit
388836240,388838917,2677,0,2677,:Mi.kernels.submit,2569287,2569316,1,0,1532,1521,:1521:1532,--:Mi.kernels.submit
388839050,388841206,2156,0,2156,:Mi.D2H.submit,2569287,2569316,1,0,1533,1521,:1521:1533,--:Mi.D2H.submit
388841306,389184260,342954,342123,831,:Cache.freeCacheData,2569287,2569316,1,2,1534,1521,:1521:1534,--:Cache.freeCacheData
388841814,389183350,341536,0,341536,:Cache.stream_sync,2569287,2569316,2,0,1535,1534,:1521:1534:1535,----:Cache.stream_sync
388866581,388866817,236,0,236,:Cache.publish_release,2569287,2569318,2,0,1536,1509,:1495:1509:1536,----:Cache.publish_release
388884722,389262731,378009,317246,60763,:Task.execute,2569287,2569317,0,9,1537,,:1537,:Task.execute
388885479,388885889,410,0,410,:Cache.getCacheData,2569287,2569317,1,0,1538,1537,:1537:1538,--:Cache.getCacheData
388886070,388932522,46452,0,46452,:Frame.H2D.submit_with_staging,2569287,2569317,1,0,1539,1537,:1537:1539,--:Frame.H2D.submit_with_staging
388929407,389321165,391758,319125,72633,:Task.execute,2569287,2569318,0,9,1540,,:1540,:Task.execute
388930193,388930860,667,0,667,:Cache.getCacheData,2569287,2569318,1,0,1541,1540,:1540:1541,--:Cache.getCacheData
388931027,388972419,41392,0,41392,:Frame.H2D.submit_with_staging,2569287,2569318,1,0,1542,1540,:1540:1542,--:Frame.H2D.submit_with_staging
388932688,388936363,3675,0,3675,:Cel.kernels.submit,2569287,2569317,1,0,1543,1537,:1537:1543,--:Cel.kernels.submit
388936487,388938982,2495,0,2495,:Cel.D2H.submit,2569287,2569317,1,0,1544,1537,:1537:1544,--:Cel.D2H.submit
388939084,388941783,2699,0,2699,:Sdd.kernels.submit,2569287,2569317,1,0,1545,1537,:1537:1545,--:Sdd.kernels.submit
388941906,388944104,2198,0,2198,:Sdd.D2H.submit,2569287,2569317,1,0,1546,1537,:1537:1546,--:Sdd.D2H.submit
388944236,388947043,2807,0,2807,:Mi.kernels.submit,2569287,2569317,1,0,1547,1537,:1537:1547,--:Mi.kernels.submit
388947177,388949270,2093,0,2093,:Mi.D2H.submit,2569287,2569317,1,0,1548,1537,:1537:1548,--:Mi.D2H.submit
388949490,389203907,254417,253976,441,:Cache.freeCacheData,2569287,2569317,1,2,1549,1537,:1537:1549,--:Cache.freeCacheData
388949776,389203541,253765,0,253765,:Cache.stream_sync,2569287,2569317,2,0,1550,1549,:1537:1549:1550,----:Cache.stream_sync
388972613,388976404,3791,0,3791,:Cel.kernels.submit,2569287,2569318,1,0,1551,1540,:1540:1551,--:Cel.kernels.submit
388976530,388978866,2336,0,2336,:Cel.D2H.submit,2569287,2569318,1,0,1552,1540,:1540:1552,--:Cel.D2H.submit
388979033,388981968,2935,0,2935,:Sdd.kernels.submit,2569287,2569318,1,0,1553,1540,:1540:1553,--:Sdd.kernels.submit
388982143,388984412,2269,0,2269,:Sdd.D2H.submit,2569287,2569318,1,0,1554,1540,:1540:1554,--:Sdd.D2H.submit
388984805,388988057,3252,0,3252,:Mi.kernels.submit,2569287,2569318,1,0,1555,1540,:1540:1555,--:Mi.kernels.submit
388988242,388990622,2380,0,2380,:Mi.D2H.submit,2569287,2569318,1,0,1556,1540,:1540:1556,--:Mi.D2H.submit
388990794,389250897,260103,259740,363,:Cache.freeCacheData,2569287,2569318,1,2,1557,1540,:1540:1557,--:Cache.freeCacheData
388991008,389250540,259532,0,259532,:Cache.stream_sync,2569287,2569318,2,0,1558,1557,:1540:1557:1558,----:Cache.stream_sync
389043678,389043969,291,0,291,:Cache.publish_release,2569287,2569315,2,0,1559,1525,:1512:1525:1559,----:Cache.publish_release
389080419,389427560,347141,290334,56807,:Task.execute,2569287,2569315,0,9,1560,,:1560,:Task.execute
389081416,389081918,502,0,502,:Cache.getCacheData,2569287,2569315,1,0,1561,1560,:1560:1561,--:Cache.getCacheData
389082082,389118634,36552,0,36552,:Frame.H2D.submit_with_staging,2569287,2569315,1,0,1562,1560,:1560:1562,--:Frame.H2D.submit_with_staging
389118994,389122729,3735,0,3735,:Cel.kernels.submit,2569287,2569315,1,0,1563,1560,:1560:1563,--:Cel.kernels.submit
389122849,389125431,2582,0,2582,:Cel.D2H.submit,2569287,2569315,1,0,1564,1560,:1560:1564,--:Cel.D2H.submit
389125613,389128447,2834,0,2834,:Sdd.kernels.submit,2569287,2569315,1,0,1565,1560,:1560:1565,--:Sdd.kernels.submit
389128666,389130859,2193,0,2193,:Sdd.D2H.submit,2569287,2569315,1,0,1566,1560,:1560:1566,--:Sdd.D2H.submit
389130967,389134059,3092,0,3092,:Mi.kernels.submit,2569287,2569315,1,0,1567,1560,:1560:1567,--:Mi.kernels.submit
389134191,389136415,2224,0,2224,:Mi.D2H.submit,2569287,2569315,1,0,1568,1560,:1560:1568,--:Mi.D2H.submit
389136814,389373434,236620,236128,492,:Cache.freeCacheData,2569287,2569315,1,2,1569,1560,:1560:1569,--:Cache.freeCacheData
389137154,389372947,235793,0,235793,:Cache.stream_sync,2569287,2569315,2,0,1570,1569,:1560:1569:1570,----:Cache.stream_sync
389183532,389184119,587,0,587,:Cache.publish_release,2569287,2569316,2,0,1571,1534,:1521:1534:1571,----:Cache.publish_release
389203626,389203837,211,0,211,:Cache.publish_release,2569287,2569317,2,0,1572,1549,:1537:1549:1572,----:Cache.publish_release
389232274,389582843,350569,309762,40807,:Task.execute,2569287,2569316,0,9,1573,,:1573,:Task.execute
389232906,389233447,541,0,541,:Cache.getCacheData,2569287,2569316,1,0,1574,1573,:1573:1574,--:Cache.getCacheData
389233606,389285575,51969,0,51969,:Frame.H2D.submit_with_staging,2569287,2569316,1,0,1575,1573,:1573:1575,--:Frame.H2D.submit_with_staging
389250622,389250830,208,0,208,:Cache.publish_release,2569287,2569318,2,0,1576,1557,:1540:1557:1576,----:Cache.publish_release
389263063,389701416,438353,393988,44365,:Task.execute,2569287,2569317,0,9,1577,,:1577,:Task.execute
389263799,389264269,470,0,470,:Cache.getCacheData,2569287,2569317,1,0,1578,1577,:1577:1578,--:Cache.getCacheData
389264457,389323988,59531,0,59531,:Frame.H2D.submit_with_staging,2569287,2569317,1,0,1579,1577,:1577:1579,--:Frame.H2D.submit_with_staging
389285695,389289099,3404,0,3404,:Cel.kernels.submit,2569287,2569316,1,0,1580,1573,:1573:1580,--:Cel.kernels.submit
389289227,389291637,2410,0,2410,:Cel.D2H.submit,2569287,2569316,1,0,1581,1573,:1573:1581,--:Cel.D2H.submit
389291915,389294840,2925,0,2925,:Sdd.kernels.submit,2569287,2569316,1,0,1582,1573,:1573:1582,--:Sdd.kernels.submit
389295057,389297312,2255,0,2255,:Sdd.D2H.submit,2569287,2569316,1,0,1583,1573,:1573:1583,--:Sdd.D2H.submit
389297500,389300480,2980,0,2980,:Mi.kernels.submit,2569287,2569316,1,0,1584,1573,:1573:1584,--:Mi.kernels.submit
389301609,389303939,2330,0,2330,:Mi.D2H.submit,2569287,2569316,1,0,1585,1573,:1573:1585,--:Mi.D2H.submit
389304518,389545466,240948,240311,637,:Cache.freeCacheData,2569287,2569316,1,2,1586,1573,:1573:1586,--:Cache.freeCacheData
389304909,389544987,240078,0,240078,:Cache.stream_sync,2569287,2569316,2,0,1587,1586,:1573:1586:1587,----:Cache.stream_sync
389321506,389760355,438849,380270,58579,:Task.execute,2569287,2569318,0,9,1588,,:1588,:Task.execute
389322233,389322564,331,0,331,:Cache.getCacheData,2569287,2569318,1,0,1589,1588,:1588:1589,--:Cache.getCacheData
389322637,389367785,45148,0,45148,:Frame.H2D.submit_with_staging,2569287,2569318,1,0,1590,1588,:1588:1590,--:Frame.H2D.submit_with_staging
389324422,389327671,3249,0,3249,:Cel.kernels.submit,2569287,2569317,1,0,1591,1577,:1577:1591,--:Cel.kernels.submit
389327816,389330366,2550,0,2550,:Cel.D2H.submit,2569287,2569317,1,0,1592,1577,:1577:1592,--:Cel.D2H.submit
389330481,389333237,2756,0,2756,:Sdd.kernels.submit,2569287,2569317,1,0,1593,1577,:1577:1593,--:Sdd.kernels.submit
389333353,389335647,2294,0,2294,:Sdd.D2H.submit,2569287,2569317,1,0,1594,1577,:1577:1594,--:Sdd.D2H.submit
389335749,389338286,2537,0,2537,:Mi.kernels.submit,2569287,2569317,1,0,1595,1577,:1577:1595,--:Mi.kernels.submit
389338403,389340649,2246,0,2246,:Mi.D2H.submit,2569287,2569317,1,0,1596,1577,:1577:1596,--:Mi.D2H.submit
389340757,389659112,318355,317943,412,:Cache.freeCacheData,2569287,2569317,1,2,1597,1577,:1577:1597,--:Cache.freeCacheData
389341015,389658720,317705,0,317705,:Cache.stream_sync,2569287,2569317,2,0,1598,1597,:1577:1597:1598,----:Cache.stream_sync
389367889,389371627,3738,0,3738,:Cel.kernels.submit,2569287,2569318,1,0,1599,1588,:1588:1599,--:Cel.kernels.submit
389371778,389374035,2257,0,2257,:Cel.D2H.submit,2569287,2569318,1,0,1600,1588,:1588:1600,--:Cel.D2H.submit
389373029,389373364,335,0,335,:Cache.publish_release,2569287,2569315,2,0,1601,1569,:1560:1569:1601,----:Cache.publish_release
389374141,389377214,3073,0,3073,:Sdd.kernels.submit,2569287,2569318,1,0,1602,1588,:1588:1602,--:Sdd.kernels.submit
389377671,389380215,2544,0,2544,:Sdd.D2H.submit,2569287,2569318,1,0,1603,1588,:1588:1603,--:Sdd.D2H.submit
389380466,389383502,3036,0,3036,:Mi.kernels.submit,2569287,2569318,1,0,1604,1588,:1588:1604,--:Mi.kernels.submit
389383753,389385893,2140,0,2140,:Mi.D2H.submit,2569287,2569318,1,0,1605,1588,:1588:1605,--:Mi.D2H.submit
389385988,389703991,318003,317554,449,:Cache.freeCacheData,2569287,2569318,1,2,1606,1588,:1588:1606,--:Cache.freeCacheData
389386237,389703526,317289,0,317289,:Cache.stream_sync,2569287,2569318,2,0,1607,1606,:1588:1606:1607,----:Cache.stream_sync
389427822,389832772,404950,331537,73413,:Task.execute,2569287,2569315,0,9,1608,,:1608,:Task.execute
389428594,389428858,264,0,264,:Cache.getCacheData,2569287,2569315,1,0,1609,1608,:1608:1609,--:Cache.getCacheData
389429034,389472828,43794,0,43794,:Frame.H2D.submit_with_staging,2569287,2569315,1,0,1610,1608,:1608:1610,--:Frame.H2D.submit_with_staging
389472950,389476315,3365,0,3365,:Cel.kernels.submit,2569287,2569315,1,0,1611,1608,:1608:1611,--:Cel.kernels.submit
389476417,389478851,2434,0,2434,:Cel.D2H.submit,2569287,2569315,1,0,1612,1608,:1608:1612,--:Cel.D2H.submit
389479040,389481855,2815,0,2815,:Sdd.kernels.submit,2569287,2569315,1,0,1613,1608,:1608:1613,--:Sdd.kernels.submit
389481982,389484200,2218,0,2218,:Sdd.D2H.submit,2569287,2569315,1,0,1614,1608,:1608:1614,--:Sdd.D2H.submit
389484423,389487446,3023,0,3023,:Mi.kernels.submit,2569287,2569315,1,0,1615,1608,:1608:1615,--:Mi.kernels.submit
389487567,389489740,2173,0,2173,:Mi.D2H.submit,2569287,2569315,1,0,1616,1608,:1608:1616,--:Mi.D2H.submit
389489838,389761289,271451,270792,659,:Cache.freeCacheData,2569287,2569315,1,2,1617,1608,:1608:1617,--:Cache.freeCacheData
389490195,389760731,270536,0,270536,:Cache.stream_sync,2569287,2569315,2,0,1618,1617,:1608:1617:1618,----:Cache.stream_sync
389545163,389545396,233,0,233,:Cache.publish_release,2569287,2569316,2,0,1619,1586,:1573:1586:1619,----:Cache.publish_release
389583214,389964955,381741,337761,43980,:Task.execute,2569287,2569316,0,9,1620,,:1620,:Task.execute
389583966,389584292,326,0,326,:Cache.getCacheData,2569287,2569316,1,0,1621,1620,:1620:1621,--:Cache.getCacheData
389584453,389617365,32912,0,32912,:Frame.H2D.submit_with_staging,2569287,2569316,1,0,1622,1620,:1620:1622,--:Frame.H2D.submit_with_staging
389617518,389622885,5367,0,5367,:Cel.kernels.submit,2569287,2569316,1,0,1623,1620,:1620:1623,--:Cel.kernels.submit
389623032,389625663,2631,0,2631,:Cel.D2H.submit,2569287,2569316,1,0,1624,1620,:1620:1624,--:Cel.D2H.submit
389625915,389628721,2806,0,2806,:Sdd.kernels.submit,2569287,2569316,1,0,1625,1620,:1620:1625,--:Sdd.kernels.submit
389628926,389631162,2236,0,2236,:Sdd.D2H.submit,2569287,2569316,1,0,1626,1620,:1620:1626,--:Sdd.D2H.submit
389631399,389634173,2774,0,2774,:Mi.kernels.submit,2569287,2569316,1,0,1627,1620,:1620:1627,--:Mi.kernels.submit
389634420,389636727,2307,0,2307,:Mi.D2H.submit,2569287,2569316,1,0,1628,1620,:1620:1628,--:Mi.D2H.submit
389636963,389923365,286402,285683,719,:Cache.freeCacheData,2569287,2569316,1,2,1629,1620,:1620:1629,--:Cache.freeCacheData
389637122,389922628,285506,0,285506,:Cache.stream_sync,2569287,2569316,2,0,1630,1629,:1620:1629:1630,----:Cache.stream_sync
389658804,389659042,238,0,238,:Cache.publish_release,2569287,2569317,2,0,1631,1597,:1577:1597:1631,----:Cache.publish_release
389701845,390085147,383302,343045,40257,:Task.execute,2569287,2569317,0,9,1632,,:1632,:Task.execute
389702493,389702770,277,0,277,:Cache.getCacheData,2569287,2569317,1,0,1633,1632,:1632:1633,--:Cache.getCacheData
389702852,389749279,46427,0,46427,:Frame.H2D.submit_with_staging,2569287,2569317,1,0,1634,1632,:1632:1634,--:Frame.H2D.submit_with_staging
389703658,389703923,265,0,265,:Cache.publish_release,2569287,2569318,2,0,1635,1606,:1588:1606:1635,----:Cache.publish_release
389749482,389755851,6369,0,6369,:Cel.kernels.submit,2569287,2569317,1,0,1636,1632,:1632:1636,--:Cel.kernels.submit
389756009,389760272,4263,0,4263,:Cel.D2H.submit,2569287,2569317,1,0,1637,1632,:1632:1637,--:Cel.D2H.submit
389760554,389764690,4136,0,4136,:Sdd.kernels.submit,2569287,2569317,1,0,1638,1632,:1632:1638,--:Sdd.kernels.submit
389760852,390158435,397583,334513,63070,:Task.execute,2569287,2569318,0,9,1639,,:1639,:Task.execute
389760918,389761174,256,0,256,:Cache.publish_release,2569287,2569315,2,0,1640,1617,:1608:1617:1640,----:Cache.publish_release
389761973,389762390,417,0,417,:Cache.getCacheData,2569287,2569318,1,0,1641,1639,:1639:1641,--:Cache.getCacheData
389762471,389824188,61717,0,61717,:Frame.H2D.submit_with_staging,2569287,2569318,1,0,1642,1639,:1639:1642,--:Frame.H2D.submit_with_staging
389764812,389767238,2426,0,2426,:Sdd.D2H.submit,2569287,2569317,1,0,1643,1632,:1632:1643,--:Sdd.D2H.submit
389767846,389770385,2539,0,2539,:Mi.kernels.submit,2569287,2569317,1,0,1644,1632,:1632:1644,--:Mi.kernels.submit
389770506,389772768,2262,0,2262,:Mi.D2H.submit,2569287,2569317,1,0,1645,1632,:1632:1645,--:Mi.D2H.submit
389772884,390047230,274346,274005,341,:Cache.freeCacheData,2569287,2569317,1,2,1646,1632,:1632:1646,--:Cache.freeCacheData
389773004,390046708,273704,0,273704,:Cache.stream_sync,2569287,2569317,2,0,1647,1646,:1632:1646:1647,----:Cache.stream_sync
389824323,389828666,4343,0,4343,:Cel.kernels.submit,2569287,2569318,1,0,1648,1639,:1639:1648,--:Cel.kernels.submit
389828785,389831002,2217,0,2217,:Cel.D2H.submit,2569287,2569318,1,0,1649,1639,:1639:1649,--:Cel.D2H.submit
389831110,389841188,10078,0,10078,:Sdd.kernels.submit,2569287,2569318,1,0,1650,1639,:1639:1650,--:Sdd.kernels.submit
389833064,390218465,385401,305007,80394,:Task.execute,2569287,2569315,0,9,1651,,:1651,:Task.execute
389833671,389833930,259,0,259,:Cache.getCacheData,2569287,2569315,1,0,1652,1651,:1651:1652,--:Cache.getCacheData
389834010,389880550,46540,0,46540,:Frame.H2D.submit_with_staging,2569287,2569315,1,0,1653,1651,:1651:1653,--:Frame.H2D.submit_with_staging
389841464,389843546,2082,0,2082,:Sdd.D2H.submit,2569287,2569318,1,0,1654,1639,:1639:1654,--:Sdd.D2H.submit
389843809,389846695,2886,0,2886,:Mi.kernels.submit,2569287,2569318,1,0,1655,1639,:1639:1655,--:Mi.kernels.submit
389846857,389848754,1897,0,1897,:Mi.D2H.submit,2569287,2569318,1,0,1656,1639,:1639:1656,--:Mi.D2H.submit
389848859,390097735,248876,248627,249,:Cache.freeCacheData,2569287,2569318,1,2,1657,1639,:1639:1657,--:Cache.freeCacheData
389848957,390097317,248360,0,248360,:Cache.stream_sync,2569287,2569318,2,0,1658,1657,:1639:1657:1658,----:Cache.stream_sync
389880665,389884376,3711,0,3711,:Cel.kernels.submit,2569287,2569315,1,0,1659,1651,:1651:1659,--:Cel.kernels.submit
389884507,389886946,2439,0,2439,:Cel.D2H.submit,2569287,2569315,1,0,1660,1651,:1651:1660,--:Cel.D2H.submit
389887070,389889989,2919,0,2919,:Sdd.kernels.submit,2569287,2569315,1,0,1661,1651,:1651:1661,--:Sdd.kernels.submit
389890110,389892315,2205,0,2205,:Sdd.D2H.submit,2569287,2569315,1,0,1662,1651,:1651:1662,--:Sdd.D2H.submit
389892417,389895130,2713,0,2713,:Mi.kernels.submit,2569287,2569315,1,0,1663,1651,:1651:1663,--:Mi.kernels.submit
389895250,389897397,2147,0,2147,:Mi.D2H.submit,2569287,2569315,1,0,1664,1651,:1651:1664,--:Mi.D2H.submit
389897499,390139573,242074,241776,298,:Cache.freeCacheData,2569287,2569315,1,2,1665,1651,:1651:1665,--:Cache.freeCacheData
389897600,390138975,241375,0,241375,:Cache.stream_sync,2569287,2569315,2,0,1666,1665,:1651:1665:1666,----:Cache.stream_sync
389922733,389922910,177,0,177,:Cache.publish_release,2569287,2569316,2,0,1667,1629,:1620:1629:1667,----:Cache.publish_release
389965350,390340576,375226,320732,54494,:Task.execute,2569287,2569316,0,9,1668,,:1668,:Task.execute
389965991,389966225,234,0,234,:Cache.getCacheData,2569287,2569316,1,0,1669,1668,:1668:1669,--:Cache.getCacheData
389966303,389994435,28132,0,28132,:Frame.H2D.submit_with_staging,2569287,2569316,1,0,1670,1668,:1668:1670,--:Frame.H2D.submit_with_staging
389994554,389998021,3467,0,3467,:Cel.kernels.submit,2569287,2569316,1,0,1671,1668,:1668:1671,--:Cel.kernels.submit
389998127,390000622,2495,0,2495,:Cel.D2H.submit,2569287,2569316,1,0,1672,1668,:1668:1672,--:Cel.D2H.submit
390000754,390003567,2813,0,2813,:Sdd.kernels.submit,2569287,2569316,1,0,1673,1668,:1668:1673,--:Sdd.kernels.submit
390003778,390006073,2295,0,2295,:Sdd.D2H.submit,2569287,2569316,1,0,1674,1668,:1668:1674,--:Sdd.D2H.submit
390006293,390008919,2626,0,2626,:Mi.kernels.submit,2569287,2569316,1,0,1675,1668,:1668:1675,--:Mi.kernels.submit
390009057,390011149,2092,0,2092,:Mi.D2H.submit,2569287,2569316,1,0,1676,1668,:1668:1676,--:Mi.D2H.submit
390011249,390287827,276578,276146,432,:Cache.freeCacheData,2569287,2569316,1,2,1677,1668,:1668:1677,--:Cache.freeCacheData
390011347,390287063,275716,0,275716,:Cache.stream_sync,2569287,2569316,2,0,1678,1677,:1668:1677:1678,----:Cache.stream_sync
390046814,390047115,301,0,301,:Cache.publish_release,2569287,2569317,2,0,1679,1646,:1632:1646:1679,----:Cache.publish_release
390085485,390485725,400240,362278,37962,:Task.execute,2569287,2569317,0,9,1680,,:1680,:Task.execute
390086164,390086467,303,0,303,:Cache.getCacheData,2569287,2569317,1,0,1681,1680,:1680:1681,--:Cache.getCacheData
390086708,390131344,44636,0,44636,:Frame.H2D.submit_with_staging,2569287,2569317,1,0,1682,1680,:1680:1682,--:Frame.H2D.submit_with_staging
390097401,390097668,267,0,267,:Cache.publish_release,2569287,2569318,2,0,1683,1657,:1639:1657:1683,----:Cache.publish_release
390131458,390135083,3625,0,3625,:Cel.kernels.submit,2569287,2569317,1,0,1684,1680,:1680:1684,--:Cel.kernels.submit
390135290,390137599,2309,0,2309,:Cel.D2H.submit,2569287,2569317,1,0,1685,1680,:1680:1685,--:Cel.D2H.submit
390137770,390140695,2925,0,2925,:Sdd.kernels.submit,2569287,2569317,1,0,1686,1680,:1680:1686,--:Sdd.kernels.submit
390139083,390139484,401,0,401,:Cache.publish_release,2569287,2569315,2,0,1687,1665,:1651:1665:1687,----:Cache.publish_release
390140797,390143383,2586,0,2586,:Sdd.D2H.submit,2569287,2569317,1,0,1688,1680,:1680:1688,--:Sdd.D2H.submit
390143522,390146067,2545,0,2545,:Mi.kernels.submit,2569287,2569317,1,0,1689,1680,:1680:1689,--:Mi.kernels.submit
390146190,390148245,2055,0,2055,:Mi.D2H.submit,2569287,2569317,1,0,1690,1680,:1680:1690,--:Mi.D2H.submit
390148380,390449674,301294,300265,1029,:Cache.freeCacheData,2569287,2569317,1,2,1691,1680,:1680:1691,--:Cache.freeCacheData
390149250,390449306,300056,0,300056,:Cache.stream_sync,2569287,2569317,2,0,1692,1691,:1680:1691:1692,----:Cache.stream_sync
390159027,390580129,421102,354720,66382,:Task.execute,2569287,2569318,0,9,1693,,:1693,:Task.execute
390160158,390160635,477,0,477,:Cache.getCacheData,2569287,2569318,1,0,1694,1693,:1693:1694,--:Cache.getCacheData
390161332,390224061,62729,0,62729,:Frame.H2D.submit_with_staging,2569287,2569318,1,0,1695,1693,:1693:1695,--:Frame.H2D.submit_with_staging
390218899,390632627,413728,352877,60851,:Task.execute,2569287,2569315,0,9,1696,,:1696,:Task.execute
390219804,390220168,364,0,364,:Cache.getCacheData,2569287,2569315,1,0,1697,1696,:1696:1697,--:Cache.getCacheData
390220324,390264477,44153,0,44153,:Frame.H2D.submit_with_staging,2569287,2569315,1,0,1698,1696,:1696:1698,--:Frame.H2D.submit_with_staging
390224218,390227873,3655,0,3655,:Cel.kernels.submit,2569287,2569318,1,0,1699,1693,:1693:1699,--:Cel.kernels.submit
390228009,390230701,2692,0,2692,:Cel.D2H.submit,2569287,2569318,1,0,1700,1693,:1693:1700,--:Cel.D2H.submit
390230832,390234058,3226,0,3226,:Sdd.kernels.submit,2569287,2569318,1,0,1701,1693,:1693:1701,--:Sdd.kernels.submit
390234161,390236944,2783,0,2783,:Sdd.D2H.submit,2569287,2569318,1,0,1702,1693,:1693:1702,--:Sdd.D2H.submit
390237263,390240228,2965,0,2965,:Mi.kernels.submit,2569287,2569318,1,0,1703,1693,:1693:1703,--:Mi.kernels.submit
390240509,390242708,2199,0,2199,:Mi.D2H.submit,2569287,2569318,1,0,1704,1693,:1693:1704,--:Mi.D2H.submit
390243186,390517180,273994,273311,683,:Cache.freeCacheData,2569287,2569318,1,2,1705,1693,:1693:1705,--:Cache.freeCacheData
390243715,390516779,273064,0,273064,:Cache.stream_sync,2569287,2569318,2,0,1706,1705,:1693:1705:1706,----:Cache.stream_sync
390264592,390268136,3544,0,3544,:Cel.kernels.submit,2569287,2569315,1,0,1707,1696,:1696:1707,--:Cel.kernels.submit
390268512,390270874,2362,0,2362,:Cel.D2H.submit,2569287,2569315,1,0,1708,1696,:1696:1708,--:Cel.D2H.submit
390271057,390274032,2975,0,2975,:Sdd.kernels.submit,2569287,2569315,1,0,1709,1696,:1696:1709,--:Sdd.kernels.submit
390274174,390276267,2093,0,2093,:Sdd.D2H.submit,2569287,2569315,1,0,1710,1696,:1696:1710,--:Sdd.D2H.submit
390276371,390278979,2608,0,2608,:Mi.kernels.submit,2569287,2569315,1,0,1711,1696,:1696:1711,--:Mi.kernels.submit
390279096,390281254,2158,0,2158,:Mi.D2H.submit,2569287,2569315,1,0,1712,1696,:1696:1712,--:Mi.D2H.submit
390281370,390573990,292620,292020,600,:Cache.freeCacheData,2569287,2569315,1,2,1713,1696,:1696:1713,--:Cache.freeCacheData
390281778,390573468,291690,0,291690,:Cache.stream_sync,2569287,2569315,2,0,1714,1713,:1696:1713:1714,----:Cache.stream_sync
390287246,390287676,430,0,430,:Cache.publish_release,2569287,2569316,2,0,1715,1677,:1668:1677:1715,----:Cache.publish_release
390340852,390744708,403856,346997,56859,:Task.execute,2569287,2569316,0,9,1716,,:1716,:Task.execute
390341708,390341952,244,0,244,:Cache.getCacheData,2569287,2569316,1,0,1717,1716,:1716:1717,--:Cache.getCacheData
390342054,390369588,27534,0,27534,:Frame.H2D.submit_with_staging,2569287,2569316,1,0,1718,1716,:1716:1718,--:Frame.H2D.submit_with_staging
390369735,390373076,3341,0,3341,:Cel.kernels.submit,2569287,2569316,1,0,1719,1716,:1716:1719,--:Cel.kernels.submit
390373302,390375804,2502,0,2502,:Cel.D2H.submit,2569287,2569316,1,0,1720,1716,:1716:1720,--:Cel.D2H.submit
390375997,390378928,2931,0,2931,:Sdd.kernels.submit,2569287,2569316,1,0,1721,1716,:1716:1721,--:Sdd.kernels.submit
390379031,390381149,2118,0,2118,:Sdd.D2H.submit,2569287,2569316,1,0,1722,1716,:1716:1722,--:Sdd.D2H.submit
390381249,390383900,2651,0,2651,:Mi.kernels.submit,2569287,2569316,1,0,1723,1716,:1716:1723,--:Mi.kernels.submit
390384057,390386291,2234,0,2234,:Mi.D2H.submit,2569287,2569316,1,0,1724,1716,:1716:1724,--:Mi.D2H.submit
390386565,390690007,303442,302947,495,:Cache.freeCacheData,2569287,2569316,1,2,1725,1716,:1716:1725,--:Cache.freeCacheData
390386797,390689458,302661,0,302661,:Cache.stream_sync,2569287,2569316,2,0,1726,1725,:1716:1725:1726,----:Cache.stream_sync
390449393,390449602,209,0,209,:Cache.publish_release,2569287,2569317,2,0,1727,1691,:1680:1691:1727,----:Cache.publish_release
390486045,390839623,353578,297718,55860,:Task.execute,2569287,2569317,0,9,1728,,:1728,:Task.execute
390486929,390487235,306,0,306,:Cache.getCacheData,2569287,2569317,1,0,1729,1728,:1728:1729,--:Cache.getCacheData
390487654,390517872,30218,0,30218,:Frame.H2D.submit_with_staging,2569287,2569317,1,0,1730,1728,:1728:1730,--:Frame.H2D.submit_with_staging
390516867,390517114,247,0,247,:Cache.publish_release,2569287,2569318,2,0,1731,1705,:1693:1705:1731,----:Cache.publish_release
390518047,390521257,3210,0,3210,:Cel.kernels.submit,2569287,2569317,1,0,1732,1728,:1728:1732,--:Cel.kernels.submit
390521384,390524350,2966,0,2966,:Cel.D2H.submit,2569287,2569317,1,0,1733,1728,:1728:1733,--:Cel.D2H.submit
390524552,390527606,3054,0,3054,:Sdd.kernels.submit,2569287,2569317,1,0,1734,1728,:1728:1734,--:Sdd.kernels.submit
390527729,390530283,2554,0,2554,:Sdd.D2H.submit,2569287,2569317,1,0,1735,1728,:1728:1735,--:Sdd.D2H.submit
390530384,390533527,3143,0,3143,:Mi.kernels.submit,2569287,2569317,1,0,1736,1728,:1728:1736,--:Mi.kernels.submit
390533654,390535753,2099,0,2099,:Mi.D2H.submit,2569287,2569317,1,0,1737,1728,:1728:1737,--:Mi.D2H.submit
390535856,390786024,250168,249569,599,:Cache.freeCacheData,2569287,2569317,1,2,1738,1728,:1728:1738,--:Cache.freeCacheData
390536153,390785407,249254,0,249254,:Cache.stream_sync,2569287,2569317,2,0,1739,1738,:1728:1738:1739,----:Cache.stream_sync
390573589,390573919,330,0,330,:Cache.publish_release,2569287,2569315,2,0,1740,1713,:1696:1713:1740,----:Cache.publish_release
390580455,390976665,396210,347257,48953,:Task.execute,2569287,2569318,0,9,1741,,:1741,:Task.execute
390581361,390581796,435,0,435,:Cache.getCacheData,2569287,2569318,1,0,1742,1741,:1741:1742,--:Cache.getCacheData
390581873,390633102,51229,0,51229,:Frame.H2D.submit_with_staging,2569287,2569318,1,0,1743,1741,:1741:1743,--:Frame.H2D.submit_with_staging
390632862,391011253,378391,321044,57347,:Task.execute,2569287,2569315,0,9,1744,,:1744,:Task.execute
390633206,390637246,4040,0,4040,:Cel.kernels.submit,2569287,2569318,1,0,1745,1741,:1741:1745,--:Cel.kernels.submit
390633509,390634075,566,0,566,:Cache.getCacheData,2569287,2569315,1,0,1746,1744,:1744:1746,--:Cache.getCacheData
390634237,390678847,44610,0,44610,:Frame.H2D.submit_with_staging,2569287,2569315,1,0,1747,1744,:1744:1747,--:Frame.H2D.submit_with_staging
390637387,390639655,2268,0,2268,:Cel.D2H.submit,2569287,2569318,1,0,1748,1741,:1741:1748,--:Cel.D2H.submit
390639782,390642842,3060,0,3060,:Sdd.kernels.submit,2569287,2569318,1,0,1749,1741,:1741:1749,--:Sdd.kernels.submit
390642986,390645105,2119,0,2119,:Sdd.D2H.submit,2569287,2569318,1,0,1750,1741,:1741:1750,--:Sdd.D2H.submit
390645207,390648691,3484,0,3484,:Mi.kernels.submit,2569287,2569318,1,0,1751,1741,:1741:1751,--:Mi.kernels.submit
390648795,390651304,2509,0,2509,:Mi.D2H.submit,2569287,2569318,1,0,1752,1741,:1741:1752,--:Mi.D2H.submit
390651403,390929516,278113,277816,297,:Cache.freeCacheData,2569287,2569318,1,2,1753,1741,:1741:1753,--:Cache.freeCacheData
390651532,390929136,277604,0,277604,:Cache.stream_sync,2569287,2569318,2,0,1754,1753,:1741:1753:1754,----:Cache.stream_sync
390679106,390682625,3519,0,3519,:Cel.kernels.submit,2569287,2569315,1,0,1755,1744,:1744:1755,--:Cel.kernels.submit
390682814,390685318,2504,0,2504,:Cel.D2H.submit,2569287,2569315,1,0,1756,1744,:1744:1756,--:Cel.D2H.submit
390685517,390688238,2721,0,2721,:Sdd.kernels.submit,2569287,2569315,1,0,1757,1744,:1744:1757,--:Sdd.kernels.submit
390688385,390691320,2935,0,2935,:Sdd.D2H.submit,2569287,2569315,1,0,1758,1744,:1744:1758,--:Sdd.D2H.submit
390689573,390689859,286,0,286,:Cache.publish_release,2569287,2569316,2,0,1759,1725,:1716:1725:1759,----:Cache.publish_release
390691452,390694547,3095,0,3095,:Mi.kernels.submit,2569287,2569315,1,0,1760,1744,:1744:1760,--:Mi.kernels.submit
390694655,390696991,2336,0,2336,:Mi.D2H.submit,2569287,2569315,1,0,1761,1744,:1744:1761,--:Mi.D2H.submit
390697100,390955858,258758,258158,600,:Cache.freeCacheData,2569287,2569315,1,2,1762,1744,:1744:1762,--:Cache.freeCacheData
390697499,390955398,257899,0,257899,:Cache.stream_sync,2569287,2569315,2,0,1763,1762,:1744:1762:1763,----:Cache.stream_sync
390745184,391127348,382164,327971,54193,:Task.execute,2569287,2569316,0,9,1764,,:1764,:Task.execute
390746116,390746469,353,0,353,:Cache.getCacheData,2569287,2569316,1,0,1765,1764,:1764:1765,--:Cache.getCacheData
390746547,390779129,32582,0,32582,:Frame.H2D.submit_with_staging,2569287,2569316,1,0,1766,1764,:1764:1766,--:Frame.H2D.submit_with_staging
390779267,390782610,3343,0,3343,:Cel.kernels.submit,2569287,2569316,1,0,1767,1764,:1764:1767,--:Cel.kernels.submit
390782782,390785342,2560,0,2560,:Cel.D2H.submit,2569287,2569316,1,0,1768,1764,:1764:1768,--:Cel.D2H.submit
390785609,390788583,2974,0,2974,:Sdd.kernels.submit,2569287,2569316,1,0,1769,1764,:1764:1769,--:Sdd.kernels.submit
390785631,390785946,315,0,315,:Cache.publish_release,2569287,2569317,2,0,1770,1738,:1728:1738:1770,----:Cache.publish_release
390788775,390791182,2407,0,2407,:Sdd.D2H.submit,2569287,2569316,1,0,1771,1764,:1764:1771,--:Sdd.D2H.submit
390791400,390794584,3184,0,3184,:Mi.kernels.submit,2569287,2569316,1,0,1772,1764,:1764:1772,--:Mi.kernels.submit
390794824,390797062,2238,0,2238,:Mi.D2H.submit,2569287,2569316,1,0,1773,1764,:1764:1773,--:Mi.D2H.submit
390797154,391075484,278330,277872,458,:Cache.freeCacheData,2569287,2569316,1,2,1774,1764,:1764:1774,--:Cache.freeCacheData
390797353,391074905,277552,0,277552,:Cache.stream_sync,2569287,2569316,2,0,1775,1774,:1764:1774:1775,----:Cache.stream_sync
390840013,391238897,398884,350773,48111,:Task.execute,2569287,2569317,0,9,1776,,:1776,:Task.execute
390840760,390841015,255,0,255,:Cache.getCacheData,2569287,2569317,1,0,1777,1776,:1776:1777,--:Cache.getCacheData
390841095,390877372,36277,0,36277,:Frame.H2D.submit_with_staging,2569287,2569317,1,0,1778,1776,:1776:1778,--:Frame.H2D.submit_with_staging
390877488,390880909,3421,0,3421,:Cel.kernels.submit,2569287,2569317,1,0,1779,1776,:1776:1779,--:Cel.kernels.submit
390881050,390885669,4619,0,4619,:Cel.D2H.submit,2569287,2569317,1,0,1780,1776,:1776:1780,--:Cel.D2H.submit
390885819,390888599,2780,0,2780,:Sdd.kernels.submit,2569287,2569317,1,0,1781,1776,:1776:1781,--:Sdd.kernels.submit
390888727,390890867,2140,0,2140,:Sdd.D2H.submit,2569287,2569317,1,0,1782,1776,:1776:1782,--:Sdd.D2H.submit
390890974,390896492,5518,0,5518,:Mi.kernels.submit,2569287,2569317,1,0,1783,1776,:1776:1783,--:Mi.kernels.submit
390896604,390898753,2149,0,2149,:Mi.D2H.submit,2569287,2569317,1,0,1784,1776,:1776:1784,--:Mi.D2H.submit
390898865,391192479,293614,293196,418,:Cache.freeCacheData,2569287,2569317,1,2,1785,1776,:1776:1785,--:Cache.freeCacheData
390898969,391191898,292929,0,292929,:Cache.stream_sync,2569287,2569317,2,0,1786,1785,:1776:1785:1786,----:Cache.stream_sync
390929230,390929442,212,0,212,:Cache.publish_release,2569287,2569318,2,0,1787,1753,:1741:1753:1787,----:Cache.publish_release
390955523,390955782,259,0,259,:Cache.publish_release,2569287,2569315,2,0,1788,1762,:1744:1762:1788,----:Cache.publish_release
390977099,391353616,376517,328236,48281,:Task.execute,2569287,2569318,0,9,1789,,:1789,:Task.execute
390977975,390978357,382,0,382,:Cache.getCacheData,2569287,2569318,1,0,1790,1789,:1789:1790,--:Cache.getCacheData
390978440,391025262,46822,0,46822,:Frame.H2D.submit_with_staging,2569287,2569318,1,0,1791,1789,:1789:1791,--:Frame.H2D.submit_with_staging
391011619,391475437,463818,422740,41078,:Task.execute,2569287,2569315,0,9,1792,,:1792,:Task.execute
391012437,391012694,257,0,257,:Cache.getCacheData,2569287,2569315,1,0,1793,1792,:1792:1793,--:Cache.getCacheData
391012771,391053057,40286,0,40286,:Frame.H2D.submit_with_staging,2569287,2569315,1,0,1794,1792,:1792:1794,--:Frame.H2D.submit_with_staging
391025381,391028916,3535,0,3535,:Cel.kernels.submit,2569287,2569318,1,0,1795,1789,:1789:1795,--:Cel.kernels.submit
391032762,391035386,2624,0,2624,:Cel.D2H.submit,2569287,2569318,1,0,1796,1789,:1789:1796,--:Cel.D2H.submit
391035815,391039076,3261,0,3261,:Sdd.kernels.submit,2569287,2569318,1,0,1797,1789,:1789:1797,--:Sdd.kernels.submit
391039341,391041414,2073,0,2073,:Sdd.D2H.submit,2569287,2569318,1,0,1798,1789,:1789:1798,--:Sdd.D2H.submit
391041518,391044161,2643,0,2643,:Mi.kernels.submit,2569287,2569318,1,0,1799,1789,:1789:1799,--:Mi.kernels.submit
391044289,391046231,1942,0,1942,:Mi.D2H.submit,2569287,2569318,1,0,1800,1789,:1789:1800,--:Mi.D2H.submit
391046326,391311280,264954,264613,341,:Cache.freeCacheData,2569287,2569318,1,2,1801,1789,:1789:1801,--:Cache.freeCacheData
391046461,391310768,264307,0,264307,:Cache.stream_sync,2569287,2569318,2,0,1802,1801,:1789:1801:1802,----:Cache.stream_sync
391053171,391056572,3401,0,3401,:Cel.kernels.submit,2569287,2569315,1,0,1803,1792,:1792:1803,--:Cel.kernels.submit
391056730,391060621,3891,0,3891,:Cel.D2H.submit,2569287,2569315,1,0,1804,1792,:1792:1804,--:Cel.D2H.submit
391060757,391063690,2933,0,2933,:Sdd.kernels.submit,2569287,2569315,1,0,1805,1792,:1792:1805,--:Sdd.kernels.submit
391063800,391066014,2214,0,2214,:Sdd.D2H.submit,2569287,2569315,1,0,1806,1792,:1792:1806,--:Sdd.D2H.submit
391066249,391069106,2857,0,2857,:Mi.kernels.submit,2569287,2569315,1,0,1807,1792,:1792:1807,--:Mi.kernels.submit
391069209,391071351,2142,0,2142,:Mi.D2H.submit,2569287,2569315,1,0,1808,1792,:1792:1808,--:Mi.D2H.submit
391071452,391436211,364759,364468,291,:Cache.freeCacheData,2569287,2569315,1,2,1809,1792,:1792:1809,--:Cache.freeCacheData
391071551,391435795,364244,0,364244,:Cache.stream_sync,2569287,2569315,2,0,1810,1809,:1792:1809:1810,----:Cache.stream_sync
391075018,391075338,320,0,320,:Cache.publish_release,2569287,2569316,2,0,1811,1774,:1764:1774:1811,----:Cache.publish_release
391127731,391530022,402291,349263,53028,:Task.execute,2569287,2569316,0,9,1812,,:1812,:Task.execute
391128513,391128821,308,0,308,:Cache.getCacheData,2569287,2569316,1,0,1813,1812,:1812:1813,--:Cache.getCacheData
391128914,391164270,35356,0,35356,:Frame.H2D.submit_with_staging,2569287,2569316,1,0,1814,1812,:1812:1814,--:Frame.H2D.submit_with_staging
391164405,391168202,3797,0,3797,:Cel.kernels.submit,2569287,2569316,1,0,1815,1812,:1812:1815,--:Cel.kernels.submit
391168343,391173052,4709,0,4709,:Cel.D2H.submit,2569287,2569316,1,0,1816,1812,:1812:1816,--:Cel.D2H.submit
391173186,391176440,3254,0,3254,:Sdd.kernels.submit,2569287,2569316,1,0,1817,1812,:1812:1817,--:Sdd.kernels.submit
391176730,391179311,2581,0,2581,:Sdd.D2H.submit,2569287,2569316,1,0,1818,1812,:1812:1818,--:Sdd.D2H.submit
391179564,391182587,3023,0,3023,:Mi.kernels.submit,2569287,2569316,1,0,1819,1812,:1812:1819,--:Mi.kernels.submit
391182784,391185355,2571,0,2571,:Mi.D2H.submit,2569287,2569316,1,0,1820,1812,:1812:1820,--:Mi.D2H.submit
391185467,391479131,293664,293237,427,:Cache.freeCacheData,2569287,2569316,1,2,1821,1812,:1812:1821,--:Cache.freeCacheData
391185624,391478519,292895,0,292895,:Cache.stream_sync,2569287,2569316,2,0,1822,1821,:1812:1821:1822,----:Cache.stream_sync
391192104,391192371,267,0,267,:Cache.publish_release,2569287,2569317,2,0,1823,1785,:1776:1785:1823,----:Cache.publish_release
391239652,391609194,369542,290811,78731,:Task.execute,2569287,2569317,0,9,1824,,:1824,:Task.execute
391240505,391240979,474,0,474,:Cache.getCacheData,2569287,2569317,1,0,1825,1824,:1824:1825,--:Cache.getCacheData
391241144,391268019,26875,0,26875,:Frame.H2D.submit_with_staging,2569287,2569317,1,0,1826,1824,:1824:1826,--:Frame.H2D.submit_with_staging
391268197,391271749,3552,0,3552,:Cel.kernels.submit,2569287,2569317,1,0,1827,1824,:1824:1827,--:Cel.kernels.submit
391271938,391274395,2457,0,2457,:Cel.D2H.submit,2569287,2569317,1,0,1828,1824,:1824:1828,--:Cel.D2H.submit
391274495,391277505,3010,0,3010,:Sdd.kernels.submit,2569287,2569317,1,0,1829,1824,:1824:1829,--:Sdd.kernels.submit
391277646,391279983,2337,0,2337,:Sdd.D2H.submit,2569287,2569317,1,0,1830,1824,:1824:1830,--:Sdd.D2H.submit
391280082,391282760,2678,0,2678,:Mi.kernels.submit,2569287,2569317,1,0,1831,1824,:1824:1831,--:Mi.kernels.submit
391282889,391285383,2494,0,2494,:Mi.D2H.submit,2569287,2569317,1,0,1832,1824,:1824:1832,--:Mi.D2H.submit
391285488,391532422,246934,246541,393,:Cache.freeCacheData,2569287,2569317,1,2,1833,1824,:1824:1833,--:Cache.freeCacheData
391285723,391531959,246236,0,246236,:Cache.stream_sync,2569287,2569317,2,0,1834,1833,:1824:1833:1834,----:Cache.stream_sync
391310853,391311159,306,0,306,:Cache.publish_release,2569287,2569318,2,0,1835,1801,:1789:1801:1835,----:Cache.publish_release
391353949,391722709,368760,311291,57469,:Task.execute,2569287,2569318,0,9,1836,,:1836,:Task.execute
391354680,391355056,376,0,376,:Cache.getCacheData,2569287,2569318,1,0,1837,1836,:1836:1837,--:Cache.getCacheData
391355467,391381179,25712,0,25712,:Frame.H2D.submit_with_staging,2569287,2569318,1,0,1838,1836,:1836:1838,--:Frame.H2D.submit_with_staging
391381293,391384823,3530,0,3530,:Cel.kernels.submit,2569287,2569318,1,0,1839,1836,:1836:1839,--:Cel.kernels.submit
391384947,391387323,2376,0,2376,:Cel.D2H.submit,2569287,2569318,1,0,1840,1836,:1836:1840,--:Cel.D2H.submit
391387491,391390786,3295,0,3295,:Sdd.kernels.submit,2569287,2569318,1,0,1841,1836,:1836:1841,--:Sdd.kernels.submit
391390934,391393096,2162,0,2162,:Sdd.D2H.submit,2569287,2569318,1,0,1842,1836,:1836:1842,--:Sdd.D2H.submit
391393266,391396264,2998,0,2998,:Mi.kernels.submit,2569287,2569318,1,0,1843,1836,:1836:1843,--:Mi.kernels.submit
391396474,391398546,2072,0,2072,:Mi.D2H.submit,2569287,2569318,1,0,1844,1836,:1836:1844,--:Mi.D2H.submit
391398649,391667419,268770,268102,668,:Cache.freeCacheData,2569287,2569318,1,2,1845,1836,:1836:1845,--:Cache.freeCacheData
391399092,391666867,267775,0,267775,:Cache.stream_sync,2569287,2569318,2,0,1846,1845,:1836:1845:1846,----:Cache.stream_sync
391435918,391436142,224,0,224,:Cache.publish_release,2569287,2569315,2,0,1847,1809,:1792:1809:1847,----:Cache.publish_release
391475740,391870962,395222,355373,39849,:Task.execute,2569287,2569315,0,9,1848,,:1848,:Task.execute
391476768,391477026,258,0,258,:Cache.getCacheData,2569287,2569315,1,0,1849,1848,:1848:1849,--:Cache.getCacheData
391477189,391522653,45464,0,45464,:Frame.H2D.submit_with_staging,2569287,2569315,1,0,1850,1848,:1848:1850,--:Frame.H2D.submit_with_staging
391478600,391478942,342,0,342,:Cache.publish_release,2569287,2569316,2,0,1851,1821,:1812:1821:1851,----:Cache.publish_release
391522832,391526585,3753,0,3753,:Cel.kernels.submit,2569287,2569315,1,0,1852,1848,:1848:1852,--:Cel.kernels.submit
391526760,391529470,2710,0,2710,:Cel.D2H.submit,2569287,2569315,1,0,1853,1848,:1848:1853,--:Cel.D2H.submit
391529601,391533353,3752,0,3752,:Sdd.kernels.submit,2569287,2569315,1,0,1854,1848,:1848:1854,--:Sdd.kernels.submit
391530363,391933597,403234,352047,51187,:Task.execute,2569287,2569316,0,9,1855,,:1855,:Task.execute
391531213,391531509,296,0,296,:Cache.getCacheData,2569287,2569316,1,0,1856,1855,:1855:1856,--:Cache.getCacheData
391531587,391596593,65006,0,65006,:Frame.H2D.submit_with_staging,2569287,2569316,1,0,1857,1855,:1855:1857,--:Frame.H2D.submit_with_staging
391532045,391532350,305,0,305,:Cache.publish_release,2569287,2569317,2,0,1858,1833,:1824:1833:1858,----:Cache.publish_release
391533925,391536686,2761,0,2761,:Sdd.D2H.submit,2569287,2569315,1,0,1859,1848,:1848:1859,--:Sdd.D2H.submit
391537048,391540724,3676,0,3676,:Mi.kernels.submit,2569287,2569315,1,0,1860,1848,:1848:1860,--:Mi.kernels.submit
391540990,391543450,2460,0,2460,:Mi.D2H.submit,2569287,2569315,1,0,1861,1848,:1848:1861,--:Mi.D2H.submit
391543753,391834292,290539,290115,424,:Cache.freeCacheData,2569287,2569315,1,2,1862,1848,:1848:1862,--:Cache.freeCacheData
391543985,391833783,289798,0,289798,:Cache.stream_sync,2569287,2569315,2,0,1863,1862,:1848:1862:1863,----:Cache.stream_sync
391596711,391600070,3359,0,3359,:Cel.kernels.submit,2569287,2569316,1,0,1864,1855,:1855:1864,--:Cel.kernels.submit
391600391,391603329,2938,0,2938,:Cel.D2H.submit,2569287,2569316,1,0,1865,1855,:1855:1865,--:Cel.D2H.submit
391603568,391609225,5657,0,5657,:Sdd.kernels.submit,2569287,2569316,1,0,1866,1855,:1855:1866,--:Sdd.kernels.submit
391609351,391611533,2182,0,2182,:Sdd.D2H.submit,2569287,2569316,1,0,1867,1855,:1855:1867,--:Sdd.D2H.submit
391609639,392013561,403922,338510,65412,:Task.execute,2569287,2569317,0,9,1868,,:1868,:Task.execute
391610770,391611174,404,0,404,:Cache.getCacheData,2569287,2569317,1,0,1869,1868,:1868:1869,--:Cache.getCacheData
391611358,391654943,43585,0,43585,:Frame.H2D.submit_with_staging,2569287,2569317,1,0,1870,1868,:1868:1870,--:Frame.H2D.submit_with_staging
391611795,391614696,2901,0,2901,:Mi.kernels.submit,2569287,2569316,1,0,1871,1855,:1855:1871,--:Mi.kernels.submit
391614884,391617451,2567,0,2567,:Mi.D2H.submit,2569287,2569316,1,0,1872,1855,:1855:1872,--:Mi.D2H.submit
391617633,391884774,267141,266294,847,:Cache.freeCacheData,2569287,2569316,1,2,1873,1855,:1855:1873,--:Cache.freeCacheData
391618129,391883785,265656,0,265656,:Cache.stream_sync,2569287,2569316,2,0,1874,1873,:1855:1873:1874,----:Cache.stream_sync
391655037,391658717,3680,0,3680,:Cel.kernels.submit,2569287,2569317,1,0,1875,1868,:1868:1875,--:Cel.kernels.submit
391658841,391661240,2399,0,2399,:Cel.D2H.submit,2569287,2569317,1,0,1876,1868,:1868:1876,--:Cel.D2H.submit
391661374,391664039,2665,0,2665,:Sdd.kernels.submit,2569287,2569317,1,0,1877,1868,:1868:1877,--:Sdd.kernels.submit
391664144,391666528,2384,0,2384,:Sdd.D2H.submit,2569287,2569317,1,0,1878,1868,:1868:1878,--:Sdd.D2H.submit
391666630,391669757,3127,0,3127,:Mi.kernels.submit,2569287,2569317,1,0,1879,1868,:1868:1879,--:Mi.kernels.submit
391667026,391667353,327,0,327,:Cache.publish_release,2569287,2569318,2,0,1880,1845,:1836:1845:1880,----:Cache.publish_release
391669879,391672101,2222,0,2222,:Mi.D2H.submit,2569287,2569317,1,0,1881,1868,:1868:1881,--:Mi.D2H.submit
391672217,391950261,278044,277674,370,:Cache.freeCacheData,2569287,2569317,1,2,1882,1868,:1868:1882,--:Cache.freeCacheData
391672372,391949831,277459,0,277459,:Cache.stream_sync,2569287,2569317,2,0,1883,1882,:1868:1882:1883,----:Cache.stream_sync
391723064,392120085,397021,342265,54756,:Task.execute,2569287,2569318,0,9,1884,,:1884,:Task.execute
391723868,391724482,614,0,614,:Cache.getCacheData,2569287,2569318,1,0,1885,1884,:1884:1885,--:Cache.getCacheData
391724564,391752120,27556,0,27556,:Frame.H2D.submit_with_staging,2569287,2569318,1,0,1886,1884,:1884:1886,--:Frame.H2D.submit_with_staging
391752305,391756018,3713,0,3713,:Cel.kernels.submit,2569287,2569318,1,0,1887,1884,:1884:1887,--:Cel.kernels.submit
391756146,391758503,2357,0,2357,:Cel.D2H.submit,2569287,2569318,1,0,1888,1884,:1884:1888,--:Cel.D2H.submit
391758644,391761673,3029,0,3029,:Sdd.kernels.submit,2569287,2569318,1,0,1889,1884,:1884:1889,--:Sdd.kernels.submit
391761855,391764120,2265,0,2265,:Sdd.D2H.submit,2569287,2569318,1,0,1890,1884,:1884:1890,--:Sdd.D2H.submit
391764223,391767275,3052,0,3052,:Mi.kernels.submit,2569287,2569318,1,0,1891,1884,:1884:1891,--:Mi.kernels.submit
391767440,391769543,2103,0,2103,:Mi.D2H.submit,2569287,2569318,1,0,1892,1884,:1884:1892,--:Mi.D2H.submit
391769665,392067241,297576,296976,600,:Cache.freeCacheData,2569287,2569318,1,2,1893,1884,:1884:1893,--:Cache.freeCacheData
391770046,392066807,296761,0,296761,:Cache.stream_sync,2569287,2569318,2,0,1894,1893,:1884:1893:1894,----:Cache.stream_sync
391833906,391834223,317,0,317,:Cache.publish_release,2569287,2569315,2,0,1895,1862,:1848:1862:1895,----:Cache.publish_release
391871275,392261119,389844,356632,33212,:Task.execute,2569287,2569315,0,9,1896,,:1896,:Task.execute
391871829,391872240,411,0,411,:Cache.getCacheData,2569287,2569315,1,0,1897,1896,:1896:1897,--:Cache.getCacheData
391872461,391912978,40517,0,40517,:Frame.H2D.submit_with_staging,2569287,2569315,1,0,1898,1896,:1896:1898,--:Frame.H2D.submit_with_staging
391884053,391884691,638,0,638,:Cache.publish_release,2569287,2569316,2,0,1899,1873,:1855:1873:1899,----:Cache.publish_release
391913108,391916559,3451,0,3451,:Cel.kernels.submit,2569287,2569315,1,0,1900,1896,:1896:1900,--:Cel.kernels.submit
391916669,391919433,2764,0,2764,:Cel.D2H.submit,2569287,2569315,1,0,1901,1896,:1896:1901,--:Cel.D2H.submit
391919670,391922910,3240,0,3240,:Sdd.kernels.submit,2569287,2569315,1,0,1902,1896,:1896:1902,--:Sdd.kernels.submit
391923032,391925172,2140,0,2140,:Sdd.D2H.submit,2569287,2569315,1,0,1903,1896,:1896:1903,--:Sdd.D2H.submit
391925387,391928485,3098,0,3098,:Mi.kernels.submit,2569287,2569315,1,0,1904,1896,:1896:1904,--:Mi.kernels.submit
391928726,391931139,2413,0,2413,:Mi.D2H.submit,2569287,2569315,1,0,1905,1896,:1896:1905,--:Mi.D2H.submit
391931246,392229844,298598,298147,451,:Cache.freeCacheData,2569287,2569315,1,2,1906,1896,:1896:1906,--:Cache.freeCacheData
391931488,392229440,297952,0,297952,:Cache.stream_sync,2569287,2569315,2,0,1907,1906,:1896:1906:1907,----:Cache.stream_sync
391933830,392328914,395084,336702,58382,:Task.execute,2569287,2569316,0,9,1908,,:1908,:Task.execute
391934503,391934850,347,0,347,:Cache.getCacheData,2569287,2569316,1,0,1909,1908,:1908:1909,--:Cache.getCacheData
391934927,391994092,59165,0,59165,:Frame.H2D.submit_with_staging,2569287,2569316,1,0,1910,1908,:1908:1910,--:Frame.H2D.submit_with_staging
391949924,391950139,215,0,215,:Cache.publish_release,2569287,2569317,2,0,1911,1882,:1868:1882:1911,----:Cache.publish_release
391994230,391997500,3270,0,3270,:Cel.kernels.submit,2569287,2569316,1,0,1912,1908,:1908:1912,--:Cel.kernels.submit
391997614,392000608,2994,0,2994,:Cel.D2H.submit,2569287,2569316,1,0,1913,1908,:1908:1913,--:Cel.D2H.submit
392000805,392003671,2866,0,2866,:Sdd.kernels.submit,2569287,2569316,1,0,1914,1908,:1908:1914,--:Sdd.kernels.submit
392003945,392006498,2553,0,2553,:Sdd.D2H.submit,2569287,2569316,1,0,1915,1908,:1908:1915,--:Sdd.D2H.submit
392007025,392009900,2875,0,2875,:Mi.kernels.submit,2569287,2569316,1,0,1916,1908,:1908:1916,--:Mi.kernels.submit
392010094,392012742,2648,0,2648,:Mi.D2H.submit,2569287,2569316,1,0,1917,1908,:1908:1917,--:Mi.D2H.submit
392012943,392272927,259984,259462,522,:Cache.freeCacheData,2569287,2569316,1,2,1918,1908,:1908:1918,--:Cache.freeCacheData
392013133,392272350,259217,0,259217,:Cache.stream_sync,2569287,2569316,2,0,1919,1918,:1908:1918:1919,----:Cache.stream_sync
392014582,392444565,429983,376635,53348,:Task.execute,2569287,2569317,0,9,1920,,:1920,:Task.execute
392015375,392015641,266,0,266,:Cache.getCacheData,2569287,2569317,1,0,1921,1920,:1920:1921,--:Cache.getCacheData
392015720,392061788,46068,0,46068,:Frame.H2D.submit_with_staging,2569287,2569317,1,0,1922,1920,:1920:1922,--:Frame.H2D.submit_with_staging
392061946,392065807,3861,0,3861,:Cel.kernels.submit,2569287,2569317,1,0,1923,1920,:1920:1923,--:Cel.kernels.submit
392065926,392068817,2891,0,2891,:Cel.D2H.submit,2569287,2569317,1,0,1924,1920,:1920:1924,--:Cel.D2H.submit
392066929,392067144,215,0,215,:Cache.publish_release,2569287,2569318,2,0,1925,1893,:1884:1893:1925,----:Cache.publish_release
392068938,392071940,3002,0,3002,:Sdd.kernels.submit,2569287,2569317,1,0,1926,1920,:1920:1926,--:Sdd.kernels.submit
392072230,392074995,2765,0,2765,:Sdd.D2H.submit,2569287,2569317,1,0,1927,1920,:1920:1927,--:Sdd.D2H.submit
392075147,392078409,3262,0,3262,:Mi.kernels.submit,2569287,2569317,1,0,1928,1920,:1920:1928,--:Mi.kernels.submit
392078607,392081203,2596,0,2596,:Mi.D2H.submit,2569287,2569317,1,0,1929,1920,:1920:1929,--:Mi.D2H.submit
392081328,392393252,311924,311396,528,:Cache.freeCacheData,2569287,2569317,1,2,1930,1920,:1920:1930,--:Cache.freeCacheData
392081445,392392381,310936,0,310936,:Cache.stream_sync,2569287,2569317,2,0,1931,1930,:1920:1930:1931,----:Cache.stream_sync
392120468,392503131,382663,327082,55581,:Task.execute,2569287,2569318,0,9,1932,,:1932,:Task.execute
392121156,392121378,222,0,222,:Cache.getCacheData,2569287,2569318,1,0,1933,1932,:1932:1933,--:Cache.getCacheData
392121461,392150575,29114,0,29114,:Frame.H2D.submit_with_staging,2569287,2569318,1,0,1934,1932,:1932:1934,--:Frame.H2D.submit_with_staging
392150692,392154183,3491,0,3491,:Cel.kernels.submit,2569287,2569318,1,0,1935,1932,:1932:1935,--:Cel.kernels.submit
392154311,392156555,2244,0,2244,:Cel.D2H.submit,2569287,2569318,1,0,1936,1932,:1932:1936,--:Cel.D2H.submit
392156657,392159399,2742,0,2742,:Sdd.kernels.submit,2569287,2569318,1,0,1937,1932,:1932:1937,--:Sdd.kernels.submit
392159630,392161579,1949,0,1949,:Sdd.D2H.submit,2569287,2569318,1,0,1938,1932,:1932:1938,--:Sdd.D2H.submit
392161680,392164473,2793,0,2793,:Mi.kernels.submit,2569287,2569318,1,0,1939,1932,:1932:1939,--:Mi.kernels.submit
392164613,392166611,1998,0,1998,:Mi.D2H.submit,2569287,2569318,1,0,1940,1932,:1932:1940,--:Mi.D2H.submit
392166713,392449242,282529,282149,380,:Cache.freeCacheData,2569287,2569318,1,2,1941,1932,:1932:1941,--:Cache.freeCacheData
392166810,392448642,281832,0,281832,:Cache.stream_sync,2569287,2569318,2,0,1942,1941,:1932:1941:1942,----:Cache.stream_sync
392229577,392229772,195,0,195,:Cache.publish_release,2569287,2569315,2,0,1943,1906,:1896:1906:1943,----:Cache.publish_release
392261472,392667284,405812,369607,36205,:Task.execute,2569287,2569315,0,9,1944,,:1944,:Task.execute
392262200,392262423,223,0,223,:Cache.getCacheData,2569287,2569315,1,0,1945,1944,:1944:1945,--:Cache.getCacheData
392262498,392309233,46735,0,46735,:Frame.H2D.submit_with_staging,2569287,2569315,1,0,1946,1944,:1944:1946,--:Frame.H2D.submit_with_staging
392272458,392272703,245,0,245,:Cache.publish_release,2569287,2569316,2,0,1947,1918,:1908:1918:1947,----:Cache.publish_release
392309356,392312653,3297,0,3297,:Cel.kernels.submit,2569287,2569315,1,0,1948,1944,:1944:1948,--:Cel.kernels.submit
392312785,392319375,6590,0,6590,:Cel.D2H.submit,2569287,2569315,1,0,1949,1944,:1944:1949,--:Cel.D2H.submit
392319523,392322799,3276,0,3276,:Sdd.kernels.submit,2569287,2569315,1,0,1950,1944,:1944:1950,--:Sdd.kernels.submit
392322945,392325281,2336,0,2336,:Sdd.D2H.submit,2569287,2569315,1,0,1951,1944,:1944:1951,--:Sdd.D2H.submit
392325398,392328115,2717,0,2717,:Mi.kernels.submit,2569287,2569315,1,0,1952,1944,:1944:1952,--:Mi.kernels.submit
392328239,392330429,2190,0,2190,:Mi.D2H.submit,2569287,2569315,1,0,1953,1944,:1944:1953,--:Mi.D2H.submit
392329248,392733922,404674,344381,60293,:Task.execute,2569287,2569316,0,9,1954,,:1954,:Task.execute
392330043,392330658,615,0,615,:Cache.getCacheData,2569287,2569316,1,0,1955,1954,:1954:1955,--:Cache.getCacheData
392330573,392632816,302243,301934,309,:Cache.freeCacheData,2569287,2569315,1,2,1956,1944,:1944:1956,--:Cache.freeCacheData
392330701,392632330,301629,0,301629,:Cache.stream_sync,2569287,2569315,2,0,1957,1956,:1944:1956:1957,----:Cache.stream_sync
392330761,392375119,44358,0,44358,:Frame.H2D.submit_with_staging,2569287,2569316,1,0,1958,1954,:1954:1958,--:Frame.H2D.submit_with_staging
392375231,392378479,3248,0,3248,:Cel.kernels.submit,2569287,2569316,1,0,1959,1954,:1954:1959,--:Cel.kernels.submit
392378616,392381052,2436,0,2436,:Cel.D2H.submit,2569287,2569316,1,0,1960,1954,:1954:1960,--:Cel.D2H.submit
392381180,392383916,2736,0,2736,:Sdd.kernels.submit,2569287,2569316,1,0,1961,1954,:1954:1961,--:Sdd.kernels.submit
392384168,392386420,2252,0,2252,:Sdd.D2H.submit,2569287,2569316,1,0,1962,1954,:1954:1962,--:Sdd.D2H.submit
392386592,392389280,2688,0,2688,:Mi.kernels.submit,2569287,2569316,1,0,1963,1954,:1954:1963,--:Mi.kernels.submit
392389500,392391719,2219,0,2219,:Mi.D2H.submit,2569287,2569316,1,0,1964,1954,:1954:1964,--:Mi.D2H.submit
392391820,392675649,283829,283496,333,:Cache.freeCacheData,2569287,2569316,1,2,1965,1954,:1954:1965,--:Cache.freeCacheData
392391917,392675127,283210,0,283210,:Cache.stream_sync,2569287,2569316,2,0,1966,1965,:1954:1965:1966,----:Cache.stream_sync
392392494,392392954,460,0,460,:Cache.publish_release,2569287,2569317,2,0,1967,1930,:1920:1930:1967,----:Cache.publish_release
392444910,392849404,404494,340604,63890,:Task.execute,2569287,2569317,0,9,1968,,:1968,:Task.execute
392445567,392445840,273,0,273,:Cache.getCacheData,2569287,2569317,1,0,1969,1968,:1968:1969,--:Cache.getCacheData
392446031,392491949,45918,0,45918,:Frame.H2D.submit_with_staging,2569287,2569317,1,0,1970,1968,:1968:1970,--:Frame.H2D.submit_with_staging
392448791,392449108,317,0,317,:Cache.publish_release,2569287,2569318,2,0,1971,1941,:1932:1941:1971,----:Cache.publish_release
392492114,392496152,4038,0,4038,:Cel.kernels.submit,2569287,2569317,1,0,1972,1968,:1968:1972,--:Cel.kernels.submit
392496277,392498847,2570,0,2570,:Cel.D2H.submit,2569287,2569317,1,0,1973,1968,:1968:1973,--:Cel.D2H.submit
392499372,392502493,3121,0,3121,:Sdd.kernels.submit,2569287,2569317,1,0,1974,1968,:1968:1974,--:Sdd.kernels.submit
392502672,392505248,2576,0,2576,:Sdd.D2H.submit,2569287,2569317,1,0,1975,1968,:1968:1975,--:Sdd.D2H.submit
392503368,392887504,384136,322724,61412,:Task.execute,2569287,2569318,0,9,1976,,:1976,:Task.execute
392504318,392504611,293,0,293,:Cache.getCacheData,2569287,2569318,1,0,1977,1976,:1976:1977,--:Cache.getCacheData
392505054,392557455,52401,0,52401,:Frame.H2D.submit_with_staging,2569287,2569318,1,0,1978,1976,:1976:1978,--:Frame.H2D.submit_with_staging
392505921,392508857,2936,0,2936,:Mi.kernels.submit,2569287,2569317,1,0,1979,1968,:1968:1979,--:Mi.kernels.submit
392508966,392511181,2215,0,2215,:Mi.D2H.submit,2569287,2569317,1,0,1980,1968,:1968:1980,--:Mi.D2H.submit
392511417,392788374,276957,276071,886,:Cache.freeCacheData,2569287,2569317,1,2,1981,1968,:1968:1981,--:Cache.freeCacheData
392511992,392787578,275586,0,275586,:Cache.stream_sync,2569287,2569317,2,0,1982,1981,:1968:1981:1982,----:Cache.stream_sync
392557756,392562398,4642,0,4642,:Cel.kernels.submit,2569287,2569318,1,0,1983,1976,:1976:1983,--:Cel.kernels.submit
392562526,392565206,2680,0,2680,:Cel.D2H.submit,2569287,2569318,1,0,1984,1976,:1976:1984,--:Cel.D2H.submit
392565389,392568307,2918,0,2918,:Sdd.kernels.submit,2569287,2569318,1,0,1985,1976,:1976:1985,--:Sdd.kernels.submit
392568408,392570450,2042,0,2042,:Sdd.D2H.submit,2569287,2569318,1,0,1986,1976,:1976:1986,--:Sdd.D2H.submit
392570565,392573235,2670,0,2670,:Mi.kernels.submit,2569287,2569318,1,0,1987,1976,:1976:1987,--:Mi.kernels.submit
392573382,392575321,1939,0,1939,:Mi.D2H.submit,2569287,2569318,1,0,1988,1976,:1976:1988,--:Mi.D2H.submit
392575755,392828894,253139,252432,707,:Cache.freeCacheData,2569287,2569318,1,2,1989,1976,:1976:1989,--:Cache.freeCacheData
392576102,392828250,252148,0,252148,:Cache.stream_sync,2569287,2569318,2,0,1990,1989,:1976:1989:1990,----:Cache.stream_sync
392632439,392632744,305,0,305,:Cache.publish_release,2569287,2569315,2,0,1991,1956,:1944:1956:1991,----:Cache.publish_release
392667527,393068636,401109,364220,36889,:Task.execute,2569287,2569315,0,9,1992,,:1992,:Task.execute
392668191,392668505,314,0,314,:Cache.getCacheData,2569287,2569315,1,0,1993,1992,:1992:1993,--:Cache.getCacheData
392668690,392715450,46760,0,46760,:Frame.H2D.submit_with_staging,2569287,2569315,1,0,1994,1992,:1992:1994,--:Frame.H2D.submit_with_staging
392675225,392675511,286,0,286,:Cache.publish_release,2569287,2569316,2,0,1995,1965,:1954:1965:1995,----:Cache.publish_release
392715873,392719506,3633,0,3633,:Cel.kernels.submit,2569287,2569315,1,0,1996,1992,:1992:1996,--:Cel.kernels.submit
392719613,392722819,3206,0,3206,:Cel.D2H.submit,2569287,2569315,1,0,1997,1992,:1992:1997,--:Cel.D2H.submit
392723125,392725802,2677,0,2677,:Sdd.kernels.submit,2569287,2569315,1,0,1998,1992,:1992:1998,--:Sdd.kernels.submit
392725931,392727934,2003,0,2003,:Sdd.D2H.submit,2569287,2569315,1,0,1999,1992,:1992:1999,--:Sdd.D2H.submit
392728035,392730798,2763,0,2763,:Mi.kernels.submit,2569287,2569315,1,0,2000,1992,:1992:2000,--:Mi.kernels.submit
392730914,392732987,2073,0,2073,:Mi.D2H.submit,2569287,2569315,1,0,2001,1992,:1992:2001,--:Mi.D2H.submit
392733120,393033911,300791,300092,699,:Cache.freeCacheData,2569287,2569315,1,2,2002,1992,:1992:2002,--:Cache.freeCacheData
392733510,393033085,299575,0,299575,:Cache.stream_sync,2569287,2569315,2,0,2003,2002,:1992:2002:2003,----:Cache.stream_sync
392734388,393125707,391319,330912,60407,:Task.execute,2569287,2569316,0,9,2004,,:2004,:Task.execute
392735110,392735491,381,0,381,:Cache.getCacheData,2569287,2569316,1,0,2005,2004,:2004:2005,--:Cache.getCacheData
392735640,392780490,44850,0,44850,:Frame.H2D.submit_with_staging,2569287,2569316,1,0,2006,2004,:2004:2006,--:Frame.H2D.submit_with_staging
392780707,392784454,3747,0,3747,:Cel.kernels.submit,2569287,2569316,1,0,2007,2004,:2004:2007,--:Cel.kernels.submit
392784675,392787440,2765,0,2765,:Cel.D2H.submit,2569287,2569316,1,0,2008,2004,:2004:2008,--:Cel.D2H.submit
392787783,392790677,2894,0,2894,:Sdd.kernels.submit,2569287,2569316,1,0,2009,2004,:2004:2009,--:Sdd.kernels.submit
392787818,392788303,485,0,485,:Cache.publish_release,2569287,2569317,2,0,2010,1981,:1968:1981:2010,----:Cache.publish_release
392791308,392793948,2640,0,2640,:Sdd.D2H.submit,2569287,2569316,1,0,2011,2004,:2004:2011,--:Sdd.D2H.submit
392794054,392796674,2620,0,2620,:Mi.kernels.submit,2569287,2569316,1,0,2012,2004,:2004:2012,--:Mi.kernels.submit
392796790,392798940,2150,0,2150,:Mi.D2H.submit,2569287,2569316,1,0,2013,2004,:2004:2013,--:Mi.D2H.submit
392799040,393067905,268865,267692,1173,:Cache.freeCacheData,2569287,2569316,1,2,2014,2004,:2004:2014,--:Cache.freeCacheData
392799845,393067208,267363,0,267363,:Cache.stream_sync,2569287,2569316,2,0,2015,2014,:2004:2014:2015,----:Cache.stream_sync
392828330,392828614,284,0,284,:Cache.publish_release,2569287,2569318,2,0,2016,1989,:1976:1989:2016,----:Cache.publish_release
392849703,393239500,389797,332334,57463,:Task.execute,2569287,2569317,0,9,2017,,:2017,:Task.execute
392850419,392851113,694,0,694,:Cache.getCacheData,2569287,2569317,1,0,2018,2017,:2017:2018,--:Cache.getCacheData
392851358,392897337,45979,0,45979,:Frame.H2D.submit_with_staging,2569287,2569317,1,0,2019,2017,:2017:2019,--:Frame.H2D.submit_with_staging
392887893,393355950,468057,422602,45455,:Task.execute,2569287,2569318,0,9,2020,,:2020,:Task.execute
392888563,392888972,409,0,409,:Cache.getCacheData,2569287,2569318,1,0,2021,2020,:2020:2021,--:Cache.getCacheData
392889386,392932588,43202,0,43202,:Frame.H2D.submit_with_staging,2569287,2569318,1,0,2022,2020,:2020:2022,--:Frame.H2D.submit_with_staging
392897457,392900657,3200,0,3200,:Cel.kernels.submit,2569287,2569317,1,0,2023,2017,:2017:2023,--:Cel.kernels.submit
392900806,392903582,2776,0,2776,:Cel.D2H.submit,2569287,2569317,1,0,2024,2017,:2017:2024,--:Cel.D2H.submit
392903683,392906462,2779,0,2779,:Sdd.kernels.submit,2569287,2569317,1,0,2025,2017,:2017:2025,--:Sdd.kernels.submit
392906587,392908896,2309,0,2309,:Sdd.D2H.submit,2569287,2569317,1,0,2026,2017,:2017:2026,--:Sdd.D2H.submit
392908997,392911901,2904,0,2904,:Mi.kernels.submit,2569287,2569317,1,0,2027,2017,:2017:2027,--:Mi.kernels.submit
392912046,392917160,5114,0,5114,:Mi.D2H.submit,2569287,2569317,1,0,2028,2017,:2017:2028,--:Mi.D2H.submit
392917281,393183860,266579,266161,418,:Cache.freeCacheData,2569287,2569317,1,2,2029,2017,:2017:2029,--:Cache.freeCacheData
392917497,393183264,265767,0,265767,:Cache.stream_sync,2569287,2569317,2,0,2030,2029,:2017:2029:2030,----:Cache.stream_sync
392932702,392936058,3356,0,3356,:Cel.kernels.submit,2569287,2569318,1,0,2031,2020,:2020:2031,--:Cel.kernels.submit
392936181,392938438,2257,0,2257,:Cel.D2H.submit,2569287,2569318,1,0,2032,2020,:2020:2032,--:Cel.D2H.submit
392938555,392941661,3106,0,3106,:Sdd.kernels.submit,2569287,2569318,1,0,2033,2020,:2020:2033,--:Sdd.kernels.submit
392941813,392943832,2019,0,2019,:Sdd.D2H.submit,2569287,2569318,1,0,2034,2020,:2020:2034,--:Sdd.D2H.submit
392943936,392947191,3255,0,3255,:Mi.kernels.submit,2569287,2569318,1,0,2035,2020,:2020:2035,--:Mi.kernels.submit
392949704,392951930,2226,0,2226,:Mi.D2H.submit,2569287,2569318,1,0,2036,2020,:2020:2036,--:Mi.D2H.submit
392952425,393315197,362772,362300,472,:Cache.freeCacheData,2569287,2569318,1,2,2037,2020,:2020:2037,--:Cache.freeCacheData
392952652,393314459,361807,0,361807,:Cache.stream_sync,2569287,2569318,2,0,2038,2037,:2020:2037:2038,----:Cache.stream_sync
393033266,393033783,517,0,517,:Cache.publish_release,2569287,2569315,2,0,2039,2002,:1992:2002:2039,----:Cache.publish_release
393067417,393067746,329,0,329,:Cache.publish_release,2569287,2569316,2,0,2040,2014,:2004:2014:2040,----:Cache.publish_release
393068949,393481122,412173,368167,44006,:Task.execute,2569287,2569315,0,9,2041,,:2041,:Task.execute
393069652,393070021,369,0,369,:Cache.getCacheData,2569287,2569315,1,0,2042,2041,:2041:2042,--:Cache.getCacheData
393070194,393123942,53748,0,53748,:Frame.H2D.submit_with_staging,2569287,2569315,1,0,2043,2041,:2041:2043,--:Frame.H2D.submit_with_staging
393124092,393127619,3527,0,3527,:Cel.kernels.submit,2569287,2569315,1,0,2044,2041,:2041:2044,--:Cel.kernels.submit
393126008,393543896,417888,353885,64003,:Task.execute,2569287,2569316,0,9,2045,,:2045,:Task.execute
393126655,393127179,524,0,524,:Cache.getCacheData,2569287,2569316,1,0,2046,2045,:2045:2046,--:Cache.getCacheData
393127358,393174246,46888,0,46888,:Frame.H2D.submit_with_staging,2569287,2569316,1,0,2047,2045,:2045:2047,--:Frame.H2D.submit_with_staging
393127781,393130494,2713,0,2713,:Cel.D2H.submit,2569287,2569315,1,0,2048,2041,:2041:2048,--:Cel.D2H.submit
393131051,393134180,3129,0,3129,:Sdd.kernels.submit,2569287,2569315,1,0,2049,2041,:2041:2049,--:Sdd.kernels.submit
393134368,393136743,2375,0,2375,:Sdd.D2H.submit,2569287,2569315,1,0,2050,2041,:2041:2050,--:Sdd.D2H.submit
393137280,393140328,3048,0,3048,:Mi.kernels.submit,2569287,2569315,1,0,2051,2041,:2041:2051,--:Mi.kernels.submit
393140464,393146344,5880,0,5880,:Mi.D2H.submit,2569287,2569315,1,0,2052,2041,:2041:2052,--:Mi.D2H.submit
393146454,393439832,293378,293042,336,:Cache.freeCacheData,2569287,2569315,1,2,2053,2041,:2041:2053,--:Cache.freeCacheData
393146615,393439349,292734,0,292734,:Cache.stream_sync,2569287,2569315,2,0,2054,2053,:2041:2053:2054,----:Cache.stream_sync
393174358,393177855,3497,0,3497,:Cel.kernels.submit,2569287,2569316,1,0,2055,2045,:2045:2055,--:Cel.kernels.submit
393177984,393180554,2570,0,2570,:Cel.D2H.submit,2569287,2569316,1,0,2056,2045,:2045:2056,--:Cel.D2H.submit
393180656,393183618,2962,0,2962,:Sdd.kernels.submit,2569287,2569316,1,0,2057,2045,:2045:2057,--:Sdd.kernels.submit
393183366,393183760,394,0,394,:Cache.publish_release,2569287,2569317,2,0,2058,2029,:2017:2029:2058,----:Cache.publish_release
393183905,393186127,2222,0,2222,:Sdd.D2H.submit,2569287,2569316,1,0,2059,2045,:2045:2059,--:Sdd.D2H.submit
393186414,393189499,3085,0,3085,:Mi.kernels.submit,2569287,2569316,1,0,2060,2045,:2045:2060,--:Mi.kernels.submit
393190363,393195458,5095,0,5095,:Mi.D2H.submit,2569287,2569316,1,0,2061,2045,:2045:2061,--:Mi.D2H.submit
393195671,393482713,287042,286255,787,:Cache.freeCacheData,2569287,2569316,1,2,2062,2045,:2045:2062,--:Cache.freeCacheData
393195971,393481477,285506,0,285506,:Cache.stream_sync,2569287,2569316,2,0,2063,2062,:2045:2062:2063,----:Cache.stream_sync
393239777,393600733,360956,284957,75999,:Task.execute,2569287,2569317,0,9,2064,,:2064,:Task.execute
393240502,393240758,256,0,256,:Cache.getCacheData,2569287,2569317,1,0,2065,2064,:2064:2065,--:Cache.getCacheData
393240839,393273028,32189,0,32189,:Frame.H2D.submit_with_staging,2569287,2569317,1,0,2066,2064,:2064:2066,--:Frame.H2D.submit_with_staging
393273136,393276436,3300,0,3300,:Cel.kernels.submit,2569287,2569317,1,0,2067,2064,:2064:2067,--:Cel.kernels.submit
393276566,393278972,2406,0,2406,:Cel.D2H.submit,2569287,2569317,1,0,2068,2064,:2064:2068,--:Cel.D2H.submit
393279073,393281617,2544,0,2544,:Sdd.kernels.submit,2569287,2569317,1,0,2069,2064,:2064:2069,--:Sdd.kernels.submit
393281739,393284254,2515,0,2515,:Sdd.D2H.submit,2569287,2569317,1,0,2070,2064,:2064:2070,--:Sdd.D2H.submit
393284445,393286979,2534,0,2534,:Mi.kernels.submit,2569287,2569317,1,0,2071,2064,:2064:2071,--:Mi.kernels.submit
393287117,393289290,2173,0,2173,:Mi.D2H.submit,2569287,2569317,1,0,2072,2064,:2064:2072,--:Mi.D2H.submit
393289405,393526445,237040,236759,281,:Cache.freeCacheData,2569287,2569317,1,2,2073,2064,:2064:2073,--:Cache.freeCacheData
393289524,393526062,236538,0,236538,:Cache.stream_sync,2569287,2569317,2,0,2074,2073,:2064:2073:2074,----:Cache.stream_sync
393314568,393315061,493,0,493,:Cache.publish_release,2569287,2569318,2,0,2075,2037,:2020:2037:2075,----:Cache.publish_release
393356345,393735638,379293,334215,45078,:Task.execute,2569287,2569318,0,9,2076,,:2076,:Task.execute
393356925,393357164,239,0,239,:Cache.getCacheData,2569287,2569318,1,0,2077,2076,:2076:2077,--:Cache.getCacheData
393357243,393385188,27945,0,27945,:Frame.H2D.submit_with_staging,2569287,2569318,1,0,2078,2076,:2076:2078,--:Frame.H2D.submit_with_staging
393385303,393388858,3555,0,3555,:Cel.kernels.submit,2569287,2569318,1,0,2079,2076,:2076:2079,--:Cel.kernels.submit
393388989,393391292,2303,0,2303,:Cel.D2H.submit,2569287,2569318,1,0,2080,2076,:2076:2080,--:Cel.D2H.submit
393391396,393394214,2818,0,2818,:Sdd.kernels.submit,2569287,2569318,1,0,2081,2076,:2076:2081,--:Sdd.kernels.submit
393394330,393400107,5777,0,5777,:Sdd.D2H.submit,2569287,2569318,1,0,2082,2076,:2076:2082,--:Sdd.D2H.submit
393400268,393403308,3040,0,3040,:Mi.kernels.submit,2569287,2569318,1,0,2083,2076,:2076:2083,--:Mi.kernels.submit
393403416,393405613,2197,0,2197,:Mi.D2H.submit,2569287,2569318,1,0,2084,2076,:2076:2084,--:Mi.D2H.submit
393405960,393692301,286341,285533,808,:Cache.freeCacheData,2569287,2569318,1,2,2085,2076,:2076:2085,--:Cache.freeCacheData
393406410,393691633,285223,0,285223,:Cache.stream_sync,2569287,2569318,2,0,2086,2085,:2076:2085:2086,----:Cache.stream_sync
393439455,393439763,308,0,308,:Cache.publish_release,2569287,2569315,2,0,2087,2053,:2041:2053:2087,----:Cache.publish_release
393481403,393872795,391392,339518,51874,:Task.execute,2569287,2569315,0,9,2088,,:2088,:Task.execute
393481701,393482450,749,0,749,:Cache.publish_release,2569287,2569316,2,0,2089,2062,:2045:2062:2089,----:Cache.publish_release
393482268,393482587,319,0,319,:Cache.getCacheData,2569287,2569315,1,0,2090,2088,:2088:2090,--:Cache.getCacheData
393482746,393531851,49105,0,49105,:Frame.H2D.submit_with_staging,2569287,2569315,1,0,2091,2088,:2088:2091,--:Frame.H2D.submit_with_staging
393526150,393526371,221,0,221,:Cache.publish_release,2569287,2569317,2,0,2092,2073,:2064:2073:2092,----:Cache.publish_release
393531975,393535916,3941,0,3941,:Cel.kernels.submit,2569287,2569315,1,0,2093,2088,:2088:2093,--:Cel.kernels.submit
393536053,393538757,2704,0,2704,:Cel.D2H.submit,2569287,2569315,1,0,2094,2088,:2088:2094,--:Cel.D2H.submit
393538890,393541550,2660,0,2660,:Sdd.kernels.submit,2569287,2569315,1,0,2095,2088,:2088:2095,--:Sdd.kernels.submit
393542691,393545231,2540,0,2540,:Sdd.D2H.submit,2569287,2569315,1,0,2096,2088,:2088:2096,--:Sdd.D2H.submit
393544251,393906349,362098,301539,60559,:Task.execute,2569287,2569316,0,9,2097,,:2097,:Task.execute
393545178,393546178,1000,0,1000,:Cache.getCacheData,2569287,2569316,1,0,2098,2097,:2097:2098,--:Cache.getCacheData
393545653,393548746,3093,0,3093,:Mi.kernels.submit,2569287,2569315,1,0,2099,2088,:2088:2099,--:Mi.kernels.submit
393546257,393612162,65905,0,65905,:Frame.H2D.submit_with_staging,2569287,2569316,1,0,2100,2097,:2097:2100,--:Frame.H2D.submit_with_staging
393548869,393553514,4645,0,4645,:Mi.D2H.submit,2569287,2569315,1,0,2101,2088,:2088:2101,--:Mi.D2H.submit
393553623,393824134,270511,270173,338,:Cache.freeCacheData,2569287,2569315,1,2,2102,2088,:2088:2102,--:Cache.freeCacheData
393553723,393823579,269856,0,269856,:Cache.stream_sync,2569287,2569315,2,0,2103,2102,:2088:2102:2103,----:Cache.stream_sync
393601063,394019157,418094,362136,55958,:Task.execute,2569287,2569317,0,9,2104,,:2104,:Task.execute
393601957,393602303,346,0,346,:Cache.getCacheData,2569287,2569317,1,0,2105,2104,:2104:2105,--:Cache.getCacheData
393602656,393647155,44499,0,44499,:Frame.H2D.submit_with_staging,2569287,2569317,1,0,2106,2104,:2104:2106,--:Frame.H2D.submit_with_staging
393612300,393615771,3471,0,3471,:Cel.kernels.submit,2569287,2569316,1,0,2107,2097,:2097:2107,--:Cel.kernels.submit
393615947,393618322,2375,0,2375,:Cel.D2H.submit,2569287,2569316,1,0,2108,2097,:2097:2108,--:Cel.D2H.submit
393618432,393621538,3106,0,3106,:Sdd.kernels.submit,2569287,2569316,1,0,2109,2097,:2097:2109,--:Sdd.kernels.submit
393621644,393623891,2247,0,2247,:Sdd.D2H.submit,2569287,2569316,1,0,2110,2097,:2097:2110,--:Sdd.D2H.submit
393624071,393626775,2704,0,2704,:Mi.kernels.submit,2569287,2569316,1,0,2111,2097,:2097:2111,--:Mi.kernels.submit
393626881,393628954,2073,0,2073,:Mi.D2H.submit,2569287,2569316,1,0,2112,2097,:2097:2112,--:Mi.D2H.submit
393629061,393847719,218658,218305,353,:Cache.freeCacheData,2569287,2569316,1,2,2113,2097,:2097:2113,--:Cache.freeCacheData
393629227,393847308,218081,0,218081,:Cache.stream_sync,2569287,2569316,2,0,2114,2113,:2097:2113:2114,----:Cache.stream_sync
393647459,393651291,3832,0,3832,:Cel.kernels.submit,2569287,2569317,1,0,2115,2104,:2104:2115,--:Cel.kernels.submit
393651396,393654976,3580,0,3580,:Cel.D2H.submit,2569287,2569317,1,0,2116,2104,:2104:2116,--:Cel.D2H.submit
393655079,393657847,2768,0,2768,:Sdd.kernels.submit,2569287,2569317,1,0,2117,2104,:2104:2117,--:Sdd.kernels.submit
393657969,393660003,2034,0,2034,:Sdd.D2H.submit,2569287,2569317,1,0,2118,2104,:2104:2118,--:Sdd.D2H.submit
393660106,393662682,2576,0,2576,:Mi.kernels.submit,2569287,2569317,1,0,2119,2104,:2104:2119,--:Mi.kernels.submit
393662801,393664939,2138,0,2138,:Mi.D2H.submit,2569287,2569317,1,0,2120,2104,:2104:2120,--:Mi.D2H.submit
393665045,393965408,300363,299885,478,:Cache.freeCacheData,2569287,2569317,1,2,2121,2104,:2104:2121,--:Cache.freeCacheData
393665227,393964696,299469,0,299469,:Cache.stream_sync,2569287,2569317,2,0,2122,2121,:2104:2121:2122,----:Cache.stream_sync
393691849,393692159,310,0,310,:Cache.publish_release,2569287,2569318,2,0,2123,2085,:2076:2085:2123,----:Cache.publish_release
393735922,394139637,403715,359179,44536,:Task.execute,2569287,2569318,0,9,2124,,:2124,:Task.execute
393736662,393736911,249,0,249,:Cache.getCacheData,2569287,2569318,1,0,2125,2124,:2124:2125,--:Cache.getCacheData
393737080,393766140,29060,0,29060,:Frame.H2D.submit_with_staging,2569287,2569318,1,0,2126,2124,:2124:2126,--:Frame.H2D.submit_with_staging
393766265,393770411,4146,0,4146,:Cel.kernels.submit,2569287,2569318,1,0,2127,2124,:2124:2127,--:Cel.kernels.submit
393770538,393772980,2442,0,2442,:Cel.D2H.submit,2569287,2569318,1,0,2128,2124,:2124:2128,--:Cel.D2H.submit
393773085,393776060,2975,0,2975,:Sdd.kernels.submit,2569287,2569318,1,0,2129,2124,:2124:2129,--:Sdd.kernels.submit
393776184,393778186,2002,0,2002,:Sdd.D2H.submit,2569287,2569318,1,0,2130,2124,:2124:2130,--:Sdd.D2H.submit
393778285,393781033,2748,0,2748,:Mi.kernels.submit,2569287,2569318,1,0,2131,2124,:2124:2131,--:Mi.kernels.submit
393781160,393783077,1917,0,1917,:Mi.D2H.submit,2569287,2569318,1,0,2132,2124,:2124:2132,--:Mi.D2H.submit
393783175,394096815,313640,313197,443,:Cache.freeCacheData,2569287,2569318,1,2,2133,2124,:2124:2133,--:Cache.freeCacheData
393783467,394096371,312904,0,312904,:Cache.stream_sync,2569287,2569318,2,0,2134,2133,:2124:2133:2134,----:Cache.stream_sync
393823684,393824001,317,0,317,:Cache.publish_release,2569287,2569315,2,0,2135,2102,:2088:2102:2135,----:Cache.publish_release
393847414,393847638,224,0,224,:Cache.publish_release,2569287,2569316,2,0,2136,2113,:2097:2113:2136,----:Cache.publish_release
393873145,394243810,370665,321720,48945,:Task.execute,2569287,2569315,0,9,2137,,:2137,:Task.execute
393873769,393874098,329,0,329,:Cache.getCacheData,2569287,2569315,1,0,2138,2137,:2137:2138,--:Cache.getCacheData
393874261,393917661,43400,0,43400,:Frame.H2D.submit_with_staging,2569287,2569315,1,0,2139,2137,:2137:2139,--:Frame.H2D.submit_with_staging
393906714,394358178,451464,404850,46614,:Task.execute,2569287,2569316,0,9,2140,,:2140,:Task.execute
393907544,393908068,524,0,524,:Cache.getCacheData,2569287,2569316,1,0,2141,2140,:2140:2141,--:Cache.getCacheData
393908218,393949925,41707,0,41707,:Frame.H2D.submit_with_staging,2569287,2569316,1,0,2142,2140,:2140:2142,--:Frame.H2D.submit_with_staging
393917840,393921693,3853,0,3853,:Cel.kernels.submit,2569287,2569315,1,0,2143,2137,:2137:2143,--:Cel.kernels.submit
393921821,393924554,2733,0,2733,:Cel.D2H.submit,2569287,2569315,1,0,2144,2137,:2137:2144,--:Cel.D2H.submit
393924756,393927933,3177,0,3177,:Sdd.kernels.submit,2569287,2569315,1,0,2145,2137,:2137:2145,--:Sdd.kernels.submit
393928054,393930131,2077,0,2077,:Sdd.D2H.submit,2569287,2569315,1,0,2146,2137,:2137:2146,--:Sdd.D2H.submit
393930234,393933127,2893,0,2893,:Mi.kernels.submit,2569287,2569315,1,0,2147,2137,:2137:2147,--:Mi.kernels.submit
393933250,393935333,2083,0,2083,:Mi.D2H.submit,2569287,2569315,1,0,2148,2137,:2137:2148,--:Mi.D2H.submit
393935438,394196613,261175,260765,410,:Cache.freeCacheData,2569287,2569315,1,2,2149,2137,:2137:2149,--:Cache.freeCacheData
393935635,394196051,260416,0,260416,:Cache.stream_sync,2569287,2569315,2,0,2150,2149,:2137:2149:2150,----:Cache.stream_sync
393950130,393953802,3672,0,3672,:Cel.kernels.submit,2569287,2569316,1,0,2151,2140,:2140:2151,--:Cel.kernels.submit
393954072,393956780,2708,0,2708,:Cel.D2H.submit,2569287,2569316,1,0,2152,2140,:2140:2152,--:Cel.D2H.submit
393957235,393960082,2847,0,2847,:Sdd.kernels.submit,2569287,2569316,1,0,2153,2140,:2140:2153,--:Sdd.kernels.submit
393960296,393962446,2150,0,2150,:Sdd.D2H.submit,2569287,2569316,1,0,2154,2140,:2140:2154,--:Sdd.D2H.submit
393962546,393965341,2795,0,2795,:Mi.kernels.submit,2569287,2569316,1,0,2155,2140,:2140:2155,--:Mi.kernels.submit
393964784,393965200,416,0,416,:Cache.publish_release,2569287,2569317,2,0,2156,2121,:2104:2121:2156,----:Cache.publish_release
393965530,393967628,2098,0,2098,:Mi.D2H.submit,2569287,2569316,1,0,2157,2140,:2140:2157,--:Mi.D2H.submit
393967726,394314075,346349,345799,550,:Cache.freeCacheData,2569287,2569316,1,2,2158,2140,:2140:2158,--:Cache.freeCacheData
393967946,394313346,345400,0,345400,:Cache.stream_sync,2569287,2569316,2,0,2159,2158,:2140:2158:2159,----:Cache.stream_sync
394019503,394401151,381648,325551,56097,:Task.execute,2569287,2569317,0,9,2160,,:2160,:Task.execute
394020112,394020447,335,0,335,:Cache.getCacheData,2569287,2569317,1,0,2161,2160,:2160:2161,--:Cache.getCacheData
394020613,394057883,37270,0,37270,:Frame.H2D.submit_with_staging,2569287,2569317,1,0,2162,2160,:2160:2162,--:Frame.H2D.submit_with_staging
394058054,394061284,3230,0,3230,:Cel.kernels.submit,2569287,2569317,1,0,2163,2160,:2160:2163,--:Cel.kernels.submit
394061413,394063919,2506,0,2506,:Cel.D2H.submit,2569287,2569317,1,0,2164,2160,:2160:2164,--:Cel.D2H.submit
394064020,394066896,2876,0,2876,:Sdd.kernels.submit,2569287,2569317,1,0,2165,2160,:2160:2165,--:Sdd.kernels.submit
394067023,394069343,2320,0,2320,:Sdd.D2H.submit,2569287,2569317,1,0,2166,2160,:2160:2166,--:Sdd.D2H.submit
394069559,394072249,2690,0,2690,:Mi.kernels.submit,2569287,2569317,1,0,2167,2160,:2160:2167,--:Mi.kernels.submit
394072749,394075002,2253,0,2253,:Mi.D2H.submit,2569287,2569317,1,0,2168,2160,:2160:2168,--:Mi.D2H.submit
394075270,394347341,272071,271719,352,:Cache.freeCacheData,2569287,2569317,1,2,2169,2160,:2160:2169,--:Cache.freeCacheData
394075472,394346933,271461,0,271461,:Cache.stream_sync,2569287,2569317,2,0,2170,2169,:2160:2169:2170,----:Cache.stream_sync
394096454,394096747,293,0,293,:Cache.publish_release,2569287,2569318,2,0,2171,2133,:2124:2133:2171,----:Cache.publish_release
394140011,394530489,390478,335445,55033,:Task.execute,2569287,2569318,0,9,2172,,:2172,:Task.execute
394140683,394140986,303,0,303,:Cache.getCacheData,2569287,2569318,1,0,2173,2172,:2172:2173,--:Cache.getCacheData
394141137,394168398,27261,0,27261,:Frame.H2D.submit_with_staging,2569287,2569318,1,0,2174,2172,:2172:2174,--:Frame.H2D.submit_with_staging
394168509,394171940,3431,0,3431,:Cel.kernels.submit,2569287,2569318,1,0,2175,2172,:2172:2175,--:Cel.kernels.submit
394172076,394174397,2321,0,2321,:Cel.D2H.submit,2569287,2569318,1,0,2176,2172,:2172:2176,--:Cel.D2H.submit
394174587,394177659,3072,0,3072,:Sdd.kernels.submit,2569287,2569318,1,0,2177,2172,:2172:2177,--:Sdd.kernels.submit
394177931,394180134,2203,0,2203,:Sdd.D2H.submit,2569287,2569318,1,0,2178,2172,:2172:2178,--:Sdd.D2H.submit
394180242,394183236,2994,0,2994,:Mi.kernels.submit,2569287,2569318,1,0,2179,2172,:2172:2179,--:Mi.kernels.submit
394183419,394185393,1974,0,1974,:Mi.D2H.submit,2569287,2569318,1,0,2180,2172,:2172:2180,--:Mi.D2H.submit
394185499,394477385,291886,291574,312,:Cache.freeCacheData,2569287,2569318,1,2,2181,2172,:2172:2181,--:Cache.freeCacheData
394185634,394477009,291375,0,291375,:Cache.stream_sync,2569287,2569318,2,0,2182,2181,:2172:2181:2182,----:Cache.stream_sync
394196156,394196505,349,0,349,:Cache.publish_release,2569287,2569315,2,0,2183,2149,:2137:2149:2183,----:Cache.publish_release
394244080,394585727,341647,288149,53498,:Task.execute,2569287,2569315,0,9,2184,,:2184,:Task.execute
394244728,394245008,280,0,280,:Cache.getCacheData,2569287,2569315,1,0,2185,2184,:2184:2185,--:Cache.getCacheData
394245585,394275232,29647,0,29647,:Frame.H2D.submit_with_staging,2569287,2569315,1,0,2186,2184,:2184:2186,--:Frame.H2D.submit_with_staging
394275390,394278653,3263,0,3263,:Cel.kernels.submit,2569287,2569315,1,0,2187,2184,:2184:2187,--:Cel.kernels.submit
394278814,394281259,2445,0,2445,:Cel.D2H.submit,2569287,2569315,1,0,2188,2184,:2184:2188,--:Cel.D2H.submit
394281358,394284514,3156,0,3156,:Sdd.kernels.submit,2569287,2569315,1,0,2189,2184,:2184:2189,--:Sdd.kernels.submit
394284701,394286915,2214,0,2214,:Sdd.D2H.submit,2569287,2569315,1,0,2190,2184,:2184:2190,--:Sdd.D2H.submit
394287082,394290046,2964,0,2964,:Mi.kernels.submit,2569287,2569315,1,0,2191,2184,:2184:2191,--:Mi.kernels.submit
394290273,394292688,2415,0,2415,:Mi.D2H.submit,2569287,2569315,1,0,2192,2184,:2184:2192,--:Mi.D2H.submit
394292958,394534723,241765,241418,347,:Cache.freeCacheData,2569287,2569315,1,2,2193,2184,:2184:2193,--:Cache.freeCacheData
394293151,394534293,241142,0,241142,:Cache.stream_sync,2569287,2569315,2,0,2194,2193,:2184:2193:2194,----:Cache.stream_sync
394313605,394314004,399,0,399,:Cache.publish_release,2569287,2569316,2,0,2195,2158,:2140:2158:2195,----:Cache.publish_release
394347014,394347272,258,0,258,:Cache.publish_release,2569287,2569317,2,0,2196,2169,:2160:2169:2196,----:Cache.publish_release
394358605,394751798,393193,351877,41316,:Task.execute,2569287,2569316,0,9,2197,,:2197,:Task.execute
394359402,394359908,506,0,506,:Cache.getCacheData,2569287,2569316,1,0,2198,2197,:2197:2198,--:Cache.getCacheData
394360152,394409759,49607,0,49607,:Frame.H2D.submit_with_staging,2569287,2569316,1,0,2199,2197,:2197:2199,--:Frame.H2D.submit_with_staging
394401438,394802157,400719,340481,60238,:Task.execute,2569287,2569317,0,9,2200,,:2200,:Task.execute
394402600,394402913,313,0,313,:Cache.getCacheData,2569287,2569317,1,0,2201,2200,:2200:2201,--:Cache.getCacheData
394403034,394445645,42611,0,42611,:Frame.H2D.submit_with_staging,2569287,2569317,1,0,2202,2200,:2200:2202,--:Frame.H2D.submit_with_staging
394410026,394413376,3350,0,3350,:Cel.kernels.submit,2569287,2569316,1,0,2203,2197,:2197:2203,--:Cel.kernels.submit
394413509,394416174,2665,0,2665,:Cel.D2H.submit,2569287,2569316,1,0,2204,2197,:2197:2204,--:Cel.D2H.submit
394416275,394419196,2921,0,2921,:Sdd.kernels.submit,2569287,2569316,1,0,2205,2197,:2197:2205,--:Sdd.kernels.submit
394419449,394421751,2302,0,2302,:Sdd.D2H.submit,2569287,2569316,1,0,2206,2197,:2197:2206,--:Sdd.D2H.submit
394422084,394425048,2964,0,2964,:Mi.kernels.submit,2569287,2569316,1,0,2207,2197,:2197:2207,--:Mi.kernels.submit
394425524,394427959,2435,0,2435,:Mi.D2H.submit,2569287,2569316,1,0,2208,2197,:2197:2208,--:Mi.D2H.submit
394428250,394713377,285127,284528,599,:Cache.freeCacheData,2569287,2569316,1,2,2209,2197,:2197:2209,--:Cache.freeCacheData
394428593,394712868,284275,0,284275,:Cache.stream_sync,2569287,2569316,2,0,2210,2209,:2197:2209:2210,----:Cache.stream_sync
394445746,394448965,3219,0,3219,:Cel.kernels.submit,2569287,2569317,1,0,2211,2200,:2200:2211,--:Cel.kernels.submit
394449094,394451469,2375,0,2375,:Cel.D2H.submit,2569287,2569317,1,0,2212,2200,:2200:2212,--:Cel.D2H.submit
394451612,394454489,2877,0,2877,:Sdd.kernels.submit,2569287,2569317,1,0,2213,2200,:2200:2213,--:Sdd.kernels.submit
394454682,394456957,2275,0,2275,:Sdd.D2H.submit,2569287,2569317,1,0,2214,2200,:2200:2214,--:Sdd.D2H.submit
394457135,394460145,3010,0,3010,:Mi.kernels.submit,2569287,2569317,1,0,2215,2200,:2200:2215,--:Mi.kernels.submit
394460246,394466314,6068,0,6068,:Mi.D2H.submit,2569287,2569317,1,0,2216,2200,:2200:2216,--:Mi.D2H.submit
394466441,394744174,277733,277454,279,:Cache.freeCacheData,2569287,2569317,1,2,2217,2200,:2200:2217,--:Cache.freeCacheData
394466564,394743561,276997,0,276997,:Cache.stream_sync,2569287,2569317,2,0,2218,2217,:2200:2217:2218,----:Cache.stream_sync
394477120,394477319,199,0,199,:Cache.publish_release,2569287,2569318,2,0,2219,2181,:2172:2181:2219,----:Cache.publish_release
394530804,394930411,399607,346395,53212,:Task.execute,2569287,2569318,0,9,2220,,:2220,:Task.execute
394531900,394532096,196,0,196,:Cache.getCacheData,2569287,2569318,1,0,2221,2220,:2220:2221,--:Cache.getCacheData
394532177,394583062,50885,0,50885,:Frame.H2D.submit_with_staging,2569287,2569318,1,0,2222,2220,:2220:2222,--:Frame.H2D.submit_with_staging
394534376,394534652,276,0,276,:Cache.publish_release,2569287,2569315,2,0,2223,2193,:2184:2193:2223,----:Cache.publish_release
394583278,394587079,3801,0,3801,:Cel.kernels.submit,2569287,2569318,1,0,2224,2220,:2220:2224,--:Cel.kernels.submit
394585958,394988510,402552,346525,56027,:Task.execute,2569287,2569315,0,9,2225,,:2225,:Task.execute
394586594,394586861,267,0,267,:Cache.getCacheData,2569287,2569315,1,0,2226,2225,:2225:2226,--:Cache.getCacheData
394586941,394633861,46920,0,46920,:Frame.H2D.submit_with_staging,2569287,2569315,1,0,2227,2225,:2225:2227,--:Frame.H2D.submit_with_staging
394587232,394589873,2641,0,2641,:Cel.D2H.submit,2569287,2569318,1,0,2228,2220,:2220:2228,--:Cel.D2H.submit
394590003,394593003,3000,0,3000,:Sdd.kernels.submit,2569287,2569318,1,0,2229,2220,:2220:2229,--:Sdd.kernels.submit
394593131,394595362,2231,0,2231,:Sdd.D2H.submit,2569287,2569318,1,0,2230,2220,:2220:2230,--:Sdd.D2H.submit
394595465,394598532,3067,0,3067,:Mi.kernels.submit,2569287,2569318,1,0,2231,2220,:2220:2231,--:Mi.kernels.submit
394598666,394600669,2003,0,2003,:Mi.D2H.submit,2569287,2569318,1,0,2232,2220,:2220:2232,--:Mi.D2H.submit
394600772,394879343,278571,278071,500,:Cache.freeCacheData,2569287,2569318,1,2,2233,2220,:2220:2233,--:Cache.freeCacheData
394600872,394878662,277790,0,277790,:Cache.stream_sync,2569287,2569318,2,0,2234,2233,:2220:2233:2234,----:Cache.stream_sync
394633970,394637399,3429,0,3429,:Cel.kernels.submit,2569287,2569315,1,0,2235,2225,:2225:2235,--:Cel.kernels.submit
394637522,394639905,2383,0,2383,:Cel.D2H.submit,2569287,2569315,1,0,2236,2225,:2225:2236,--:Cel.D2H.submit
394640016,394643200,3184,0,3184,:Sdd.kernels.submit,2569287,2569315,1,0,2237,2225,:2225:2237,--:Sdd.kernels.submit
394643303,394645743,2440,0,2440,:Sdd.D2H.submit,2569287,2569315,1,0,2238,2225,:2225:2238,--:Sdd.D2H.submit
394645955,394649133,3178,0,3178,:Mi.kernels.submit,2569287,2569315,1,0,2239,2225,:2225:2239,--:Mi.kernels.submit
394649235,394651390,2155,0,2155,:Mi.D2H.submit,2569287,2569315,1,0,2240,2225,:2225:2240,--:Mi.D2H.submit
394651496,394934065,282569,282149,420,:Cache.freeCacheData,2569287,2569315,1,2,2241,2225,:2225:2241,--:Cache.freeCacheData
394651632,394933529,281897,0,281897,:Cache.stream_sync,2569287,2569315,2,0,2242,2241,:2225:2241:2242,----:Cache.stream_sync
394712975,394713228,253,0,253,:Cache.publish_release,2569287,2569316,2,0,2243,2209,:2197:2209:2243,----:Cache.publish_release
394743644,394744101,457,0,457,:Cache.publish_release,2569287,2569317,2,0,2244,2217,:2200:2217:2244,----:Cache.publish_release
394752140,395161589,409449,359320,50129,:Task.execute,2569287,2569316,0,9,2245,,:2245,:Task.execute
394752979,394753374,395,0,395,:Cache.getCacheData,2569287,2569316,1,0,2246,2245,:2245:2246,--:Cache.getCacheData
394753504,394801727,48223,0,48223,:Frame.H2D.submit_with_staging,2569287,2569316,1,0,2247,2245,:2245:2247,--:Frame.H2D.submit_with_staging
394801894,394805305,3411,0,3411,:Cel.kernels.submit,2569287,2569316,1,0,2248,2245,:2245:2248,--:Cel.kernels.submit
394802454,395190129,387675,330423,57252,:Task.execute,2569287,2569317,0,9,2249,,:2249,:Task.execute
394803113,394803443,330,0,330,:Cache.getCacheData,2569287,2569317,1,0,2250,2249,:2249:2250,--:Cache.getCacheData
394803631,394848674,45043,0,45043,:Frame.H2D.submit_with_staging,2569287,2569317,1,0,2251,2249,:2249:2251,--:Frame.H2D.submit_with_staging
394805450,394807965,2515,0,2515,:Cel.D2H.submit,2569287,2569316,1,0,2252,2245,:2245:2252,--:Cel.D2H.submit
394808167,394811435,3268,0,3268,:Sdd.kernels.submit,2569287,2569316,1,0,2253,2245,:2245:2253,--:Sdd.kernels.submit
394811559,394813750,2191,0,2191,:Sdd.D2H.submit,2569287,2569316,1,0,2254,2245,:2245:2254,--:Sdd.D2H.submit
394814074,394817686,3612,0,3612,:Mi.kernels.submit,2569287,2569316,1,0,2255,2245,:2245:2255,--:Mi.kernels.submit
394817901,394820414,2513,0,2513,:Mi.D2H.submit,2569287,2569316,1,0,2256,2245,:2245:2256,--:Mi.D2H.submit
394820516,395113708,293192,292794,398,:Cache.freeCacheData,2569287,2569316,1,2,2257,2245,:2245:2257,--:Cache.freeCacheData
394820644,395113231,292587,0,292587,:Cache.stream_sync,2569287,2569316,2,0,2258,2257,:2245:2257:2258,----:Cache.stream_sync
394848907,394852543,3636,0,3636,:Cel.kernels.submit,2569287,2569317,1,0,2259,2249,:2249:2259,--:Cel.kernels.submit
394852892,394855797,2905,0,2905,:Cel.D2H.submit,2569287,2569317,1,0,2260,2249,:2249:2260,--:Cel.D2H.submit
394855966,394858592,2626,0,2626,:Sdd.kernels.submit,2569287,2569317,1,0,2261,2249,:2249:2261,--:Sdd.kernels.submit
394858816,394861012,2196,0,2196,:Sdd.D2H.submit,2569287,2569317,1,0,2262,2249,:2249:2262,--:Sdd.D2H.submit
394861133,394863615,2482,0,2482,:Mi.kernels.submit,2569287,2569317,1,0,2263,2249,:2249:2263,--:Mi.kernels.submit
394863764,394865876,2112,0,2112,:Mi.D2H.submit,2569287,2569317,1,0,2264,2249,:2249:2264,--:Mi.D2H.submit
394865997,395135090,269093,268543,550,:Cache.freeCacheData,2569287,2569317,1,2,2265,2249,:2249:2265,--:Cache.freeCacheData
394866097,395134258,268161,0,268161,:Cache.stream_sync,2569287,2569317,2,0,2266,2265,:2249:2265:2266,----:Cache.stream_sync
394878747,394879028,281,0,281,:Cache.publish_release,2569287,2569318,2,0,2267,2233,:2220:2233:2267,----:Cache.publish_release
394930728,395333662,402934,322005,80929,:Task.execute,2569287,2569318,0,9,2268,,:2268,:Task.execute
394931307,394931623,316,0,316,:Cache.getCacheData,2569287,2569318,1,0,2269,2268,:2268:2269,--:Cache.getCacheData
394931799,394977782,45983,0,45983,:Frame.H2D.submit_with_staging,2569287,2569318,1,0,2270,2268,:2268:2270,--:Frame.H2D.submit_with_staging
394933613,394933865,252,0,252,:Cache.publish_release,2569287,2569315,2,0,2271,2241,:2225:2241:2271,----:Cache.publish_release
394977900,394981416,3516,0,3516,:Cel.kernels.submit,2569287,2569318,1,0,2272,2268,:2268:2272,--:Cel.kernels.submit
394981918,394984441,2523,0,2523,:Cel.D2H.submit,2569287,2569318,1,0,2273,2268,:2268:2273,--:Cel.D2H.submit
394984743,394987682,2939,0,2939,:Sdd.kernels.submit,2569287,2569318,1,0,2274,2268,:2268:2274,--:Sdd.kernels.submit
394987809,394990143,2334,0,2334,:Sdd.D2H.submit,2569287,2569318,1,0,2275,2268,:2268:2275,--:Sdd.D2H.submit
394988820,395357133,368313,294916,73397,:Task.execute,2569287,2569315,0,9,2276,,:2276,:Task.execute
394989391,394989672,281,0,281,:Cache.getCacheData,2569287,2569315,1,0,2277,2276,:2276:2277,--:Cache.getCacheData
394989752,395033409,43657,0,43657,:Frame.H2D.submit_with_staging,2569287,2569315,1,0,2278,2276,:2276:2278,--:Frame.H2D.submit_with_staging
394990246,394993926,3680,0,3680,:Mi.kernels.submit,2569287,2569318,1,0,2279,2268,:2268:2279,--:Mi.kernels.submit
394994053,394996307,2254,0,2254,:Mi.D2H.submit,2569287,2569318,1,0,2280,2268,:2268:2280,--:Mi.D2H.submit
394996484,395254944,258460,257433,1027,:Cache.freeCacheData,2569287,2569318,1,2,2281,2268,:2268:2281,--:Cache.freeCacheData
394996723,395253650,256927,0,256927,:Cache.stream_sync,2569287,2569318,2,0,2282,2281,:2268:2281:2282,----:Cache.stream_sync
395033520,395036812,3292,0,3292,:Cel.kernels.submit,2569287,2569315,1,0,2283,2276,:2276:2283,--:Cel.kernels.submit
395036941,395039200,2259,0,2259,:Cel.D2H.submit,2569287,2569315,1,0,2284,2276,:2276:2284,--:Cel.D2H.submit
395039671,395042419,2748,0,2748,:Sdd.kernels.submit,2569287,2569315,1,0,2285,2276,:2276:2285,--:Sdd.kernels.submit
395042539,395044833,2294,0,2294,:Sdd.D2H.submit,2569287,2569315,1,0,2286,2276,:2276:2286,--:Sdd.D2H.submit
395044931,395047654,2723,0,2723,:Mi.kernels.submit,2569287,2569315,1,0,2287,2276,:2276:2287,--:Mi.kernels.submit
395047778,395049854,2076,0,2076,:Mi.D2H.submit,2569287,2569315,1,0,2288,2276,:2276:2288,--:Mi.D2H.submit
395049955,395285541,235586,235137,449,:Cache.freeCacheData,2569287,2569315,1,2,2289,2276,:2276:2289,--:Cache.freeCacheData
395050074,395284561,234487,0,234487,:Cache.stream_sync,2569287,2569315,2,0,2290,2289,:2276:2289:2290,----:Cache.stream_sync
395113317,395113524,207,0,207,:Cache.publish_release,2569287,2569316,2,0,2291,2257,:2245:2257:2291,----:Cache.publish_release
395134446,395134828,382,0,382,:Cache.publish_release,2569287,2569317,2,0,2292,2265,:2249:2265:2292,----:Cache.publish_release
395161969,395554244,392275,347053,45222,:Task.execute,2569287,2569316,0,9,2293,,:2293,:Task.execute
395162928,395163433,505,0,505,:Cache.getCacheData,2569287,2569316,1,0,2294,2293,:2293:2294,--:Cache.getCacheData
395163596,395209184,45588,0,45588,:Frame.H2D.submit_with_staging,2569287,2569316,1,0,2295,2293,:2293:2295,--:Frame.H2D.submit_with_staging
395192724,395653210,460486,401788,58698,:Task.execute,2569287,2569317,0,9,2296,,:2296,:Task.execute
395193330,395193747,417,0,417,:Cache.getCacheData,2569287,2569317,1,0,2297,2296,:2296:2297,--:Cache.getCacheData
395193940,395238318,44378,0,44378,:Frame.H2D.submit_with_staging,2569287,2569317,1,0,2298,2296,:2296:2298,--:Frame.H2D.submit_with_staging
395209304,395212873,3569,0,3569,:Cel.kernels.submit,2569287,2569316,1,0,2299,2293,:2293:2299,--:Cel.kernels.submit
395213444,395216171,2727,0,2727,:Cel.D2H.submit,2569287,2569316,1,0,2300,2293,:2293:2300,--:Cel.D2H.submit
395216395,395219375,2980,0,2980,:Sdd.kernels.submit,2569287,2569316,1,0,2301,2293,:2293:2301,--:Sdd.kernels.submit
395219981,395225543,5562,0,5562,:Sdd.D2H.submit,2569287,2569316,1,0,2302,2293,:2293:2302,--:Sdd.D2H.submit
395225663,395228793,3130,0,3130,:Mi.kernels.submit,2569287,2569316,1,0,2303,2293,:2293:2303,--:Mi.kernels.submit
395228958,395231157,2199,0,2199,:Mi.D2H.submit,2569287,2569316,1,0,2304,2293,:2293:2304,--:Mi.D2H.submit
395231328,395512121,280793,280030,763,:Cache.freeCacheData,2569287,2569316,1,2,2305,2293,:2293:2305,--:Cache.freeCacheData
395231778,395511590,279812,0,279812,:Cache.stream_sync,2569287,2569316,2,0,2306,2305,:2293:2305:2306,----:Cache.stream_sync
395238418,395242242,3824,0,3824,:Cel.kernels.submit,2569287,2569317,1,0,2307,2296,:2296:2307,--:Cel.kernels.submit
395242347,395244863,2516,0,2516,:Cel.D2H.submit,2569287,2569317,1,0,2308,2296,:2296:2308,--:Cel.D2H.submit
395245078,395248026,2948,0,2948,:Sdd.kernels.submit,2569287,2569317,1,0,2309,2296,:2296:2309,--:Sdd.kernels.submit
395248147,395250328,2181,0,2181,:Sdd.D2H.submit,2569287,2569317,1,0,2310,2296,:2296:2310,--:Sdd.D2H.submit
395250608,395253169,2561,0,2561,:Mi.kernels.submit,2569287,2569317,1,0,2311,2296,:2296:2311,--:Mi.kernels.submit
395253294,395255754,2460,0,2460,:Mi.D2H.submit,2569287,2569317,1,0,2312,2296,:2296:2312,--:Mi.D2H.submit
395254240,395254746,506,0,506,:Cache.publish_release,2569287,2569318,2,0,2313,2281,:2268:2281:2313,----:Cache.publish_release
395255968,395596471,340503,340129,374,:Cache.freeCacheData,2569287,2569317,1,2,2314,2296,:2296:2314,--:Cache.freeCacheData
395256178,395595679,339501,0,339501,:Cache.stream_sync,2569287,2569317,2,0,2315,2314,:2296:2314:2315,----:Cache.stream_sync
395284796,395285446,650,0,650,:Cache.publish_release,2569287,2569315,2,0,2316,2289,:2276:2289:2316,----:Cache.publish_release
395334026,395725743,391717,337256,54461,:Task.execute,2569287,2569318,0,9,2317,,:2317,:Task.execute
395335159,395335547,388,0,388,:Cache.getCacheData,2569287,2569318,1,0,2318,2317,:2317:2318,--:Cache.getCacheData
395335753,395381770,46017,0,46017,:Frame.H2D.submit_with_staging,2569287,2569318,1,0,2319,2317,:2317:2319,--:Frame.H2D.submit_with_staging
395358992,395791765,432773,364137,68636,:Task.execute,2569287,2569315,0,9,2320,,:2320,:Task.execute
395359697,395360092,395,0,395,:Cache.getCacheData,2569287,2569315,1,0,2321,2320,:2320:2321,--:Cache.getCacheData
395360232,395402132,41900,0,41900,:Frame.H2D.submit_with_staging,2569287,2569315,1,0,2322,2320,:2320:2322,--:Frame.H2D.submit_with_staging
395382106,395385692,3586,0,3586,:Cel.kernels.submit,2569287,2569318,1,0,2323,2317,:2317:2323,--:Cel.kernels.submit
395385830,395389586,3756,0,3756,:Cel.D2H.submit,2569287,2569318,1,0,2324,2317,:2317:2324,--:Cel.D2H.submit
395390023,395393295,3272,0,3272,:Sdd.kernels.submit,2569287,2569318,1,0,2325,2317,:2317:2325,--:Sdd.kernels.submit
395393403,395395731,2328,0,2328,:Sdd.D2H.submit,2569287,2569318,1,0,2326,2317,:2317:2326,--:Sdd.D2H.submit
395395921,395398859,2938,0,2938,:Mi.kernels.submit,2569287,2569318,1,0,2327,2317,:2317:2327,--:Mi.kernels.submit
395398972,395401573,2601,0,2601,:Mi.D2H.submit,2569287,2569318,1,0,2328,2317,:2317:2328,--:Mi.D2H.submit
395401770,395674140,272370,272005,365,:Cache.freeCacheData,2569287,2569318,1,2,2329,2317,:2317:2329,--:Cache.freeCacheData
395401949,395673733,271784,0,271784,:Cache.stream_sync,2569287,2569318,2,0,2330,2329,:2317:2329:2330,----:Cache.stream_sync
395402334,395406219,3885,0,3885,:Cel.kernels.submit,2569287,2569315,1,0,2331,2320,:2320:2331,--:Cel.kernels.submit
395406350,395411256,4906,0,4906,:Cel.D2H.submit,2569287,2569315,1,0,2332,2320,:2320:2332,--:Cel.D2H.submit
395411596,395414990,3394,0,3394,:Sdd.kernels.submit,2569287,2569315,1,0,2333,2320,:2320:2333,--:Sdd.kernels.submit
395415711,395417947,2236,0,2236,:Sdd.D2H.submit,2569287,2569315,1,0,2334,2320,:2320:2334,--:Sdd.D2H.submit
395418339,395421476,3137,0,3137,:Mi.kernels.submit,2569287,2569315,1,0,2335,2320,:2320:2335,--:Mi.kernels.submit
395421581,395423721,2140,0,2140,:Mi.D2H.submit,2569287,2569315,1,0,2336,2320,:2320:2336,--:Mi.D2H.submit
395423823,395725967,302144,301764,380,:Cache.freeCacheData,2569287,2569315,1,2,2337,2320,:2320:2337,--:Cache.freeCacheData
395424020,395725281,301261,0,301261,:Cache.stream_sync,2569287,2569315,2,0,2338,2337,:2320:2337:2338,----:Cache.stream_sync
395511770,395511988,218,0,218,:Cache.publish_release,2569287,2569316,2,0,2339,2305,:2293:2305:2339,----:Cache.publish_release
395556440,395956970,400530,360621,39909,:Task.execute,2569287,2569316,0,9,2340,,:2340,:Task.execute
395557153,395557852,699,0,699,:Cache.getCacheData,2569287,2569316,1,0,2341,2340,:2340:2341,--:Cache.getCacheData
395558037,395591299,33262,0,33262,:Frame.H2D.submit_with_staging,2569287,2569316,1,0,2342,2340,:2340:2342,--:Frame.H2D.submit_with_staging
395591563,395594943,3380,0,3380,:Cel.kernels.submit,2569287,2569316,1,0,2343,2340,:2340:2343,--:Cel.kernels.submit
395595074,395597570,2496,0,2496,:Cel.D2H.submit,2569287,2569316,1,0,2344,2340,:2340:2344,--:Cel.D2H.submit
395595766,395596394,628,0,628,:Cache.publish_release,2569287,2569317,2,0,2345,2314,:2296:2314:2345,----:Cache.publish_release
395597674,395600676,3002,0,3002,:Sdd.kernels.submit,2569287,2569316,1,0,2346,2340,:2340:2346,--:Sdd.kernels.submit
395600848,395603088,2240,0,2240,:Sdd.D2H.submit,2569287,2569316,1,0,2347,2340,:2340:2347,--:Sdd.D2H.submit
395603212,395605933,2721,0,2721,:Mi.kernels.submit,2569287,2569316,1,0,2348,2340,:2340:2348,--:Mi.kernels.submit
395606290,395609204,2914,0,2914,:Mi.D2H.submit,2569287,2569316,1,0,2349,2340,:2340:2349,--:Mi.D2H.submit
395609624,395919531,309907,309496,411,:Cache.freeCacheData,2569287,2569316,1,2,2350,2340,:2340:2350,--:Cache.freeCacheData
395609802,395919098,309296,0,309296,:Cache.stream_sync,2569287,2569316,2,0,2351,2350,:2340:2350:2351,----:Cache.stream_sync
395653520,396057710,404190,346769,57421,:Task.execute,2569287,2569317,0,9,2352,,:2352,:Task.execute
395654179,395654475,296,0,296,:Cache.getCacheData,2569287,2569317,1,0,2353,2352,:2352:2353,--:Cache.getCacheData
395654715,395690590,35875,0,35875,:Frame.H2D.submit_with_staging,2569287,2569317,1,0,2354,2352,:2352:2354,--:Frame.H2D.submit_with_staging
395673855,395674076,221,0,221,:Cache.publish_release,2569287,2569318,2,0,2355,2329,:2317:2329:2355,----:Cache.publish_release
395690715,395693947,3232,0,3232,:Cel.kernels.submit,2569287,2569317,1,0,2356,2352,:2352:2356,--:Cel.kernels.submit
395694094,395696518,2424,0,2424,:Cel.D2H.submit,2569287,2569317,1,0,2357,2352,:2352:2357,--:Cel.D2H.submit
395696636,395699236,2600,0,2600,:Sdd.kernels.submit,2569287,2569317,1,0,2358,2352,:2352:2358,--:Sdd.kernels.submit
395699358,395701900,2542,0,2542,:Sdd.D2H.submit,2569287,2569317,1,0,2359,2352,:2352:2359,--:Sdd.D2H.submit
395702005,395705109,3104,0,3104,:Mi.kernels.submit,2569287,2569317,1,0,2360,2352,:2352:2360,--:Mi.kernels.submit
395705231,395707803,2572,0,2572,:Mi.D2H.submit,2569287,2569317,1,0,2361,2352,:2352:2361,--:Mi.D2H.submit
395707905,396002029,294124,293201,923,:Cache.freeCacheData,2569287,2569317,1,2,2362,2352,:2352:2362,--:Cache.freeCacheData
395708010,396000945,292935,0,292935,:Cache.stream_sync,2569287,2569317,2,0,2363,2362,:2352:2362:2363,----:Cache.stream_sync
395725369,395725872,503,0,503,:Cache.publish_release,2569287,2569315,2,0,2364,2337,:2320:2337:2364,----:Cache.publish_release
395726189,396128083,401894,349954,51940,:Task.execute,2569287,2569318,0,9,2365,,:2365,:Task.execute
395727000,395727333,333,0,333,:Cache.getCacheData,2569287,2569318,1,0,2366,2365,:2365:2366,--:Cache.getCacheData
395727413,395787910,60497,0,60497,:Frame.H2D.submit_with_staging,2569287,2569318,1,0,2367,2365,:2365:2367,--:Frame.H2D.submit_with_staging
395788028,395791830,3802,0,3802,:Cel.kernels.submit,2569287,2569318,1,0,2368,2365,:2365:2368,--:Cel.kernels.submit
395792029,395794886,2857,0,2857,:Cel.D2H.submit,2569287,2569318,1,0,2369,2365,:2365:2369,--:Cel.D2H.submit
395792189,396218838,426649,372995,53654,:Task.execute,2569287,2569315,0,9,2370,,:2370,:Task.execute
395792896,395793212,316,0,316,:Cache.getCacheData,2569287,2569315,1,0,2371,2370,:2370:2371,--:Cache.getCacheData
395793288,395838106,44818,0,44818,:Frame.H2D.submit_with_staging,2569287,2569315,1,0,2372,2370,:2370:2372,--:Frame.H2D.submit_with_staging
395794991,395797763,2772,0,2772,:Sdd.kernels.submit,2569287,2569318,1,0,2373,2365,:2365:2373,--:Sdd.kernels.submit
395797892,395800134,2242,0,2242,:Sdd.D2H.submit,2569287,2569318,1,0,2374,2365,:2365:2374,--:Sdd.D2H.submit
395800307,395803544,3237,0,3237,:Mi.kernels.submit,2569287,2569318,1,0,2375,2365,:2365:2375,--:Mi.kernels.submit
395803673,395805647,1974,0,1974,:Mi.D2H.submit,2569287,2569318,1,0,2376,2365,:2365:2376,--:Mi.D2H.submit
395805753,396077993,272240,271710,530,:Cache.freeCacheData,2569287,2569318,1,2,2377,2365,:2365:2377,--:Cache.freeCacheData
395806032,396077349,271317,0,271317,:Cache.stream_sync,2569287,2569318,2,0,2378,2377,:2365:2377:2378,----:Cache.stream_sync
395838274,395842123,3849,0,3849,:Cel.kernels.submit,2569287,2569315,1,0,2379,2370,:2370:2379,--:Cel.kernels.submit
395842283,395845069,2786,0,2786,:Cel.D2H.submit,2569287,2569315,1,0,2380,2370,:2370:2380,--:Cel.D2H.submit
395845203,395852110,6907,0,6907,:Sdd.kernels.submit,2569287,2569315,1,0,2381,2370,:2370:2381,--:Sdd.kernels.submit
395852292,395854981,2689,0,2689,:Sdd.D2H.submit,2569287,2569315,1,0,2382,2370,:2370:2382,--:Sdd.D2H.submit
395855187,395858942,3755,0,3755,:Mi.kernels.submit,2569287,2569315,1,0,2383,2370,:2370:2383,--:Mi.kernels.submit
395859107,395861411,2304,0,2304,:Mi.D2H.submit,2569287,2569315,1,0,2384,2370,:2370:2384,--:Mi.D2H.submit
395861530,396167101,305571,305165,406,:Cache.freeCacheData,2569287,2569315,1,2,2385,2370,:2370:2385,--:Cache.freeCacheData
395861655,396166623,304968,0,304968,:Cache.stream_sync,2569287,2569315,2,0,2386,2385,:2370:2385:2386,----:Cache.stream_sync
395919258,395919458,200,0,200,:Cache.publish_release,2569287,2569316,2,0,2387,2350,:2340:2350:2387,----:Cache.publish_release
395957298,396348253,390955,353675,37280,:Task.execute,2569287,2569316,0,9,2388,,:2388,:Task.execute
395957946,395958298,352,0,352,:Cache.getCacheData,2569287,2569316,1,0,2389,2388,:2388:2389,--:Cache.getCacheData
395958403,395989619,31216,0,31216,:Frame.H2D.submit_with_staging,2569287,2569316,1,0,2390,2388,:2388:2390,--:Frame.H2D.submit_with_staging
395989769,395993171,3402,0,3402,:Cel.kernels.submit,2569287,2569316,1,0,2391,2388,:2388:2391,--:Cel.kernels.submit
395993302,395995793,2491,0,2491,:Cel.D2H.submit,2569287,2569316,1,0,2392,2388,:2388:2392,--:Cel.D2H.submit
395995983,395998840,2857,0,2857,:Sdd.kernels.submit,2569287,2569316,1,0,2393,2388,:2388:2393,--:Sdd.kernels.submit
395999012,396001266,2254,0,2254,:Sdd.D2H.submit,2569287,2569316,1,0,2394,2388,:2388:2394,--:Sdd.D2H.submit
396001034,396001300,266,0,266,:Cache.publish_release,2569287,2569317,2,0,2395,2362,:2352:2362:2395,----:Cache.publish_release
396001516,396004782,3266,0,3266,:Mi.kernels.submit,2569287,2569316,1,0,2396,2388,:2388:2396,--:Mi.kernels.submit
396005233,396007493,2260,0,2260,:Mi.D2H.submit,2569287,2569316,1,0,2397,2388,:2388:2397,--:Mi.D2H.submit
396007589,396313166,305577,305194,383,:Cache.freeCacheData,2569287,2569316,1,2,2398,2388,:2388:2398,--:Cache.freeCacheData
396007702,396312705,305003,0,305003,:Cache.stream_sync,2569287,2569316,2,0,2399,2398,:2388:2398:2399,----:Cache.stream_sync
396058045,396448863,390818,334436,56382,:Task.execute,2569287,2569317,0,9,2400,,:2400,:Task.execute
396058568,396058797,229,0,229,:Cache.getCacheData,2569287,2569317,1,0,2401,2400,:2400:2401,--:Cache.getCacheData
396058875,396095232,36357,0,36357,:Frame.H2D.submit_with_staging,2569287,2569317,1,0,2402,2400,:2400:2402,--:Frame.H2D.submit_with_staging
396077462,396077855,393,0,393,:Cache.publish_release,2569287,2569318,2,0,2403,2377,:2365:2377:2403,----:Cache.publish_release
396095517,396098682,3165,0,3165,:Cel.kernels.submit,2569287,2569317,1,0,2404,2400,:2400:2404,--:Cel.kernels.submit
396098814,396101494,2680,0,2680,:Cel.D2H.submit,2569287,2569317,1,0,2405,2400,:2400:2405,--:Cel.D2H.submit
396101813,396104550,2737,0,2737,:Sdd.kernels.submit,2569287,2569317,1,0,2406,2400,:2400:2406,--:Sdd.kernels.submit
396104672,396107237,2565,0,2565,:Sdd.D2H.submit,2569287,2569317,1,0,2407,2400,:2400:2407,--:Sdd.D2H.submit
396107336,396109872,2536,0,2536,:Mi.kernels.submit,2569287,2569317,1,0,2408,2400,:2400:2408,--:Mi.kernels.submit
396110000,396112248,2248,0,2248,:Mi.D2H.submit,2569287,2569317,1,0,2409,2400,:2400:2409,--:Mi.D2H.submit
396112356,396394275,281919,281571,348,:Cache.freeCacheData,2569287,2569317,1,2,2410,2400,:2400:2410,--:Cache.freeCacheData
396112456,396393480,281024,0,281024,:Cache.stream_sync,2569287,2569317,2,0,2411,2410,:2400:2410:2411,----:Cache.stream_sync
396128439,396502916,374477,319351,55126,:Task.execute,2569287,2569318,0,9,2412,,:2412,:Task.execute
396129256,396129468,212,0,212,:Cache.getCacheData,2569287,2569318,1,0,2413,2412,:2412:2413,--:Cache.getCacheData
396129550,396169943,40393,0,40393,:Frame.H2D.submit_with_staging,2569287,2569318,1,0,2414,2412,:2412:2414,--:Frame.H2D.submit_with_staging
396166754,396166951,197,0,197,:Cache.publish_release,2569287,2569315,2,0,2415,2385,:2370:2385:2415,----:Cache.publish_release
396170116,396173730,3614,0,3614,:Cel.kernels.submit,2569287,2569318,1,0,2416,2412,:2412:2416,--:Cel.kernels.submit
396173858,396176198,2340,0,2340,:Cel.D2H.submit,2569287,2569318,1,0,2417,2412,:2412:2417,--:Cel.D2H.submit
396176592,396179552,2960,0,2960,:Sdd.kernels.submit,2569287,2569318,1,0,2418,2412,:2412:2418,--:Sdd.kernels.submit
396179688,396182045,2357,0,2357,:Sdd.D2H.submit,2569287,2569318,1,0,2419,2412,:2412:2419,--:Sdd.D2H.submit
396182149,396185072,2923,0,2923,:Mi.kernels.submit,2569287,2569318,1,0,2420,2412,:2412:2420,--:Mi.kernels.submit
396185198,396187140,1942,0,1942,:Mi.D2H.submit,2569287,2569318,1,0,2421,2412,:2412:2421,--:Mi.D2H.submit
396187258,396449868,262610,262063,547,:Cache.freeCacheData,2569287,2569318,1,2,2422,2412,:2412:2422,--:Cache.freeCacheData
396187486,396449195,261709,0,261709,:Cache.stream_sync,2569287,2569318,2,0,2423,2422,:2412:2422:2423,----:Cache.stream_sync
396219226,396616966,397740,342778,54962,:Task.execute,2569287,2569315,0,9,2424,,:2424,:Task.execute
396219898,396220144,246,0,246,:Cache.getCacheData,2569287,2569315,1,0,2425,2424,:2424:2425,--:Cache.getCacheData
396220224,396255048,34824,0,34824,:Frame.H2D.submit_with_staging,2569287,2569315,1,0,2426,2424,:2424:2426,--:Frame.H2D.submit_with_staging
396255162,396258536,3374,0,3374,:Cel.kernels.submit,2569287,2569315,1,0,2427,2424,:2424:2427,--:Cel.kernels.submit
396258664,396261017,2353,0,2353,:Cel.D2H.submit,2569287,2569315,1,0,2428,2424,:2424:2428,--:Cel.D2H.submit
396261276,396264294,3018,0,3018,:Sdd.kernels.submit,2569287,2569315,1,0,2429,2424,:2424:2429,--:Sdd.kernels.submit
396264476,396266627,2151,0,2151,:Sdd.D2H.submit,2569287,2569315,1,0,2430,2424,:2424:2430,--:Sdd.D2H.submit
396266753,396269487,2734,0,2734,:Mi.kernels.submit,2569287,2569315,1,0,2431,2424,:2424:2431,--:Mi.kernels.submit
396269611,396271739,2128,0,2128,:Mi.D2H.submit,2569287,2569315,1,0,2432,2424,:2424:2432,--:Mi.D2H.submit
396271860,396563810,291950,291590,360,:Cache.freeCacheData,2569287,2569315,1,2,2433,2424,:2424:2433,--:Cache.freeCacheData
396271961,396563187,291226,0,291226,:Cache.stream_sync,2569287,2569315,2,0,2434,2433,:2424:2433:2434,----:Cache.stream_sync
396312801,396312992,191,0,191,:Cache.publish_release,2569287,2569316,2,0,2435,2398,:2388:2398:2435,----:Cache.publish_release
396348867,396729460,380593,337668,42925,:Task.execute,2569287,2569316,0,9,2436,,:2436,:Task.execute
396349603,396349817,214,0,214,:Cache.getCacheData,2569287,2569316,1,0,2437,2436,:2436:2437,--:Cache.getCacheData
396349893,396382997,33104,0,33104,:Frame.H2D.submit_with_staging,2569287,2569316,1,0,2438,2436,:2436:2438,--:Frame.H2D.submit_with_staging
396383112,396386435,3323,0,3323,:Cel.kernels.submit,2569287,2569316,1,0,2439,2436,:2436:2439,--:Cel.kernels.submit
396386561,396389257,2696,0,2696,:Cel.D2H.submit,2569287,2569316,1,0,2440,2436,:2436:2440,--:Cel.D2H.submit
396389437,396392209,2772,0,2772,:Sdd.kernels.submit,2569287,2569316,1,0,2441,2436,:2436:2441,--:Sdd.kernels.submit
396392437,396394580,2143,0,2143,:Sdd.D2H.submit,2569287,2569316,1,0,2442,2436,:2436:2442,--:Sdd.D2H.submit
396393566,396394113,547,0,547,:Cache.publish_release,2569287,2569317,2,0,2443,2410,:2400:2410:2443,----:Cache.publish_release
396394683,396397688,3005,0,3005,:Mi.kernels.submit,2569287,2569316,1,0,2444,2436,:2436:2444,--:Mi.kernels.submit
396397822,396400152,2330,0,2330,:Mi.D2H.submit,2569287,2569316,1,0,2445,2436,:2436:2445,--:Mi.D2H.submit
396400285,396688366,288081,287552,529,:Cache.freeCacheData,2569287,2569316,1,2,2446,2436,:2436:2446,--:Cache.freeCacheData
396400400,396687546,287146,0,287146,:Cache.stream_sync,2569287,2569316,2,0,2447,2446,:2436:2446:2447,----:Cache.stream_sync
396449230,396850243,401013,359259,41754,:Task.execute,2569287,2569317,0,9,2448,,:2448,:Task.execute
396449448,396449802,354,0,354,:Cache.publish_release,2569287,2569318,2,0,2449,2422,:2412:2422:2449,----:Cache.publish_release
396449961,396450524,563,0,563,:Cache.getCacheData,2569287,2569317,1,0,2450,2448,:2448:2450,--:Cache.getCacheData
396450690,396501414,50724,0,50724,:Frame.H2D.submit_with_staging,2569287,2569317,1,0,2451,2448,:2448:2451,--:Frame.H2D.submit_with_staging
396501594,396505712,4118,0,4118,:Cel.kernels.submit,2569287,2569317,1,0,2452,2448,:2448:2452,--:Cel.kernels.submit
396503203,396906891,403688,345639,58049,:Task.execute,2569287,2569318,0,9,2453,,:2453,:Task.execute
396503863,396504181,318,0,318,:Cache.getCacheData,2569287,2569318,1,0,2454,2453,:2453:2454,--:Cache.getCacheData
396504331,396557969,53638,0,53638,:Frame.H2D.submit_with_staging,2569287,2569318,1,0,2455,2453,:2453:2455,--:Frame.H2D.submit_with_staging
396505864,396509344,3480,0,3480,:Cel.D2H.submit,2569287,2569317,1,0,2456,2448,:2448:2456,--:Cel.D2H.submit
396509619,396512810,3191,0,3191,:Sdd.kernels.submit,2569287,2569317,1,0,2457,2448,:2448:2457,--:Sdd.kernels.submit
396512951,396515447,2496,0,2496,:Sdd.D2H.submit,2569287,2569317,1,0,2458,2448,:2448:2458,--:Sdd.D2H.submit
396515566,396518435,2869,0,2869,:Mi.kernels.submit,2569287,2569317,1,0,2459,2448,:2448:2459,--:Mi.kernels.submit
396518577,396521221,2644,0,2644,:Mi.D2H.submit,2569287,2569317,1,0,2460,2448,:2448:2460,--:Mi.D2H.submit
396521365,396810539,289174,288587,587,:Cache.freeCacheData,2569287,2569317,1,2,2461,2448,:2448:2461,--:Cache.freeCacheData
396521796,396809944,288148,0,288148,:Cache.stream_sync,2569287,2569317,2,0,2462,2461,:2448:2461:2462,----:Cache.stream_sync
396558193,396562431,4238,0,4238,:Cel.kernels.submit,2569287,2569318,1,0,2463,2453,:2453:2463,--:Cel.kernels.submit
396562610,396565431,2821,0,2821,:Cel.D2H.submit,2569287,2569318,1,0,2464,2453,:2453:2464,--:Cel.D2H.submit
396563295,396563659,364,0,364,:Cache.publish_release,2569287,2569315,2,0,2465,2433,:2424:2433:2465,----:Cache.publish_release
396565680,396568886,3206,0,3206,:Sdd.kernels.submit,2569287,2569318,1,0,2466,2453,:2453:2466,--:Sdd.kernels.submit
396569058,396571857,2799,0,2799,:Sdd.D2H.submit,2569287,2569318,1,0,2467,2453,:2453:2467,--:Sdd.D2H.submit
396572035,396575392,3357,0,3357,:Mi.kernels.submit,2569287,2569318,1,0,2468,2453,:2453:2468,--:Mi.kernels.submit
396575524,396577730,2206,0,2206,:Mi.D2H.submit,2569287,2569318,1,0,2469,2453,:2453:2469,--:Mi.D2H.submit
396577994,396851050,273056,272359,697,:Cache.freeCacheData,2569287,2569318,1,2,2470,2453,:2453:2470,--:Cache.freeCacheData
396578097,396850081,271984,0,271984,:Cache.stream_sync,2569287,2569318,2,0,2471,2470,:2453:2470:2471,----:Cache.stream_sync
396617252,396979931,362679,287753,74926,:Task.execute,2569287,2569315,0,9,2472,,:2472,:Task.execute
396617950,396618257,307,0,307,:Cache.getCacheData,2569287,2569315,1,0,2473,2472,:2472:2473,--:Cache.getCacheData
396618440,396649464,31024,0,31024,:Frame.H2D.submit_with_staging,2569287,2569315,1,0,2474,2472,:2472:2474,--:Frame.H2D.submit_with_staging
396649615,396653513,3898,0,3898,:Cel.kernels.submit,2569287,2569315,1,0,2475,2472,:2472:2475,--:Cel.kernels.submit
396653616,396655988,2372,0,2372,:Cel.D2H.submit,2569287,2569315,1,0,2476,2472,:2472:2476,--:Cel.D2H.submit
396656229,396659096,2867,0,2867,:Sdd.kernels.submit,2569287,2569315,1,0,2477,2472,:2472:2477,--:Sdd.kernels.submit
396659218,396661617,2399,0,2399,:Sdd.D2H.submit,2569287,2569315,1,0,2478,2472,:2472:2478,--:Sdd.D2H.submit
396662113,396664858,2745,0,2745,:Mi.kernels.submit,2569287,2569315,1,0,2479,2472,:2472:2479,--:Mi.kernels.submit
396665113,396667472,2359,0,2359,:Mi.D2H.submit,2569287,2569315,1,0,2480,2472,:2472:2480,--:Mi.D2H.submit
396667688,396907470,239782,239105,677,:Cache.freeCacheData,2569287,2569315,1,2,2481,2472,:2472:2481,--:Cache.freeCacheData
396667974,396906848,238874,0,238874,:Cache.stream_sync,2569287,2569315,2,0,2482,2481,:2472:2481:2482,----:Cache.stream_sync
396687757,396688163,406,0,406,:Cache.publish_release,2569287,2569316,2,0,2483,2446,:2436:2446:2483,----:Cache.publish_release
396729778,397106572,376794,332195,44599,:Task.execute,2569287,2569316,0,9,2484,,:2484,:Task.execute
396730468,396730894,426,0,426,:Cache.getCacheData,2569287,2569316,1,0,2485,2484,:2484:2485,--:Cache.getCacheData
396731037,396759322,28285,0,28285,:Frame.H2D.submit_with_staging,2569287,2569316,1,0,2486,2484,:2484:2486,--:Frame.H2D.submit_with_staging
396759498,396763082,3584,0,3584,:Cel.kernels.submit,2569287,2569316,1,0,2487,2484,:2484:2487,--:Cel.kernels.submit
396763191,396765665,2474,0,2474,:Cel.D2H.submit,2569287,2569316,1,0,2488,2484,:2484:2488,--:Cel.D2H.submit
396765852,396768681,2829,0,2829,:Sdd.kernels.submit,2569287,2569316,1,0,2489,2484,:2484:2489,--:Sdd.kernels.submit
396768883,396771352,2469,0,2469,:Sdd.D2H.submit,2569287,2569316,1,0,2490,2484,:2484:2490,--:Sdd.D2H.submit
396771573,396774586,3013,0,3013,:Mi.kernels.submit,2569287,2569316,1,0,2491,2484,:2484:2491,--:Mi.kernels.submit
396774787,396776995,2208,0,2208,:Mi.D2H.submit,2569287,2569316,1,0,2492,2484,:2484:2492,--:Mi.D2H.submit
396777228,397064135,286907,286514,393,:Cache.freeCacheData,2569287,2569316,1,2,2493,2484,:2484:2493,--:Cache.freeCacheData
396777433,397063770,286337,0,286337,:Cache.stream_sync,2569287,2569316,2,0,2494,2493,:2484:2493:2494,----:Cache.stream_sync
396810031,396810470,439,0,439,:Cache.publish_release,2569287,2569317,2,0,2495,2461,:2448:2461:2495,----:Cache.publish_release
396850240,396850615,375,0,375,:Cache.publish_release,2569287,2569318,2,0,2496,2470,:2453:2470:2496,----:Cache.publish_release
396850670,397232243,381573,343083,38490,:Task.execute,2569287,2569317,0,9,2497,,:2497,:Task.execute
396851386,396852084,698,0,698,:Cache.getCacheData,2569287,2569317,1,0,2498,2497,:2497:2498,--:Cache.getCacheData
396852228,396899338,47110,0,47110,:Frame.H2D.submit_with_staging,2569287,2569317,1,0,2499,2497,:2497:2499,--:Frame.H2D.submit_with_staging
396899527,396902725,3198,0,3198,:Cel.kernels.submit,2569287,2569317,1,0,2500,2497,:2497:2500,--:Cel.kernels.submit
396902849,396907980,5131,0,5131,:Cel.D2H.submit,2569287,2569317,1,0,2501,2497,:2497:2501,--:Cel.D2H.submit
396907022,396907253,231,0,231,:Cache.publish_release,2569287,2569315,2,0,2502,2481,:2472:2481:2502,----:Cache.publish_release
396907440,397301351,393911,340587,53324,:Task.execute,2569287,2569318,0,9,2503,,:2503,:Task.execute
396908126,396911270,3144,0,3144,:Sdd.kernels.submit,2569287,2569317,1,0,2504,2497,:2497:2504,--:Sdd.kernels.submit
396908453,396908902,449,0,449,:Cache.getCacheData,2569287,2569318,1,0,2505,2503,:2503:2505,--:Cache.getCacheData
396908997,396971594,62597,0,62597,:Frame.H2D.submit_with_staging,2569287,2569318,1,0,2506,2503,:2503:2506,--:Frame.H2D.submit_with_staging
396911429,396913852,2423,0,2423,:Sdd.D2H.submit,2569287,2569317,1,0,2507,2497,:2497:2507,--:Sdd.D2H.submit
396914321,396917383,3062,0,3062,:Mi.kernels.submit,2569287,2569317,1,0,2508,2497,:2497:2508,--:Mi.kernels.submit
396917513,396919657,2144,0,2144,:Mi.D2H.submit,2569287,2569317,1,0,2509,2497,:2497:2509,--:Mi.D2H.submit
396919761,397195934,276173,275890,283,:Cache.freeCacheData,2569287,2569317,1,2,2510,2497,:2497:2510,--:Cache.freeCacheData
396919889,397195586,275697,0,275697,:Cache.stream_sync,2569287,2569317,2,0,2511,2510,:2497:2510:2511,----:Cache.stream_sync
396971726,396975525,3799,0,3799,:Cel.kernels.submit,2569287,2569318,1,0,2512,2503,:2503:2512,--:Cel.kernels.submit
396975672,396978285,2613,0,2613,:Cel.D2H.submit,2569287,2569318,1,0,2513,2503,:2503:2513,--:Cel.D2H.submit
396978414,396982221,3807,0,3807,:Sdd.kernels.submit,2569287,2569318,1,0,2514,2503,:2503:2514,--:Sdd.kernels.submit
396980252,397371237,390985,320400,70585,:Task.execute,2569287,2569315,0,9,2515,,:2515,:Task.execute
396980883,396981129,246,0,246,:Cache.getCacheData,2569287,2569315,1,0,2516,2515,:2515:2516,--:Cache.getCacheData
396981203,397026493,45290,0,45290,:Frame.H2D.submit_with_staging,2569287,2569315,1,0,2517,2515,:2515:2517,--:Frame.H2D.submit_with_staging
396982435,396984881,2446,0,2446,:Sdd.D2H.submit,2569287,2569318,1,0,2518,2503,:2503:2518,--:Sdd.D2H.submit
396985433,396994560,9127,0,9127,:Mi.kernels.submit,2569287,2569318,1,0,2519,2503,:2503:2519,--:Mi.kernels.submit
396994715,396997096,2381,0,2381,:Mi.D2H.submit,2569287,2569318,1,0,2520,2503,:2503:2520,--:Mi.D2H.submit
396997272,397250640,253368,252550,818,:Cache.freeCacheData,2569287,2569318,1,2,2521,2503,:2503:2521,--:Cache.freeCacheData
396997920,397250152,252232,0,252232,:Cache.stream_sync,2569287,2569318,2,0,2522,2521,:2503:2521:2522,----:Cache.stream_sync
397026608,397030006,3398,0,3398,:Cel.kernels.submit,2569287,2569315,1,0,2523,2515,:2515:2523,--:Cel.kernels.submit
397030128,397032312,2184,0,2184,:Cel.D2H.submit,2569287,2569315,1,0,2524,2515,:2515:2524,--:Cel.D2H.submit
397032415,397035290,2875,0,2875,:Sdd.kernels.submit,2569287,2569315,1,0,2525,2515,:2515:2525,--:Sdd.kernels.submit
397035603,397038020,2417,0,2417,:Sdd.D2H.submit,2569287,2569315,1,0,2526,2515,:2515:2526,--:Sdd.D2H.submit
397038124,397041408,3284,0,3284,:Mi.kernels.submit,2569287,2569315,1,0,2527,2515,:2515:2527,--:Mi.kernels.submit
397041536,397043721,2185,0,2185,:Mi.D2H.submit,2569287,2569315,1,0,2528,2515,:2515:2528,--:Mi.D2H.submit
397043826,397302347,258521,258241,280,:Cache.freeCacheData,2569287,2569315,1,2,2529,2515,:2515:2529,--:Cache.freeCacheData
397043927,397301981,258054,0,258054,:Cache.stream_sync,2569287,2569315,2,0,2530,2529,:2515:2529:2530,----:Cache.stream_sync
397063876,397064053,177,0,177,:Cache.publish_release,2569287,2569316,2,0,2531,2493,:2484:2493:2531,----:Cache.publish_release
397107355,397488282,380927,326598,54329,:Task.execute,2569287,2569316,0,9,2532,,:2532,:Task.execute
397107996,397108577,581,0,581,:Cache.getCacheData,2569287,2569316,1,0,2533,2532,:2532:2533,--:Cache.getCacheData
397108753,397141378,32625,0,32625,:Frame.H2D.submit_with_staging,2569287,2569316,1,0,2534,2532,:2532:2534,--:Frame.H2D.submit_with_staging
397141843,397145145,3302,0,3302,:Cel.kernels.submit,2569287,2569316,1,0,2535,2532,:2532:2535,--:Cel.kernels.submit
397145273,397147938,2665,0,2665,:Cel.D2H.submit,2569287,2569316,1,0,2536,2532,:2532:2536,--:Cel.D2H.submit
397148041,397150914,2873,0,2873,:Sdd.kernels.submit,2569287,2569316,1,0,2537,2532,:2532:2537,--:Sdd.kernels.submit
397151149,397153427,2278,0,2278,:Sdd.D2H.submit,2569287,2569316,1,0,2538,2532,:2532:2538,--:Sdd.D2H.submit
397153610,397156741,3131,0,3131,:Mi.kernels.submit,2569287,2569316,1,0,2539,2532,:2532:2539,--:Mi.kernels.submit
397156991,397159308,2317,0,2317,:Mi.D2H.submit,2569287,2569316,1,0,2540,2532,:2532:2540,--:Mi.D2H.submit
397159411,397436237,276826,276533,293,:Cache.freeCacheData,2569287,2569316,1,2,2541,2532,:2532:2541,--:Cache.freeCacheData
397159542,397435831,276289,0,276289,:Cache.stream_sync,2569287,2569316,2,0,2542,2541,:2532:2541:2542,----:Cache.stream_sync
397195668,397195861,193,0,193,:Cache.publish_release,2569287,2569317,2,0,2543,2510,:2497:2510:2543,----:Cache.publish_release
397232643,397680316,447673,399347,48326,:Task.execute,2569287,2569317,0,9,2544,,:2544,:Task.execute
397233332,397233582,250,0,250,:Cache.getCacheData,2569287,2569317,1,0,2545,2544,:2544:2545,--:Cache.getCacheData
397233664,397272334,38670,0,38670,:Frame.H2D.submit_with_staging,2569287,2569317,1,0,2546,2544,:2544:2546,--:Frame.H2D.submit_with_staging
397250258,397250576,318,0,318,:Cache.publish_release,2569287,2569318,2,0,2547,2521,:2503:2521:2547,----:Cache.publish_release
397272447,397275594,3147,0,3147,:Cel.kernels.submit,2569287,2569317,1,0,2548,2544,:2544:2548,--:Cel.kernels.submit
397275766,397280504,4738,0,4738,:Cel.D2H.submit,2569287,2569317,1,0,2549,2544,:2544:2549,--:Cel.D2H.submit
397280725,397283505,2780,0,2780,:Sdd.kernels.submit,2569287,2569317,1,0,2550,2544,:2544:2550,--:Sdd.kernels.submit
397283634,397285753,2119,0,2119,:Sdd.D2H.submit,2569287,2569317,1,0,2551,2544,:2544:2551,--:Sdd.D2H.submit
397285856,397288397,2541,0,2541,:Mi.kernels.submit,2569287,2569317,1,0,2552,2544,:2544:2552,--:Mi.kernels.submit
397288501,397290572,2071,0,2071,:Mi.D2H.submit,2569287,2569317,1,0,2553,2544,:2544:2553,--:Mi.D2H.submit
397290675,397633706,343031,342733,298,:Cache.freeCacheData,2569287,2569317,1,2,2554,2544,:2544:2554,--:Cache.freeCacheData
397290817,397633293,342476,0,342476,:Cache.stream_sync,2569287,2569317,2,0,2555,2554,:2544:2554:2555,----:Cache.stream_sync
397301649,397713453,411804,348854,62950,:Task.execute,2569287,2569318,0,9,2556,,:2556,:Task.execute
397302091,397302278,187,0,187,:Cache.publish_release,2569287,2569315,2,0,2557,2529,:2515:2529:2557,----:Cache.publish_release
397303255,397303546,291,0,291,:Cache.getCacheData,2569287,2569318,1,0,2558,2556,:2556:2558,--:Cache.getCacheData
397303627,397366604,62977,0,62977,:Frame.H2D.submit_with_staging,2569287,2569318,1,0,2559,2556,:2556:2559,--:Frame.H2D.submit_with_staging
397366713,397370340,3627,0,3627,:Cel.kernels.submit,2569287,2569318,1,0,2560,2556,:2556:2560,--:Cel.kernels.submit
397371504,397823108,451604,391734,59870,:Task.execute,2569287,2569315,0,9,2561,,:2561,:Task.execute
397372240,397372514,274,0,274,:Cache.getCacheData,2569287,2569315,1,0,2562,2561,:2561:2562,--:Cache.getCacheData
397372720,397418332,45612,0,45612,:Frame.H2D.submit_with_staging,2569287,2569315,1,0,2563,2561,:2561:2563,--:Frame.H2D.submit_with_staging
397373421,397376600,3179,0,3179,:Cel.D2H.submit,2569287,2569318,1,0,2564,2556,:2556:2564,--:Cel.D2H.submit
397376823,397380333,3510,0,3510,:Sdd.kernels.submit,2569287,2569318,1,0,2565,2556,:2556:2565,--:Sdd.kernels.submit
397380619,397382911,2292,0,2292,:Sdd.D2H.submit,2569287,2569318,1,0,2566,2556,:2556:2566,--:Sdd.D2H.submit
397383018,397385793,2775,0,2775,:Mi.kernels.submit,2569287,2569318,1,0,2567,2556,:2556:2567,--:Mi.kernels.submit
397385917,397387934,2017,0,2017,:Mi.D2H.submit,2569287,2569318,1,0,2568,2556,:2556:2568,--:Mi.D2H.submit
397388055,397656241,268186,267599,587,:Cache.freeCacheData,2569287,2569318,1,2,2569,2556,:2556:2569,--:Cache.freeCacheData
397388290,397655477,267187,0,267187,:Cache.stream_sync,2569287,2569318,2,0,2570,2569,:2556:2569:2570,----:Cache.stream_sync
397418486,397421886,3400,0,3400,:Cel.kernels.submit,2569287,2569315,1,0,2571,2561,:2561:2571,--:Cel.kernels.submit
397422006,397426529,4523,0,4523,:Cel.D2H.submit,2569287,2569315,1,0,2572,2561,:2561:2572,--:Cel.D2H.submit
397426899,397429765,2866,0,2866,:Sdd.kernels.submit,2569287,2569315,1,0,2573,2561,:2561:2573,--:Sdd.kernels.submit
397429998,397432173,2175,0,2175,:Sdd.D2H.submit,2569287,2569315,1,0,2574,2561,:2561:2574,--:Sdd.D2H.submit
397432280,397434991,2711,0,2711,:Mi.kernels.submit,2569287,2569315,1,0,2575,2561,:2561:2575,--:Mi.kernels.submit
397435097,397437174,2077,0,2077,:Mi.D2H.submit,2569287,2569315,1,0,2576,2561,:2561:2576,--:Mi.D2H.submit
397435920,397436164,244,0,244,:Cache.publish_release,2569287,2569316,2,0,2577,2541,:2532:2541:2577,----:Cache.publish_release
397437294,397765390,328096,327641,455,:Cache.freeCacheData,2569287,2569315,1,2,2578,2561,:2561:2578,--:Cache.freeCacheData
397437410,397764332,326922,0,326922,:Cache.stream_sync,2569287,2569315,2,0,2579,2578,:2561:2578:2579,----:Cache.stream_sync
397488598,397878446,389848,314797,75051,:Task.execute,2569287,2569316,0,9,2580,,:2580,:Task.execute
397489366,397489602,236,0,236,:Cache.getCacheData,2569287,2569316,1,0,2581,2580,:2580:2581,--:Cache.getCacheData
397489682,397516944,27262,0,27262,:Frame.H2D.submit_with_staging,2569287,2569316,1,0,2582,2580,:2580:2582,--:Frame.H2D.submit_with_staging
397517065,397520323,3258,0,3258,:Cel.kernels.submit,2569287,2569316,1,0,2583,2580,:2580:2583,--:Cel.kernels.submit
397520474,397525020,4546,0,4546,:Cel.D2H.submit,2569287,2569316,1,0,2584,2580,:2580:2584,--:Cel.D2H.submit
397525234,397528090,2856,0,2856,:Sdd.kernels.submit,2569287,2569316,1,0,2585,2580,:2580:2585,--:Sdd.kernels.submit
397528283,397530481,2198,0,2198,:Sdd.D2H.submit,2569287,2569316,1,0,2586,2580,:2580:2586,--:Sdd.D2H.submit
397530671,397533306,2635,0,2635,:Mi.kernels.submit,2569287,2569316,1,0,2587,2580,:2580:2587,--:Mi.kernels.submit
397533412,397535579,2167,0,2167,:Mi.D2H.submit,2569287,2569316,1,0,2588,2580,:2580:2588,--:Mi.D2H.submit
397535680,397805319,269639,268995,644,:Cache.freeCacheData,2569287,2569316,1,2,2589,2580,:2580:2589,--:Cache.freeCacheData
397535780,397804354,268574,0,268574,:Cache.stream_sync,2569287,2569316,2,0,2590,2589,:2580:2589:2590,----:Cache.stream_sync
397633381,397633638,257,0,257,:Cache.publish_release,2569287,2569317,2,0,2591,2554,:2544:2554:2591,----:Cache.publish_release
397655684,397656096,412,0,412,:Cache.publish_release,2569287,2569318,2,0,2592,2569,:2556:2569:2592,----:Cache.publish_release
397680642,398053462,372820,331175,41645,:Task.execute,2569287,2569317,0,9,2593,,:2593,:Task.execute
397681321,397681649,328,0,328,:Cache.getCacheData,2569287,2569317,1,0,2594,2593,:2593:2594,--:Cache.getCacheData
397681796,397729026,47230,0,47230,:Frame.H2D.submit_with_staging,2569287,2569317,1,0,2595,2593,:2593:2595,--:Frame.H2D.submit_with_staging
397713721,398189909,476188,425091,51097,:Task.execute,2569287,2569318,0,9,2596,,:2596,:Task.execute
397714516,397714918,402,0,402,:Cache.getCacheData,2569287,2569318,1,0,2597,2596,:2596:2597,--:Cache.getCacheData
397715088,397754166,39078,0,39078,:Frame.H2D.submit_with_staging,2569287,2569318,1,0,2598,2596,:2596:2598,--:Frame.H2D.submit_with_staging
397729230,397732917,3687,0,3687,:Cel.kernels.submit,2569287,2569317,1,0,2599,2593,:2593:2599,--:Cel.kernels.submit
397733042,397735544,2502,0,2502,:Cel.D2H.submit,2569287,2569317,1,0,2600,2593,:2593:2600,--:Cel.D2H.submit
397735807,397738389,2582,0,2582,:Sdd.kernels.submit,2569287,2569317,1,0,2601,2593,:2593:2601,--:Sdd.kernels.submit
397738514,397740605,2091,0,2091,:Sdd.D2H.submit,2569287,2569317,1,0,2602,2593,:2593:2602,--:Sdd.D2H.submit
397740708,397743238,2530,0,2530,:Mi.kernels.submit,2569287,2569317,1,0,2603,2593,:2593:2603,--:Mi.kernels.submit
397743337,397745650,2313,0,2313,:Mi.D2H.submit,2569287,2569317,1,0,2604,2593,:2593:2604,--:Mi.D2H.submit
397745752,398013664,267912,267222,690,:Cache.freeCacheData,2569287,2569317,1,2,2605,2593,:2593:2605,--:Cache.freeCacheData
397746241,398013204,266963,0,266963,:Cache.stream_sync,2569287,2569317,2,0,2606,2605,:2593:2605:2606,----:Cache.stream_sync
397754340,397758781,4441,0,4441,:Cel.kernels.submit,2569287,2569318,1,0,2607,2596,:2596:2607,--:Cel.kernels.submit
397758923,397761779,2856,0,2856,:Cel.D2H.submit,2569287,2569318,1,0,2608,2596,:2596:2608,--:Cel.D2H.submit
397761993,397765271,3278,0,3278,:Sdd.kernels.submit,2569287,2569318,1,0,2609,2596,:2596:2609,--:Sdd.kernels.submit
397764486,397765205,719,0,719,:Cache.publish_release,2569287,2569315,2,0,2610,2578,:2561:2578:2610,----:Cache.publish_release
397765634,397767752,2118,0,2118,:Sdd.D2H.submit,2569287,2569318,1,0,2611,2596,:2596:2611,--:Sdd.D2H.submit
397768084,397771166,3082,0,3082,:Mi.kernels.submit,2569287,2569318,1,0,2612,2596,:2596:2612,--:Mi.kernels.submit
397771292,397774056,2764,0,2764,:Mi.D2H.submit,2569287,2569318,1,0,2613,2596,:2596:2613,--:Mi.D2H.submit
397774283,398141355,367072,366463,609,:Cache.freeCacheData,2569287,2569318,1,2,2614,2596,:2596:2614,--:Cache.freeCacheData
397774748,398140979,366231,0,366231,:Cache.stream_sync,2569287,2569318,2,0,2615,2614,:2596:2614:2615,----:Cache.stream_sync
397804517,397804938,421,0,421,:Cache.publish_release,2569287,2569316,2,0,2616,2589,:2580:2589:2616,----:Cache.publish_release
397823645,398236157,412512,336957,75555,:Task.execute,2569287,2569315,0,9,2617,,:2617,:Task.execute
397824181,397824492,311,0,311,:Cache.getCacheData,2569287,2569315,1,0,2618,2617,:2617:2618,--:Cache.getCacheData
397824852,397882620,57768,0,57768,:Frame.H2D.submit_with_staging,2569287,2569315,1,0,2619,2617,:2617:2619,--:Frame.H2D.submit_with_staging
397878702,398261248,382546,309268,73278,:Task.execute,2569287,2569316,0,9,2620,,:2620,:Task.execute
397879277,397879544,267,0,267,:Cache.getCacheData,2569287,2569316,1,0,2621,2620,:2620:2621,--:Cache.getCacheData
397879623,397921079,41456,0,41456,:Frame.H2D.submit_with_staging,2569287,2569316,1,0,2622,2620,:2620:2622,--:Frame.H2D.submit_with_staging
397882780,397886499,3719,0,3719,:Cel.kernels.submit,2569287,2569315,1,0,2623,2617,:2617:2623,--:Cel.kernels.submit
397886623,397889395,2772,0,2772,:Cel.D2H.submit,2569287,2569315,1,0,2624,2617,:2617:2624,--:Cel.D2H.submit
397889582,397892329,2747,0,2747,:Sdd.kernels.submit,2569287,2569315,1,0,2625,2617,:2617:2625,--:Sdd.kernels.submit
397892453,397894600,2147,0,2147,:Sdd.D2H.submit,2569287,2569315,1,0,2626,2617,:2617:2626,--:Sdd.D2H.submit
397894700,397897459,2759,0,2759,:Mi.kernels.submit,2569287,2569315,1,0,2627,2617,:2617:2627,--:Mi.kernels.submit
397897566,397899942,2376,0,2376,:Mi.D2H.submit,2569287,2569315,1,0,2628,2617,:2617:2628,--:Mi.D2H.submit
397900171,398162529,262358,261967,391,:Cache.freeCacheData,2569287,2569315,1,2,2629,2617,:2617:2629,--:Cache.freeCacheData
397900414,398162049,261635,0,261635,:Cache.stream_sync,2569287,2569315,2,0,2630,2629,:2617:2629:2630,----:Cache.stream_sync
397921197,397925040,3843,0,3843,:Cel.kernels.submit,2569287,2569316,1,0,2631,2620,:2620:2631,--:Cel.kernels.submit
397925139,397927847,2708,0,2708,:Cel.D2H.submit,2569287,2569316,1,0,2632,2620,:2620:2632,--:Cel.D2H.submit
397928408,397931482,3074,0,3074,:Sdd.kernels.submit,2569287,2569316,1,0,2633,2620,:2620:2633,--:Sdd.kernels.submit
397931607,397933783,2176,0,2176,:Sdd.D2H.submit,2569287,2569316,1,0,2634,2620,:2620:2634,--:Sdd.D2H.submit
397933976,397936744,2768,0,2768,:Mi.kernels.submit,2569287,2569316,1,0,2635,2620,:2620:2635,--:Mi.kernels.submit
397937103,397939234,2131,0,2131,:Mi.D2H.submit,2569287,2569316,1,0,2636,2620,:2620:2636,--:Mi.D2H.submit
397939409,398190254,250845,250325,520,:Cache.freeCacheData,2569287,2569316,1,2,2637,2620,:2620:2637,--:Cache.freeCacheData
397939713,398189512,249799,0,249799,:Cache.stream_sync,2569287,2569316,2,0,2638,2637,:2620:2637:2638,----:Cache.stream_sync
398013289,398013548,259,0,259,:Cache.publish_release,2569287,2569317,2,0,2639,2605,:2593:2605:2639,----:Cache.publish_release
398141058,398141290,232,0,232,:Cache.publish_release,2569287,2569318,2,0,2640,2614,:2596:2614:2640,----:Cache.publish_release
398162130,398162462,332,0,332,:Cache.publish_release,2569287,2569315,2,0,2641,2629,:2617:2629:2641,----:Cache.publish_release
398189618,398190144,526,0,526,:Cache.publish_release,2569287,2569316,2,0,2642,2637,:2620:2637:2642,----:Cache.publish_release
